ID,Categoria,Entidad,Compañía,Póliza,Partner,Gestor,Titulo,Descripcion,Tipo,Obligación,FechaInicio,FechaFin,FechaVencimiento,Prioridad,DiasAnticipacionAviso,Activo,Completado,FechaCompletado,FechaCreacion,FechaActualizacion
a6e9fd63,Cat0002,17439460,,,,,Pólizas Corredor 01/04/26,Renovar y enviar pólizas de corredor a la CMF,Obligación,812fde8d,1/4/2026,,1/4/2026,Alta,30,TRUE,FALSE,,10/4/2026 16:18:15,10/4/2026 16:18:15
432dc1e2,Cat0002,17439460,,,,,FECU 01/02/26,Solicitar FECU a las Compañías y enviar a la CMF,Obligación,b9f0045e,1/2/2026,,1/2/2026,Alta,30,TRUE,FALSE,,10/4/2026 16:18:15,10/4/2026 16:18:15
7efecae0,Cat0010,Prv0001,,,,,Impuestos 01/04/26,Declaración de Impuestos a la Renta,Obligación,bb67619e,1/4/2026,,1/4/2026,Alta,30,TRUE,FALSE,,10/4/2026 16:18:15,10/4/2026 16:18:15
1e0b8507,Cat0010,Prv0001,,,,,IVA 20/04/26,Declarar y pagar IVA mensual,Obligación,25263faa,20/4/2026,,20/4/2026,Alta,15,TRUE,FALSE,,10/4/2026 16:18:15,10/4/2026 16:18:15
2545fc50,Cat0006,,,,,,Revisar Prospectos 10/04/26,,Obligación,7075efec,10/4/2026,,10/4/2026,Baja,0,TRUE,FALSE,,10/4/2026 16:18:15,10/4/2026 16:18:15
3b01e4a1,Cat0002,17439460,,,,,Pólizas Corredor 01/04/26,Renovar y enviar pólizas de corredor a la CMF,Obligación,812fde8d,1/4/2026,,1/4/2026,Alta,30,TRUE,FALSE,,28/4/2026 8:00:18,28/4/2026 8:00:18
3f82f844,Cat0002,17439460,,,,,FECU 01/02/26,Solicitar FECU a las Compañías y enviar a la CMF,Obligación,b9f0045e,1/2/2026,,1/2/2026,Alta,30,TRUE,FALSE,,28/4/2026 8:00:18,28/4/2026 8:00:18
a607b2b1,Cat0010,Prv0001,,,,,Impuestos 01/04/26,Declaración de Impuestos a la Renta,Obligación,bb67619e,1/4/2026,,1/4/2026,Alta,30,TRUE,FALSE,,28/4/2026 8:00:18,28/4/2026 8:00:18
d24b4d9c,Cat0010,Prv0001,,,,,IVA 20/04/26,Declarar y pagar IVA mensual,Obligación,25263faa,20/4/2026,,20/4/2026,Alta,15,TRUE,FALSE,,28/4/2026 8:00:18,28/4/2026 8:00:18
33164c33,Cat0007,f9868661,,,,,Servicios Web 28/04/26,Pagar servicios de correos en google y de host,Obligación,1fd3cba0,28/4/2026,,28/4/2026,Media,5,TRUE,FALSE,,28/4/2026 8:00:18,28/4/2026 8:00:18
b80b2f4f,Cat0006,,,,,,Cobranza 29/04/26,Realizar cobranza,Obligación,985cf347,29/4/2026,,29/4/2026,Media,3,TRUE,FALSE,,28/4/2026 8:00:18,28/4/2026 8:00:18
faab6079,Cat0006,,,,,,Revisar Prospectos 28/04/26,,Obligación,7075efec,28/4/2026,,28/4/2026,Baja,0,TRUE,FALSE,,28/4/2026 8:00:18,28/4/2026 8:00:18
094630ee,Cat0002,17439460,,,,,Pólizas Corredor 01/04/26,Renovar y enviar pólizas de corredor a la CMF,Obligación,812fde8d,1/4/2026,,1/4/2026,Alta,30,TRUE,FALSE,,29/4/2026 8:00:04,29/4/2026 8:00:04
330d2ce6,Cat0002,17439460,,,,,FECU 01/02/26,Solicitar FECU a las Compañías y enviar a la CMF,Obligación,b9f0045e,1/2/2026,,1/2/2026,Alta,30,TRUE,FALSE,,29/4/2026 8:00:04,29/4/2026 8:00:04
912391cf,Cat0010,Prv0001,,,,,Impuestos 01/04/26,Declaración de Impuestos a la Renta,Obligación,bb67619e,1/4/2026,,1/4/2026,Alta,30,TRUE,FALSE,,29/4/2026 8:00:04,29/4/2026 8:00:04
3309a057,Cat0010,Prv0001,,,,,IVA 20/04/26,Declarar y pagar IVA mensual,Obligación,25263faa,20/4/2026,,20/4/2026,Alta,15,TRUE,FALSE,,29/4/2026 8:00:04,29/4/2026 8:00:04
8b565b73,Cat0007,f9868661,,,,,Servicios Web 28/04/26,Pagar servicios de correos en google y de host,Obligación,1fd3cba0,28/4/2026,,28/4/2026,Media,5,TRUE,FALSE,,29/4/2026 8:00:04,29/4/2026 8:00:04
e81140ff,Cat0006,,,,,,Cobranza 29/04/26,Realizar cobranza,Obligación,985cf347,29/4/2026,,29/4/2026,Media,3,TRUE,FALSE,,29/4/2026 8:00:04,29/4/2026 8:00:04
d4b81bda,Cat0006,,,,,,Revisar Prospectos 29/04/26,,Obligación,7075efec,29/4/2026,,29/4/2026,Baja,0,TRUE,FALSE,,29/4/2026 8:00:04,29/4/2026 8:00:04
b8c9d720,Cat0002,17439460,,,,,Pólizas Corredor 01/04/26,Renovar y enviar pólizas de corredor a la CMF,Obligación,812fde8d,1/4/2026,,1/4/2026,Alta,30,TRUE,FALSE,,30/4/2026 8:00:17,30/4/2026 8:00:17
73a58995,Cat0002,17439460,,,,,FECU 01/02/26,Solicitar FECU a las Compañías y enviar a la CMF,Obligación,b9f0045e,1/2/2026,,1/2/2026,Alta,30,TRUE,FALSE,,30/4/2026 8:00:17,30/4/2026 8:00:17
efaf9413,Cat0010,Prv0001,,,,,Impuestos 01/04/26,Declaración de Impuestos a la Renta,Obligación,bb67619e,1/4/2026,,1/4/2026,Alta,30,TRUE,FALSE,,30/4/2026 8:00:17,30/4/2026 8:00:17
26ffebea,Cat0010,Prv0001,,,,,IVA 20/04/26,Declarar y pagar IVA mensual,Obligación,25263faa,20/4/2026,,20/4/2026,Alta,15,TRUE,FALSE,,30/4/2026 8:00:17,30/4/2026 8:00:17
ffb7c84a,Cat0007,f9868661,,,,,Servicios Web 28/04/26,Pagar servicios de correos en google y de host,Obligación,1fd3cba0,28/4/2026,,28/4/2026,Media,5,TRUE,FALSE,,30/4/2026 8:00:17,30/4/2026 8:00:17
cbd902f9,Cat0006,,,,,,Revisar Prospectos 30/04/26,,Obligación,7075efec,30/4/2026,,30/4/2026,Baja,0,TRUE,FALSE,,30/4/2026 8:00:17,30/4/2026 8:00:17
abd5486f,Cat0002,17439460,,,,,Pólizas Corredor 01/04/26,Renovar y enviar pólizas de corredor a la CMF,Obligación,812fde8d,1/4/2026,,1/4/2026,Alta,30,TRUE,FALSE,,1/5/2026 8:00:16,1/5/2026 8:00:16
e7cc3600,Cat0002,17439460,,,,,FECU 01/02/26,Solicitar FECU a las Compañías y enviar a la CMF,Obligación,b9f0045e,1/2/2026,,1/2/2026,Alta,30,TRUE,FALSE,,1/5/2026 8:00:16,1/5/2026 8:00:16
f170ff4b,Cat0010,Prv0001,,,,,Impuestos 01/04/26,Declaración de Impuestos a la Renta,Obligación,bb67619e,1/4/2026,,1/4/2026,Alta,30,TRUE,FALSE,,1/5/2026 8:00:16,1/5/2026 8:00:16
2ddfc8ec,Cat0006,,,,,,Revisar Prospectos 01/05/26,,Obligación,7075efec,1/5/2026,,1/5/2026,Baja,0,TRUE,FALSE,,1/5/2026 8:00:16,1/5/2026 8:00:16
510c65ce,Cat0002,17439460,,,,,Pólizas Corredor 01/04/26,Renovar y enviar pólizas de corredor a la CMF,Obligación,812fde8d,1/4/2026,,1/4/2026,Alta,30,TRUE,FALSE,,2/5/2026 8:00:11,2/5/2026 8:00:11
2abfc8bb,Cat0002,17439460,,,,,FECU 01/02/26,Solicitar FECU a las Compañías y enviar a la CMF,Obligación,b9f0045e,1/2/2026,,1/2/2026,Alta,30,TRUE,FALSE,,2/5/2026 8:00:11,2/5/2026 8:00:11
afef4d4d,Cat0010,Prv0001,,,,,Impuestos 01/04/26,Declaración de Impuestos a la Renta,Obligación,bb67619e,1/4/2026,,1/4/2026,Alta,30,TRUE,FALSE,,2/5/2026 8:00:11,2/5/2026 8:00:11
3da1ea8c,Cat0006,,,,,,Revisar Prospectos 02/05/26,,Obligación,7075efec,2/5/2026,,2/5/2026,Baja,0,TRUE,FALSE,,2/5/2026 8:00:11,2/5/2026 8:00:11
03b98d50,Cat0002,17439460,,,,,Pólizas Corredor 01/04/26,Renovar y enviar pólizas de corredor a la CMF,Obligación,812fde8d,1/4/2026,,1/4/2026,Alta,30,TRUE,FALSE,,3/5/2026 8:00:11,3/5/2026 8:00:11
6bef6378,Cat0002,17439460,,,,,FECU 01/02/26,Solicitar FECU a las Compañías y enviar a la CMF,Obligación,b9f0045e,1/2/2026,,1/2/2026,Alta,30,TRUE,FALSE,,3/5/2026 8:00:11,3/5/2026 8:00:11
394b780c,Cat0010,Prv0001,,,,,Impuestos 01/04/26,Declaración de Impuestos a la Renta,Obligación,bb67619e,1/4/2026,,1/4/2026,Alta,30,TRUE,FALSE,,3/5/2026 8:00:11,3/5/2026 8:00:11
3c8ee9a1,Cat0006,,,,,,Cobranza 06/05/26,Realizar cobranza,Obligación,985cf347,6/5/2026,,6/5/2026,Media,3,TRUE,FALSE,,3/5/2026 8:00:11,3/5/2026 8:00:11
a0f96ddd,Cat0006,,,,,,Revisar Prospectos 03/05/26,,Obligación,7075efec,3/5/2026,,3/5/2026,Baja,0,TRUE,FALSE,,3/5/2026 8:00:11,3/5/2026 8:00:11
05fd9ce3,Cat0002,17439460,,,,,Pólizas Corredor 01/04/26,Renovar y enviar pólizas de corredor a la CMF,Obligación,812fde8d,1/4/2026,,1/4/2026,Alta,30,TRUE,FALSE,,4/5/2026 8:00:16,4/5/2026 8:00:16
e50d4a7c,Cat0002,17439460,,,,,FECU 01/02/26,Solicitar FECU a las Compañías y enviar a la CMF,Obligación,b9f0045e,1/2/2026,,1/2/2026,Alta,30,TRUE,FALSE,,4/5/2026 8:00:16,4/5/2026 8:00:16
fc6710b5,Cat0010,Prv0001,,,,,Impuestos 01/04/26,Declaración de Impuestos a la Renta,Obligación,bb67619e,1/4/2026,,1/4/2026,Alta,30,TRUE,FALSE,,4/5/2026 8:00:16,4/5/2026 8:00:16
23c2de5d,Cat0006,,,,,,Cobranza 06/05/26,Realizar cobranza,Obligación,985cf347,6/5/2026,,6/5/2026,Media,3,TRUE,FALSE,,4/5/2026 8:00:16,4/5/2026 8:00:16
4bfe38fd,Cat0006,,,,,,Revisar Prospectos 04/05/26,,Obligación,7075efec,4/5/2026,,4/5/2026,Baja,0,TRUE,FALSE,,4/5/2026 8:00:16,4/5/2026 8:00:16
e692709f,Cat0002,17439460,,,,,Pólizas Corredor 01/04/26,Renovar y enviar pólizas de corredor a la CMF,Obligación,812fde8d,1/4/2026,,1/4/2026,Alta,30,TRUE,FALSE,,5/5/2026 8:00:13,5/5/2026 8:00:13
b8bc5c74,Cat0002,17439460,,,,,FECU 01/02/26,Solicitar FECU a las Compañías y enviar a la CMF,Obligación,b9f0045e,1/2/2026,,1/2/2026,Alta,30,TRUE,FALSE,,5/5/2026 8:00:14,5/5/2026 8:00:14
53266535,Cat0010,Prv0001,,,,,Impuestos 01/04/26,Declaración de Impuestos a la Renta,Obligación,bb67619e,1/4/2026,,1/4/2026,Alta,30,TRUE,FALSE,,5/5/2026 8:00:14,5/5/2026 8:00:14
8c237c65,Cat0010,Prv0001,,,,,IVA 20/05/26,Declarar y pagar IVA mensual,Obligación,25263faa,20/5/2026,,20/5/2026,Alta,15,TRUE,FALSE,,5/5/2026 8:00:14,5/5/2026 8:00:14
c1a927e1,Cat0006,,,,,,Cobranza 06/05/26,Realizar cobranza,Obligación,985cf347,6/5/2026,,6/5/2026,Media,3,TRUE,FALSE,,5/5/2026 8:00:14,5/5/2026 8:00:14
92f2458c,Cat0006,,,,,,Revisar Prospectos 05/05/26,,Obligación,7075efec,5/5/2026,,5/5/2026,Baja,0,TRUE,FALSE,,5/5/2026 8:00:14,5/5/2026 8:00:14
0b8e591b,Cat0002,17439460,,,,,Pólizas Corredor 01/04/26,Renovar y enviar pólizas de corredor a la CMF,Obligación,812fde8d,1/4/2026,,1/4/2026,Alta,30,TRUE,FALSE,,6/5/2026 8:00:08,6/5/2026 8:00:08
4b4bf2ea,Cat0002,17439460,,,,,FECU 01/02/26,Solicitar FECU a las Compañías y enviar a la CMF,Obligación,b9f0045e,1/2/2026,,1/2/2026,Alta,30,TRUE,FALSE,,6/5/2026 8:00:09,6/5/2026 8:00:09
a2b6763e,Cat0010,Prv0001,,,,,Impuestos 01/04/26,Declaración de Impuestos a la Renta,Obligación,bb67619e,1/4/2026,,1/4/2026,Alta,30,TRUE,FALSE,,6/5/2026 8:00:09,6/5/2026 8:00:09
f5828b81,Cat0010,Prv0001,,,,,IVA 20/05/26,Declarar y pagar IVA mensual,Obligación,25263faa,20/5/2026,,20/5/2026,Alta,15,TRUE,FALSE,,6/5/2026 8:00:09,6/5/2026 8:00:09
e2e048ee,Cat0006,,,,,,Cobranza 06/05/26,Realizar cobranza,Obligación,985cf347,6/5/2026,,6/5/2026,Media,3,TRUE,FALSE,,6/5/2026 8:00:09,6/5/2026 8:00:09
54b4be26,Cat0006,,,,,,Revisar Prospectos 06/05/26,,Obligación,7075efec,6/5/2026,,6/5/2026,Baja,0,TRUE,FALSE,,6/5/2026 8:00:09,6/5/2026 8:00:09
a2e81f51,Cat0002,17439460,,,,,Pólizas Corredor 01/04/26,Renovar y enviar pólizas de corredor a la CMF,Obligación,812fde8d,1/4/2026,,1/4/2026,Alta,30,TRUE,FALSE,,7/5/2026 8:00:05,7/5/2026 8:00:05
66385521,Cat0002,17439460,,,,,FECU 01/02/26,Solicitar FECU a las Compañías y enviar a la CMF,Obligación,b9f0045e,1/2/2026,,1/2/2026,Alta,30,TRUE,FALSE,,7/5/2026 8:00:05,7/5/2026 8:00:05
40f4d167,Cat0010,Prv0001,,,,,Impuestos 01/04/26,Declaración de Impuestos a la Renta,Obligación,bb67619e,1/4/2026,,1/4/2026,Alta,30,TRUE,FALSE,,7/5/2026 8:00:05,7/5/2026 8:00:05
94b89ca3,Cat0010,Prv0001,,,,,IVA 20/05/26,Declarar y pagar IVA mensual,Obligación,25263faa,20/5/2026,,20/5/2026,Alta,15,TRUE,FALSE,,7/5/2026 8:00:05,7/5/2026 8:00:05
940aab2c,Cat0006,,,,,,Revisar Prospectos 07/05/26,,Obligación,7075efec,7/5/2026,,7/5/2026,Baja,0,TRUE,FALSE,,7/5/2026 8:00:05,7/5/2026 8:00:05
aeab49e7,Cat0002,17439460,,,,,Pólizas Corredor 01/04/26,Renovar y enviar pólizas de corredor a la CMF,Obligación,812fde8d,1/4/2026,,1/4/2026,Alta,30,TRUE,FALSE,,8/5/2026 8:00:08,8/5/2026 8:00:08
2e6c9fa2,Cat0002,17439460,,,,,FECU 01/02/26,Solicitar FECU a las Compañías y enviar a la CMF,Obligación,b9f0045e,1/2/2026,,1/2/2026,Alta,30,TRUE,FALSE,,8/5/2026 8:00:08,8/5/2026 8:00:08
76c6b918,Cat0010,Prv0001,,,,,Impuestos 01/04/26,Declaración de Impuestos a la Renta,Obligación,bb67619e,1/4/2026,,1/4/2026,Alta,30,TRUE,FALSE,,8/5/2026 8:00:08,8/5/2026 8:00:08
b5cc99c1,Cat0010,Prv0001,,,,,IVA 20/05/26,Declarar y pagar IVA mensual,Obligación,25263faa,20/5/2026,,20/5/2026,Alta,15,TRUE,FALSE,,8/5/2026 8:00:08,8/5/2026 8:00:08
10412ebe,Cat0006,,,,,,Revisar Prospectos 08/05/26,,Obligación,7075efec,8/5/2026,,8/5/2026,Baja,0,TRUE,FALSE,,8/5/2026 8:00:08,8/5/2026 8:00:08
d1023f12,Cat0002,17439460,,,,,Pólizas Corredor 01/04/26,Renovar y enviar pólizas de corredor a la CMF,Obligación,812fde8d,1/4/2026,,1/4/2026,Alta,30,TRUE,FALSE,,9/5/2026 8:00:03,9/5/2026 8:00:03
07420f27,Cat0002,17439460,,,,,FECU 01/02/26,Solicitar FECU a las Compañías y enviar a la CMF,Obligación,b9f0045e,1/2/2026,,1/2/2026,Alta,30,TRUE,FALSE,,9/5/2026 8:00:03,9/5/2026 8:00:03
daa6a33c,Cat0010,Prv0001,,,,,Impuestos 01/04/26,Declaración de Impuestos a la Renta,Obligación,bb67619e,1/4/2026,,1/4/2026,Alta,30,TRUE,FALSE,,9/5/2026 8:00:03,9/5/2026 8:00:03
ca005713,Cat0010,Prv0001,,,,,IVA 20/05/26,Declarar y pagar IVA mensual,Obligación,25263faa,20/5/2026,,20/5/2026,Alta,15,TRUE,FALSE,,9/5/2026 8:00:03,9/5/2026 8:00:03
c42c15f2,Cat0006,,,,,,Revisar Prospectos 09/05/26,,Obligación,7075efec,9/5/2026,,9/5/2026,Baja,0,TRUE,FALSE,,9/5/2026 8:00:03,9/5/2026 8:00:03
71709b61,Cat0002,17439460,,,,,Pólizas Corredor 01/04/26,Renovar y enviar pólizas de corredor a la CMF,Obligación,812fde8d,1/4/2026,,1/4/2026,Alta,30,TRUE,FALSE,,10/5/2026 8:00:07,10/5/2026 8:00:07
718b77c5,Cat0002,17439460,,,,,FECU 01/02/26,Solicitar FECU a las Compañías y enviar a la CMF,Obligación,b9f0045e,1/2/2026,,1/2/2026,Alta,30,TRUE,FALSE,,10/5/2026 8:00:07,10/5/2026 8:00:07
e60fec52,Cat0010,Prv0001,,,,,Impuestos 01/04/26,Declaración de Impuestos a la Renta,Obligación,bb67619e,1/4/2026,,1/4/2026,Alta,30,TRUE,FALSE,,10/5/2026 8:00:07,10/5/2026 8:00:07
afc6f4c5,Cat0010,Prv0001,,,,,IVA 20/05/26,Declarar y pagar IVA mensual,Obligación,25263faa,20/5/2026,,20/5/2026,Alta,15,TRUE,FALSE,,10/5/2026 8:00:07,10/5/2026 8:00:07
c20a5642,Cat0006,,,,,,Cobranza 13/05/26,Realizar cobranza,Obligación,985cf347,13/5/2026,,13/5/2026,Media,3,TRUE,FALSE,,10/5/2026 8:00:07,10/5/2026 8:00:07
c48572c4,Cat0006,,,,,,Revisar Prospectos 10/05/26,,Obligación,7075efec,10/5/2026,,10/5/2026,Baja,0,TRUE,FALSE,,10/5/2026 8:00:07,10/5/2026 8:00:07
8c4159ec,Cat0002,17439460,,,,,Pólizas Corredor 01/04/26,Renovar y enviar pólizas de corredor a la CMF,Obligación,812fde8d,1/4/2026,,1/4/2026,Alta,30,TRUE,FALSE,,11/5/2026 8:00:08,11/5/2026 8:00:08
a11e0f04,Cat0002,17439460,,,,,FECU 01/02/26,Solicitar FECU a las Compañías y enviar a la CMF,Obligación,b9f0045e,1/2/2026,,1/2/2026,Alta,30,TRUE,FALSE,,11/5/2026 8:00:08,11/5/2026 8:00:08
220c292e,Cat0010,Prv0001,,,,,Impuestos 01/04/26,Declaración de Impuestos a la Renta,Obligación,bb67619e,1/4/2026,,1/4/2026,Alta,30,TRUE,FALSE,,11/5/2026 8:00:08,11/5/2026 8:00:08
53230f14,Cat0010,Prv0001,,,,,IVA 20/05/26,Declarar y pagar IVA mensual,Obligación,25263faa,20/5/2026,,20/5/2026,Alta,15,TRUE,FALSE,,11/5/2026 8:00:08,11/5/2026 8:00:08
2bd58fef,Cat0006,,,,,,Cobranza 13/05/26,Realizar cobranza,Obligación,985cf347,13/5/2026,,13/5/2026,Media,3,TRUE,FALSE,,11/5/2026 8:00:08,11/5/2026 8:00:08
f144684d,Cat0006,,,,,,Revisar Prospectos 11/05/26,,Obligación,7075efec,11/5/2026,,11/5/2026,Baja,0,TRUE,FALSE,,11/5/2026 8:00:08,11/5/2026 8:00:08
36d43b1b,Cat0002,17439460,,,,,Pólizas Corredor 01/04/26,Renovar y enviar pólizas de corredor a la CMF,Obligación,812fde8d,1/4/2026,,1/4/2026,Alta,30,TRUE,FALSE,,12/5/2026 8:00:07,12/5/2026 8:00:07
8aa0325e,Cat0002,17439460,,,,,FECU 01/02/26,Solicitar FECU a las Compañías y enviar a la CMF,Obligación,b9f0045e,1/2/2026,,1/2/2026,Alta,30,TRUE,FALSE,,12/5/2026 8:00:07,12/5/2026 8:00:07
1ffa4cb9,Cat0010,Prv0001,,,,,Impuestos 01/04/26,Declaración de Impuestos a la Renta,Obligación,bb67619e,1/4/2026,,1/4/2026,Alta,30,TRUE,FALSE,,12/5/2026 8:00:07,12/5/2026 8:00:07
c75b21bd,Cat0010,Prv0001,,,,,IVA 20/05/26,Declarar y pagar IVA mensual,Obligación,25263faa,20/5/2026,,20/5/2026,Alta,15,TRUE,FALSE,,12/5/2026 8:00:07,12/5/2026 8:00:07
ec1406db,Cat0006,,,,,,Cobranza 13/05/26,Realizar cobranza,Obligación,985cf347,13/5/2026,,13/5/2026,Media,3,TRUE,FALSE,,12/5/2026 8:00:07,12/5/2026 8:00:07
38b80cac,Cat0006,,,,,,Revisar Prospectos 12/05/26,,Obligación,7075efec,12/5/2026,,12/5/2026,Baja,0,TRUE,FALSE,,12/5/2026 8:00:07,12/5/2026 8:00:07
deeb4deb,Cat0002,17439460,,,,,Pólizas Corredor 01/04/26,Renovar y enviar pólizas de corredor a la CMF,Obligación,812fde8d,1/4/2026,,1/4/2026,Alta,30,TRUE,FALSE,,13/5/2026 8:00:10,13/5/2026 8:00:10
1cc11176,Cat0002,17439460,,,,,FECU 01/02/26,Solicitar FECU a las Compañías y enviar a la CMF,Obligación,b9f0045e,1/2/2026,,1/2/2026,Alta,30,TRUE,FALSE,,13/5/2026 8:00:10,13/5/2026 8:00:10
9c5a3b67,Cat0010,Prv0001,,,,,Impuestos 01/04/26,Declaración de Impuestos a la Renta,Obligación,bb67619e,1/4/2026,,1/4/2026,Alta,30,TRUE,FALSE,,13/5/2026 8:00:10,13/5/2026 8:00:10
52ce3774,Cat0010,Prv0001,,,,,IVA 20/05/26,Declarar y pagar IVA mensual,Obligación,25263faa,20/5/2026,,20/5/2026,Alta,15,TRUE,FALSE,,13/5/2026 8:00:10,13/5/2026 8:00:10
e77ac311,Cat0006,,,,,,Cobranza 13/05/26,Realizar cobranza,Obligación,985cf347,13/5/2026,,13/5/2026,Media,3,TRUE,FALSE,,13/5/2026 8:00:10,13/5/2026 8:00:10
f6efaad0,Cat0006,,,,,,Revisar Prospectos 13/05/26,,Obligación,7075efec,13/5/2026,,13/5/2026,Baja,0,TRUE,FALSE,,13/5/2026 8:00:10,13/5/2026 8:00:10
b8fbb6b4,Cat0002,17439460,,,,,Pólizas Corredor 01/04/26,Renovar y enviar pólizas de corredor a la CMF,Obligación,812fde8d,1/4/2026,,1/4/2026,Alta,30,TRUE,FALSE,,14/5/2026 8:00:07,14/5/2026 8:00:07
a21183d1,Cat0002,17439460,,,,,FECU 01/02/26,Solicitar FECU a las Compañías y enviar a la CMF,Obligación,b9f0045e,1/2/2026,,1/2/2026,Alta,30,TRUE,FALSE,,14/5/2026 8:00:07,14/5/2026 8:00:07
fdfd285f,Cat0010,Prv0001,,,,,Impuestos 01/04/26,Declaración de Impuestos a la Renta,Obligación,bb67619e,1/4/2026,,1/4/2026,Alta,30,TRUE,FALSE,,14/5/2026 8:00:07,14/5/2026 8:00:07
b0aa91a3,Cat0010,Prv0001,,,,,IVA 20/05/26,Declarar y pagar IVA mensual,Obligación,25263faa,20/5/2026,,20/5/2026,Alta,15,TRUE,FALSE,,14/5/2026 8:00:07,14/5/2026 8:00:07
b0e3fff2,Cat0006,,,,,,Revisar Prospectos 14/05/26,,Obligación,7075efec,14/5/2026,,14/5/2026,Baja,0,TRUE,FALSE,,14/5/2026 8:00:07,14/5/2026 8:00:07
,,,,,,,,,,,,,,,,FALSE,FALSE,,,
,,,,,,,,,,,,,,,,FALSE,FALSE,,,
,,,,,,,,,,,,,,,,FALSE,FALSE,,,
,,,,,,,,,,,,,,,,FALSE,FALSE,,,
,,,,,,,,,,,,,,,,FALSE,FALSE,,,
,,,,,,,,,,,,,,,,FALSE,FALSE,,,
,,,,,,,,,,,,,,,,FALSE,FALSE,,,
,,,,,,,,,,,,,,,,FALSE,FALSE,,,
,,,,,,,,,,,,,,,,FALSE,FALSE,,,
,,,,,,,,,,,,,,,,FALSE,FALSE,,,
,,,,,,,,,,,,,,,,FALSE,FALSE,,,
,,,,,,,,,,,,,,,,FALSE,FALSE,,,
,,,,,,,,,,,,,,,,FALSE,FALSE,,,
,,,,,,,,,,,,,,,,FALSE,FALSE,,,
,,,,,,,,,,,,,,,,FALSE,FALSE,,,
,,,,,,,,,,,,,,,,FALSE,FALSE,,,
,,,,,,,,,,,,,,,,FALSE,FALSE,,,
,,,,,,,,,,,,,,,,FALSE,FALSE,,,
,,,,,,,,,,,,,,,,FALSE,FALSE,,,
,,,,,,,,,,,,,,,,FALSE,FALSE,,,
,,,,,,,,,,,,,,,,FALSE,FALSE,,,
,,,,,,,,,,,,,,,,FALSE,FALSE,,,
,,,,,,,,,,,,,,,,FALSE,FALSE,,,
,,,,,,,,,,,,,,,,FALSE,FALSE,,,
,,,,,,,,,,,,,,,,FALSE,FALSE,,,
,,,,,,,,,,,,,,,,FALSE,FALSE,,,
,,,,,,,,,,,,,,,,FALSE,FALSE,,,
,,,,,,,,,,,,,,,,FALSE,FALSE,,,
,,,,,,,,,,,,,,,,FALSE,FALSE,,,
,,,,,,,,,,,,,,,,FALSE,FALSE,,,
,,,,,,,,,,,,,,,,FALSE,FALSE,,,
,,,,,,,,,,,,,,,,FALSE,FALSE,,,
,,,,,,,,,,,,,,,,FALSE,FALSE,,,
,,,,,,,,,,,,,,,,FALSE,FALSE,,,
,,,,,,,,,,,,,,,,FALSE,FALSE,,,
,,,,,,,,,,,,,,,,FALSE,FALSE,,,
,,,,,,,,,,,,,,,,FALSE,FALSE,,,
,,,,,,,,,,,,,,,,FALSE,FALSE,,,
,,,,,,,,,,,,,,,,FALSE,FALSE,,,
,,,,,,,,,,,,,,,,FALSE,FALSE,,,
,,,,,,,,,,,,,,,,FALSE,FALSE,,,
,,,,,,,,,,,,,,,,FALSE,FALSE,,,
,,,,,,,,,,,,,,,,FALSE,FALSE,,,
,,,,,,,,,,,,,,,,FALSE,FALSE,,,
,,,,,,,,,,,,,,,,FALSE,FALSE,,,
,,,,,,,,,,,,,,,,FALSE,FALSE,,,
,,,,,,,,,,,,,,,,FALSE,FALSE,,,
,,,,,,,,,,,,,,,,FALSE,FALSE,,,
,,,,,,,,,,,,,,,,FALSE,FALSE,,,
,,,,,,,,,,,,,,,,FALSE,FALSE,,,
,,,,,,,,,,,,,,,,FALSE,FALSE,,,
,,,,,,,,,,,,,,,,FALSE,FALSE,,,
,,,,,,,,,,,,,,,,FALSE,FALSE,,,
,,,,,,,,,,,,,,,,FALSE,FALSE,,,
,,,,,,,,,,,,,,,,FALSE,FALSE,,,
,,,,,,,,,,,,,,,,FALSE,FALSE,,,
,,,,,,,,,,,,,,,,FALSE,FALSE,,,
,,,,,,,,,,,,,,,,FALSE,FALSE,,,
,,,,,,,,,,,,,,,,FALSE,FALSE,,,
,,,,,,,,,,,,,,,,FALSE,FALSE,,,
,,,,,,,,,,,,,,,,FALSE,FALSE,,,
,,,,,,,,,,,,,,,,FALSE,FALSE,,,
,,,,,,,,,,,,,,,,FALSE,FALSE,,,
,,,,,,,,,,,,,,,,FALSE,FALSE,,,
,,,,,,,,,,,,,,,,FALSE,FALSE,,,
,,,,,,,,,,,,,,,,FALSE,FALSE,,,
,,,,,,,,,,,,,,,,FALSE,FALSE,,,
,,,,,,,,,,,,,,,,FALSE,FALSE,,,
,,,,,,,,,,,,,,,,FALSE,FALSE,,,
,,,,,,,,,,,,,,,,FALSE,FALSE,,,
,,,,,,,,,,,,,,,,FALSE,FALSE,,,
,,,,,,,,,,,,,,,,FALSE,FALSE,,,
,,,,,,,,,,,,,,,,FALSE,FALSE,,,
,,,,,,,,,,,,,,,,FALSE,FALSE,,,
,,,,,,,,,,,,,,,,FALSE,FALSE,,,
,,,,,,,,,,,,,,,,FALSE,FALSE,,,
,,,,,,,,,,,,,,,,FALSE,FALSE,,,
,,,,,,,,,,,,,,,,FALSE,FALSE,,,
,,,,,,,,,,,,,,,,FALSE,FALSE,,,
,,,,,,,,,,,,,,,,FALSE,FALSE,,,
,,,,,,,,,,,,,,,,FALSE,FALSE,,,
,,,,,,,,,,,,,,,,FALSE,FALSE,,,
,,,,,,,,,,,,,,,,FALSE,FALSE,,,
,,,,,,,,,,,,,,,,FALSE,FALSE,,,
,,,,,,,,,,,,,,,,FALSE,FALSE,,,
,,,,,,,,,,,,,,,,FALSE,FALSE,,,
,,,,,,,,,,,,,,,,FALSE,FALSE,,,
,,,,,,,,,,,,,,,,FALSE,FALSE,,,
,,,,,,,,,,,,,,,,FALSE,FALSE,,,
,,,,,,,,,,,,,,,,FALSE,FALSE,,,
,,,,,,,,,,,,,,,,FALSE,FALSE,,,
,,,,,,,,,,,,,,,,FALSE,FALSE,,,
,,,,,,,,,,,,,,,,FALSE,FALSE,,,
,,,,,,,,,,,,,,,,FALSE,FALSE,,,
,,,,,,,,,,,,,,,,FALSE,FALSE,,,
,,,,,,,,,,,,,,,,FALSE,FALSE,,,
,,,,,,,,,,,,,,,,FALSE,FALSE,,,
,,,,,,,,,,,,,,,,FALSE,FALSE,,,
,,,,,,,,,,,,,,,,FALSE,FALSE,,,
,,,,,,,,,,,,,,,,FALSE,FALSE,,,
,,,,,,,,,,,,,,,,FALSE,FALSE,,,
,,,,,,,,,,,,,,,,FALSE,FALSE,,,
,,,,,,,,,,,,,,,,FALSE,FALSE,,,
,,,,,,,,,,,,,,,,FALSE,FALSE,,,
,,,,,,,,,,,,,,,,FALSE,FALSE,,,
,,,,,,,,,,,,,,,,FALSE,FALSE,,,
,,,,,,,,,,,,,,,,FALSE,FALSE,,,
,,,,,,,,,,,,,,,,FALSE,FALSE,,,
,,,,,,,,,,,,,,,,FALSE,FALSE,,,
,,,,,,,,,,,,,,,,FALSE,FALSE,,,
,,,,,,,,,,,,,,,,FALSE,FALSE,,,
,,,,,,,,,,,,,,,,FALSE,FALSE,,,
,,,,,,,,,,,,,,,,FALSE,FALSE,,,
,,,,,,,,,,,,,,,,FALSE,FALSE,,,
,,,,,,,,,,,,,,,,FALSE,FALSE,,,
,,,,,,,,,,,,,,,,FALSE,FALSE,,,
,,,,,,,,,,,,,,,,FALSE,FALSE,,,
,,,,,,,,,,,,,,,,FALSE,FALSE,,,
,,,,,,,,,,,,,,,,FALSE,FALSE,,,
,,,,,,,,,,,,,,,,FALSE,FALSE,,,
,,,,,,,,,,,,,,,,FALSE,FALSE,,,
,,,,,,,,,,,,,,,,FALSE,FALSE,,,
,,,,,,,,,,,,,,,,FALSE,FALSE,,,
,,,,,,,,,,,,,,,,FALSE,FALSE,,,
,,,,,,,,,,,,,,,,FALSE,FALSE,,,
,,,,,,,,,,,,,,,,FALSE,FALSE,,,
,,,,,,,,,,,,,,,,FALSE,FALSE,,,
,,,,,,,,,,,,,,,,FALSE,FALSE,,,
,,,,,,,,,,,,,,,,FALSE,FALSE,,,
,,,,,,,,,,,,,,,,FALSE,FALSE,,,
,,,,,,,,,,,,,,,,FALSE,FALSE,,,
,,,,,,,,,,,,,,,,FALSE,FALSE,,,
,,,,,,,,,,,,,,,,FALSE,FALSE,,,
,,,,,,,,,,,,,,,,FALSE,FALSE,,,
,,,,,,,,,,,,,,,,FALSE,FALSE,,,
,,,,,,,,,,,,,,,,FALSE,FALSE,,,
,,,,,,,,,,,,,,,,FALSE,FALSE,,,
,,,,,,,,,,,,,,,,FALSE,FALSE,,,
,,,,,,,,,,,,,,,,FALSE,FALSE,,,
,,,,,,,,,,,,,,,,FALSE,FALSE,,,
,,,,,,,,,,,,,,,,FALSE,FALSE,,,
,,,,,,,,,,,,,,,,FALSE,FALSE,,,
,,,,,,,,,,,,,,,,FALSE,FALSE,,,
,,,,,,,,,,,,,,,,FALSE,FALSE,,,
,,,,,,,,,,,,,,,,FALSE,FALSE,,,
,,,,,,,,,,,,,,,,FALSE,FALSE,,,
,,,,,,,,,,,,,,,,FALSE,FALSE,,,
,,,,,,,,,,,,,,,,FALSE,FALSE,,,
,,,,,,,,,,,,,,,,FALSE,FALSE,,,
,,,,,,,,,,,,,,,,FALSE,FALSE,,,
,,,,,,,,,,,,,,,,FALSE,FALSE,,,
,,,,,,,,,,,,,,,,FALSE,FALSE,,,
,,,,,,,,,,,,,,,,FALSE,FALSE,,,
,,,,,,,,,,,,,,,,FALSE,FALSE,,,
,,,,,,,,,,,,,,,,FALSE,FALSE,,,
,,,,,,,,,,,,,,,,FALSE,FALSE,,,
,,,,,,,,,,,,,,,,FALSE,FALSE,,,
,,,,,,,,,,,,,,,,FALSE,FALSE,,,
,,,,,,,,,,,,,,,,FALSE,FALSE,,,
,,,,,,,,,,,,,,,,FALSE,FALSE,,,
,,,,,,,,,,,,,,,,FALSE,FALSE,,,
,,,,,,,,,,,,,,,,FALSE,FALSE,,,
,,,,,,,,,,,,,,,,FALSE,FALSE,,,
,,,,,,,,,,,,,,,,FALSE,FALSE,,,
,,,,,,,,,,,,,,,,FALSE,FALSE,,,
,,,,,,,,,,,,,,,,FALSE,FALSE,,,
,,,,,,,,,,,,,,,,FALSE,FALSE,,,
,,,,,,,,,,,,,,,,FALSE,FALSE,,,
,,,,,,,,,,,,,,,,FALSE,FALSE,,,
,,,,,,,,,,,,,,,,FALSE,FALSE,,,
,,,,,,,,,,,,,,,,FALSE,FALSE,,,
,,,,,,,,,,,,,,,,FALSE,FALSE,,,
,,,,,,,,,,,,,,,,FALSE,FALSE,,,
,,,,,,,,,,,,,,,,FALSE,FALSE,,,
,,,,,,,,,,,,,,,,FALSE,FALSE,,,
,,,,,,,,,,,,,,,,FALSE,FALSE,,,
,,,,,,,,,,,,,,,,FALSE,FALSE,,,
,,,,,,,,,,,,,,,,FALSE,FALSE,,,
,,,,,,,,,,,,,,,,FALSE,FALSE,,,
,,,,,,,,,,,,,,,,FALSE,FALSE,,,
,,,,,,,,,,,,,,,,FALSE,FALSE,,,
,,,,,,,,,,,,,,,,FALSE,FALSE,,,
,,,,,,,,,,,,,,,,FALSE,FALSE,,,
,,,,,,,,,,,,,,,,FALSE,FALSE,,,
,,,,,,,,,,,,,,,,FALSE,FALSE,,,
,,,,,,,,,,,,,,,,FALSE,FALSE,,,
,,,,,,,,,,,,,,,,FALSE,FALSE,,,
,,,,,,,,,,,,,,,,FALSE,FALSE,,,
,,,,,,,,,,,,,,,,FALSE,FALSE,,,
,,,,,,,,,,,,,,,,FALSE,FALSE,,,
,,,,,,,,,,,,,,,,FALSE,FALSE,,,
,,,,,,,,,,,,,,,,FALSE,FALSE,,,
,,,,,,,,,,,,,,,,FALSE,FALSE,,,
,,,,,,,,,,,,,,,,FALSE,FALSE,,,
,,,,,,,,,,,,,,,,FALSE,FALSE,,,
,,,,,,,,,,,,,,,,FALSE,FALSE,,,
,,,,,,,,,,,,,,,,FALSE,FALSE,,,
,,,,,,,,,,,,,,,,FALSE,FALSE,,,
,,,,,,,,,,,,,,,,FALSE,FALSE,,,
,,,,,,,,,,,,,,,,FALSE,FALSE,,,
,,,,,,,,,,,,,,,,FALSE,FALSE,,,
,,,,,,,,,,,,,,,,FALSE,FALSE,,,
,,,,,,,,,,,,,,,,FALSE,FALSE,,,
,,,,,,,,,,,,,,,,FALSE,FALSE,,,
,,,,,,,,,,,,,,,,FALSE,FALSE,,,
,,,,,,,,,,,,,,,,FALSE,FALSE,,,
,,,,,,,,,,,,,,,,FALSE,FALSE,,,
,,,,,,,,,,,,,,,,FALSE,FALSE,,,
,,,,,,,,,,,,,,,,FALSE,FALSE,,,
,,,,,,,,,,,,,,,,FALSE,FALSE,,,
,,,,,,,,,,,,,,,,FALSE,FALSE,,,
,,,,,,,,,,,,,,,,FALSE,FALSE,,,
,,,,,,,,,,,,,,,,FALSE,FALSE,,,
,,,,,,,,,,,,,,,,FALSE,FALSE,,,
,,,,,,,,,,,,,,,,FALSE,FALSE,,,
,,,,,,,,,,,,,,,,FALSE,FALSE,,,
,,,,,,,,,,,,,,,,FALSE,FALSE,,,
,,,,,,,,,,,,,,,,FALSE,FALSE,,,
,,,,,,,,,,,,,,,,FALSE,FALSE,,,
,,,,,,,,,,,,,,,,FALSE,FALSE,,,
,,,,,,,,,,,,,,,,FALSE,FALSE,,,
,,,,,,,,,,,,,,,,FALSE,FALSE,,,
,,,,,,,,,,,,,,,,FALSE,FALSE,,,
,,,,,,,,,,,,,,,,FALSE,FALSE,,,
,,,,,,,,,,,,,,,,FALSE,FALSE,,,
,,,,,,,,,,,,,,,,FALSE,FALSE,,,
,,,,,,,,,,,,,,,,FALSE,FALSE,,,
,,,,,,,,,,,,,,,,FALSE,FALSE,,,
,,,,,,,,,,,,,,,,FALSE,FALSE,,,
,,,,,,,,,,,,,,,,FALSE,FALSE,,,
,,,,,,,,,,,,,,,,FALSE,FALSE,,,
,,,,,,,,,,,,,,,,FALSE,FALSE,,,
,,,,,,,,,,,,,,,,FALSE,FALSE,,,
,,,,,,,,,,,,,,,,FALSE,FALSE,,,
,,,,,,,,,,,,,,,,FALSE,FALSE,,,
,,,,,,,,,,,,,,,,FALSE,FALSE,,,
,,,,,,,,,,,,,,,,FALSE,FALSE,,,
,,,,,,,,,,,,,,,,FALSE,FALSE,,,
,,,,,,,,,,,,,,,,FALSE,FALSE,,,
,,,,,,,,,,,,,,,,FALSE,FALSE,,,
,,,,,,,,,,,,,,,,FALSE,FALSE,,,
,,,,,,,,,,,,,,,,FALSE,FALSE,,,
,,,,,,,,,,,,,,,,FALSE,FALSE,,,
,,,,,,,,,,,,,,,,FALSE,FALSE,,,
,,,,,,,,,,,,,,,,FALSE,FALSE,,,
,,,,,,,,,,,,,,,,FALSE,FALSE,,,
,,,,,,,,,,,,,,,,FALSE,FALSE,,,
,,,,,,,,,,,,,,,,FALSE,FALSE,,,
,,,,,,,,,,,,,,,,FALSE,FALSE,,,
,,,,,,,,,,,,,,,,FALSE,FALSE,,,
,,,,,,,,,,,,,,,,FALSE,FALSE,,,
,,,,,,,,,,,,,,,,FALSE,FALSE,,,
,,,,,,,,,,,,,,,,FALSE,FALSE,,,
,,,,,,,,,,,,,,,,FALSE,FALSE,,,
,,,,,,,,,,,,,,,,FALSE,FALSE,,,
,,,,,,,,,,,,,,,,FALSE,FALSE,,,
,,,,,,,,,,,,,,,,FALSE,FALSE,,,
,,,,,,,,,,,,,,,,FALSE,FALSE,,,
,,,,,,,,,,,,,,,,FALSE,FALSE,,,
,,,,,,,,,,,,,,,,FALSE,FALSE,,,
,,,,,,,,,,,,,,,,FALSE,FALSE,,,
,,,,,,,,,,,,,,,,FALSE,FALSE,,,
,,,,,,,,,,,,,,,,FALSE,FALSE,,,
,,,,,,,,,,,,,,,,FALSE,FALSE,,,
,,,,,,,,,,,,,,,,FALSE,FALSE,,,
,,,,,,,,,,,,,,,,FALSE,FALSE,,,
,,,,,,,,,,,,,,,,FALSE,FALSE,,,
,,,,,,,,,,,,,,,,FALSE,FALSE,,,
,,,,,,,,,,,,,,,,FALSE,FALSE,,,
,,,,,,,,,,,,,,,,FALSE,FALSE,,,
,,,,,,,,,,,,,,,,FALSE,FALSE,,,
,,,,,,,,,,,,,,,,FALSE,FALSE,,,
,,,,,,,,,,,,,,,,FALSE,FALSE,,,
,,,,,,,,,,,,,,,,FALSE,FALSE,,,
,,,,,,,,,,,,,,,,FALSE,FALSE,,,
,,,,,,,,,,,,,,,,FALSE,FALSE,,,
,,,,,,,,,,,,,,,,FALSE,FALSE,,,
,,,,,,,,,,,,,,,,FALSE,FALSE,,,
,,,,,,,,,,,,,,,,FALSE,FALSE,,,
,,,,,,,,,,,,,,,,FALSE,FALSE,,,
,,,,,,,,,,,,,,,,FALSE,FALSE,,,
,,,,,,,,,,,,,,,,FALSE,FALSE,,,
,,,,,,,,,,,,,,,,FALSE,FALSE,,,
,,,,,,,,,,,,,,,,FALSE,FALSE,,,
,,,,,,,,,,,,,,,,FALSE,FALSE,,,
,,,,,,,,,,,,,,,,FALSE,FALSE,,,
,,,,,,,,,,,,,,,,FALSE,FALSE,,,
,,,,,,,,,,,,,,,,FALSE,FALSE,,,
,,,,,,,,,,,,,,,,FALSE,FALSE,,,
,,,,,,,,,,,,,,,,FALSE,FALSE,,,
,,,,,,,,,,,,,,,,FALSE,FALSE,,,
,,,,,,,,,,,,,,,,FALSE,FALSE,,,
,,,,,,,,,,,,,,,,FALSE,FALSE,,,
,,,,,,,,,,,,,,,,FALSE,FALSE,,,
,,,,,,,,,,,,,,,,FALSE,FALSE,,,
,,,,,,,,,,,,,,,,FALSE,FALSE,,,
,,,,,,,,,,,,,,,,FALSE,FALSE,,,
,,,,,,,,,,,,,,,,FALSE,FALSE,,,
,,,,,,,,,,,,,,,,FALSE,FALSE,,,
,,,,,,,,,,,,,,,,FALSE,FALSE,,,
,,,,,,,,,,,,,,,,FALSE,FALSE,,,
,,,,,,,,,,,,,,,,FALSE,FALSE,,,
,,,,,,,,,,,,,,,,FALSE,FALSE,,,
,,,,,,,,,,,,,,,,FALSE,FALSE,,,
,,,,,,,,,,,,,,,,FALSE,FALSE,,,
,,,,,,,,,,,,,,,,FALSE,FALSE,,,
,,,,,,,,,,,,,,,,FALSE,FALSE,,,
,,,,,,,,,,,,,,,,FALSE,FALSE,,,
,,,,,,,,,,,,,,,,FALSE,FALSE,,,
,,,,,,,,,,,,,,,,FALSE,FALSE,,,
,,,,,,,,,,,,,,,,FALSE,FALSE,,,
,,,,,,,,,,,,,,,,FALSE,FALSE,,,
,,,,,,,,,,,,,,,,FALSE,FALSE,,,
,,,,,,,,,,,,,,,,FALSE,FALSE,,,
,,,,,,,,,,,,,,,,FALSE,FALSE,,,
,,,,,,,,,,,,,,,,FALSE,FALSE,,,
,,,,,,,,,,,,,,,,FALSE,FALSE,,,
,,,,,,,,,,,,,,,,FALSE,FALSE,,,
,,,,,,,,,,,,,,,,FALSE,FALSE,,,
,,,,,,,,,,,,,,,,FALSE,FALSE,,,
,,,,,,,,,,,,,,,,FALSE,FALSE,,,
,,,,,,,,,,,,,,,,FALSE,FALSE,,,
,,,,,,,,,,,,,,,,FALSE,FALSE,,,
,,,,,,,,,,,,,,,,FALSE,FALSE,,,
,,,,,,,,,,,,,,,,FALSE,FALSE,,,
,,,,,,,,,,,,,,,,FALSE,FALSE,,,
,,,,,,,,,,,,,,,,FALSE,FALSE,,,
,,,,,,,,,,,,,,,,FALSE,FALSE,,,
,,,,,,,,,,,,,,,,FALSE,FALSE,,,
,,,,,,,,,,,,,,,,FALSE,FALSE,,,
,,,,,,,,,,,,,,,,FALSE,FALSE,,,
,,,,,,,,,,,,,,,,FALSE,FALSE,,,
,,,,,,,,,,,,,,,,FALSE,FALSE,,,
,,,,,,,,,,,,,,,,FALSE,FALSE,,,
,,,,,,,,,,,,,,,,FALSE,FALSE,,,
,,,,,,,,,,,,,,,,FALSE,FALSE,,,
,,,,,,,,,,,,,,,,FALSE,FALSE,,,
,,,,,,,,,,,,,,,,FALSE,FALSE,,,
,,,,,,,,,,,,,,,,FALSE,FALSE,,,
,,,,,,,,,,,,,,,,FALSE,FALSE,,,
,,,,,,,,,,,,,,,,FALSE,FALSE,,,
,,,,,,,,,,,,,,,,FALSE,FALSE,,,
,,,,,,,,,,,,,,,,FALSE,FALSE,,,
,,,,,,,,,,,,,,,,FALSE,FALSE,,,
,,,,,,,,,,,,,,,,FALSE,FALSE,,,
,,,,,,,,,,,,,,,,FALSE,FALSE,,,
,,,,,,,,,,,,,,,,FALSE,FALSE,,,
,,,,,,,,,,,,,,,,FALSE,FALSE,,,
,,,,,,,,,,,,,,,,FALSE,FALSE,,,
,,,,,,,,,,,,,,,,FALSE,FALSE,,,
,,,,,,,,,,,,,,,,FALSE,FALSE,,,
,,,,,,,,,,,,,,,,FALSE,FALSE,,,
,,,,,,,,,,,,,,,,FALSE,FALSE,,,
,,,,,,,,,,,,,,,,FALSE,FALSE,,,
,,,,,,,,,,,,,,,,FALSE,FALSE,,,
,,,,,,,,,,,,,,,,FALSE,FALSE,,,
,,,,,,,,,,,,,,,,FALSE,FALSE,,,
,,,,,,,,,,,,,,,,FALSE,FALSE,,,
,,,,,,,,,,,,,,,,FALSE,FALSE,,,
,,,,,,,,,,,,,,,,FALSE,FALSE,,,
,,,,,,,,,,,,,,,,FALSE,FALSE,,,
,,,,,,,,,,,,,,,,FALSE,FALSE,,,
,,,,,,,,,,,,,,,,FALSE,FALSE,,,
,,,,,,,,,,,,,,,,FALSE,FALSE,,,
,,,,,,,,,,,,,,,,FALSE,FALSE,,,
,,,,,,,,,,,,,,,,FALSE,FALSE,,,
,,,,,,,,,,,,,,,,FALSE,FALSE,,,
,,,,,,,,,,,,,,,,FALSE,FALSE,,,
,,,,,,,,,,,,,,,,FALSE,FALSE,,,
,,,,,,,,,,,,,,,,FALSE,FALSE,,,
,,,,,,,,,,,,,,,,FALSE,FALSE,,,
,,,,,,,,,,,,,,,,FALSE,FALSE,,,
,,,,,,,,,,,,,,,,FALSE,FALSE,,,
,,,,,,,,,,,,,,,,FALSE,FALSE,,,
,,,,,,,,,,,,,,,,FALSE,FALSE,,,
,,,,,,,,,,,,,,,,FALSE,FALSE,,,
,,,,,,,,,,,,,,,,FALSE,FALSE,,,
,,,,,,,,,,,,,,,,FALSE,FALSE,,,
,,,,,,,,,,,,,,,,FALSE,FALSE,,,
,,,,,,,,,,,,,,,,FALSE,FALSE,,,
,,,,,,,,,,,,,,,,FALSE,FALSE,,,
,,,,,,,,,,,,,,,,FALSE,FALSE,,,
,,,,,,,,,,,,,,,,FALSE,FALSE,,,
,,,,,,,,,,,,,,,,FALSE,FALSE,,,
,,,,,,,,,,,,,,,,FALSE,FALSE,,,
,,,,,,,,,,,,,,,,FALSE,FALSE,,,
,,,,,,,,,,,,,,,,FALSE,FALSE,,,
,,,,,,,,,,,,,,,,FALSE,FALSE,,,
,,,,,,,,,,,,,,,,FALSE,FALSE,,,
,,,,,,,,,,,,,,,,FALSE,FALSE,,,
,,,,,,,,,,,,,,,,FALSE,FALSE,,,
,,,,,,,,,,,,,,,,FALSE,FALSE,,,
,,,,,,,,,,,,,,,,FALSE,FALSE,,,
,,,,,,,,,,,,,,,,FALSE,FALSE,,,
,,,,,,,,,,,,,,,,FALSE,FALSE,,,
,,,,,,,,,,,,,,,,FALSE,FALSE,,,
,,,,,,,,,,,,,,,,FALSE,FALSE,,,
,,,,,,,,,,,,,,,,FALSE,FALSE,,,
,,,,,,,,,,,,,,,,FALSE,FALSE,,,
,,,,,,,,,,,,,,,,FALSE,FALSE,,,
,,,,,,,,,,,,,,,,FALSE,FALSE,,,
,,,,,,,,,,,,,,,,FALSE,FALSE,,,
,,,,,,,,,,,,,,,,FALSE,FALSE,,,
,,,,,,,,,,,,,,,,FALSE,FALSE,,,
,,,,,,,,,,,,,,,,FALSE,FALSE,,,
,,,,,,,,,,,,,,,,FALSE,FALSE,,,
,,,,,,,,,,,,,,,,FALSE,FALSE,,,
,,,,,,,,,,,,,,,,FALSE,FALSE,,,
,,,,,,,,,,,,,,,,FALSE,FALSE,,,
,,,,,,,,,,,,,,,,FALSE,FALSE,,,
,,,,,,,,,,,,,,,,FALSE,FALSE,,,
,,,,,,,,,,,,,,,,FALSE,FALSE,,,
,,,,,,,,,,,,,,,,FALSE,FALSE,,,
,,,,,,,,,,,,,,,,FALSE,FALSE,,,
,,,,,,,,,,,,,,,,FALSE,FALSE,,,
,,,,,,,,,,,,,,,,FALSE,FALSE,,,
,,,,,,,,,,,,,,,,FALSE,FALSE,,,
,,,,,,,,,,,,,,,,FALSE,FALSE,,,
,,,,,,,,,,,,,,,,FALSE,FALSE,,,
,,,,,,,,,,,,,,,,FALSE,FALSE,,,
,,,,,,,,,,,,,,,,FALSE,FALSE,,,
,,,,,,,,,,,,,,,,FALSE,FALSE,,,
,,,,,,,,,,,,,,,,FALSE,FALSE,,,
,,,,,,,,,,,,,,,,FALSE,FALSE,,,
,,,,,,,,,,,,,,,,FALSE,FALSE,,,
,,,,,,,,,,,,,,,,FALSE,FALSE,,,
,,,,,,,,,,,,,,,,FALSE,FALSE,,,
,,,,,,,,,,,,,,,,FALSE,FALSE,,,
,,,,,,,,,,,,,,,,FALSE,FALSE,,,
,,,,,,,,,,,,,,,,FALSE,FALSE,,,
,,,,,,,,,,,,,,,,FALSE,FALSE,,,
,,,,,,,,,,,,,,,,FALSE,FALSE,,,
,,,,,,,,,,,,,,,,FALSE,FALSE,,,
,,,,,,,,,,,,,,,,FALSE,FALSE,,,
,,,,,,,,,,,,,,,,FALSE,FALSE,,,
,,,,,,,,,,,,,,,,FALSE,FALSE,,,
,,,,,,,,,,,,,,,,FALSE,FALSE,,,
,,,,,,,,,,,,,,,,FALSE,FALSE,,,
,,,,,,,,,,,,,,,,FALSE,FALSE,,,
,,,,,,,,,,,,,,,,FALSE,FALSE,,,
,,,,,,,,,,,,,,,,FALSE,FALSE,,,
,,,,,,,,,,,,,,,,FALSE,FALSE,,,
,,,,,,,,,,,,,,,,FALSE,FALSE,,,
,,,,,,,,,,,,,,,,FALSE,FALSE,,,
,,,,,,,,,,,,,,,,FALSE,FALSE,,,
,,,,,,,,,,,,,,,,FALSE,FALSE,,,
,,,,,,,,,,,,,,,,FALSE,FALSE,,,
,,,,,,,,,,,,,,,,FALSE,FALSE,,,
,,,,,,,,,,,,,,,,FALSE,FALSE,,,
,,,,,,,,,,,,,,,,FALSE,FALSE,,,
,,,,,,,,,,,,,,,,FALSE,FALSE,,,
,,,,,,,,,,,,,,,,FALSE,FALSE,,,
,,,,,,,,,,,,,,,,FALSE,FALSE,,,
,,,,,,,,,,,,,,,,FALSE,FALSE,,,
,,,,,,,,,,,,,,,,FALSE,FALSE,,,
,,,,,,,,,,,,,,,,FALSE,FALSE,,,
,,,,,,,,,,,,,,,,FALSE,FALSE,,,
,,,,,,,,,,,,,,,,FALSE,FALSE,,,
,,,,,,,,,,,,,,,,FALSE,FALSE,,,
,,,,,,,,,,,,,,,,FALSE,FALSE,,,
,,,,,,,,,,,,,,,,FALSE,FALSE,,,
,,,,,,,,,,,,,,,,FALSE,FALSE,,,
,,,,,,,,,,,,,,,,FALSE,FALSE,,,
,,,,,,,,,,,,,,,,FALSE,FALSE,,,
,,,,,,,,,,,,,,,,FALSE,FALSE,,,
,,,,,,,,,,,,,,,,FALSE,FALSE,,,
,,,,,,,,,,,,,,,,FALSE,FALSE,,,
,,,,,,,,,,,,,,,,FALSE,FALSE,,,
,,,,,,,,,,,,,,,,FALSE,FALSE,,,
,,,,,,,,,,,,,,,,FALSE,FALSE,,,
,,,,,,,,,,,,,,,,FALSE,FALSE,,,
,,,,,,,,,,,,,,,,FALSE,FALSE,,,
,,,,,,,,,,,,,,,,FALSE,FALSE,,,
,,,,,,,,,,,,,,,,FALSE,FALSE,,,
,,,,,,,,,,,,,,,,FALSE,FALSE,,,
,,,,,,,,,,,,,,,,FALSE,FALSE,,,
,,,,,,,,,,,,,,,,FALSE,FALSE,,,
,,,,,,,,,,,,,,,,FALSE,FALSE,,,
,,,,,,,,,,,,,,,,FALSE,FALSE,,,
,,,,,,,,,,,,,,,,FALSE,FALSE,,,
,,,,,,,,,,,,,,,,FALSE,FALSE,,,
,,,,,,,,,,,,,,,,FALSE,FALSE,,,
,,,,,,,,,,,,,,,,FALSE,FALSE,,,
,,,,,,,,,,,,,,,,FALSE,FALSE,,,
,,,,,,,,,,,,,,,,FALSE,FALSE,,,
,,,,,,,,,,,,,,,,FALSE,FALSE,,,
,,,,,,,,,,,,,,,,FALSE,FALSE,,,
,,,,,,,,,,,,,,,,FALSE,FALSE,,,
,,,,,,,,,,,,,,,,FALSE,FALSE,,,
,,,,,,,,,,,,,,,,FALSE,FALSE,,,
,,,,,,,,,,,,,,,,FALSE,FALSE,,,
,,,,,,,,,,,,,,,,FALSE,FALSE,,,
,,,,,,,,,,,,,,,,FALSE,FALSE,,,
,,,,,,,,,,,,,,,,FALSE,FALSE,,,
,,,,,,,,,,,,,,,,FALSE,FALSE,,,
,,,,,,,,,,,,,,,,FALSE,FALSE,,,
,,,,,,,,,,,,,,,,FALSE,FALSE,,,
,,,,,,,,,,,,,,,,FALSE,FALSE,,,
,,,,,,,,,,,,,,,,FALSE,FALSE,,,
,,,,,,,,,,,,,,,,FALSE,FALSE,,,
,,,,,,,,,,,,,,,,FALSE,FALSE,,,
,,,,,,,,,,,,,,,,FALSE,FALSE,,,
,,,,,,,,,,,,,,,,FALSE,FALSE,,,
,,,,,,,,,,,,,,,,FALSE,FALSE,,,
,,,,,,,,,,,,,,,,FALSE,FALSE,,,
,,,,,,,,,,,,,,,,FALSE,FALSE,,,
,,,,,,,,,,,,,,,,FALSE,FALSE,,,
,,,,,,,,,,,,,,,,FALSE,FALSE,,,
,,,,,,,,,,,,,,,,FALSE,FALSE,,,
,,,,,,,,,,,,,,,,FALSE,FALSE,,,
,,,,,,,,,,,,,,,,FALSE,FALSE,,,
,,,,,,,,,,,,,,,,FALSE,FALSE,,,
,,,,,,,,,,,,,,,,FALSE,FALSE,,,
,,,,,,,,,,,,,,,,FALSE,FALSE,,,
,,,,,,,,,,,,,,,,FALSE,FALSE,,,
,,,,,,,,,,,,,,,,FALSE,FALSE,,,
,,,,,,,,,,,,,,,,FALSE,FALSE,,,
,,,,,,,,,,,,,,,,FALSE,FALSE,,,
,,,,,,,,,,,,,,,,FALSE,FALSE,,,
,,,,,,,,,,,,,,,,FALSE,FALSE,,,
,,,,,,,,,,,,,,,,FALSE,FALSE,,,
,,,,,,,,,,,,,,,,FALSE,FALSE,,,
,,,,,,,,,,,,,,,,FALSE,FALSE,,,
,,,,,,,,,,,,,,,,FALSE,FALSE,,,
,,,,,,,,,,,,,,,,FALSE,FALSE,,,
,,,,,,,,,,,,,,,,FALSE,FALSE,,,
,,,,,,,,,,,,,,,,FALSE,FALSE,,,
,,,,,,,,,,,,,,,,FALSE,FALSE,,,
,,,,,,,,,,,,,,,,FALSE,FALSE,,,
,,,,,,,,,,,,,,,,FALSE,FALSE,,,
,,,,,,,,,,,,,,,,FALSE,FALSE,,,
,,,,,,,,,,,,,,,,FALSE,FALSE,,,
,,,,,,,,,,,,,,,,FALSE,FALSE,,,
,,,,,,,,,,,,,,,,FALSE,FALSE,,,
,,,,,,,,,,,,,,,,FALSE,FALSE,,,
,,,,,,,,,,,,,,,,FALSE,FALSE,,,
,,,,,,,,,,,,,,,,FALSE,FALSE,,,
,,,,,,,,,,,,,,,,FALSE,FALSE,,,
,,,,,,,,,,,,,,,,FALSE,FALSE,,,
,,,,,,,,,,,,,,,,FALSE,FALSE,,,
,,,,,,,,,,,,,,,,FALSE,FALSE,,,
,,,,,,,,,,,,,,,,FALSE,FALSE,,,
,,,,,,,,,,,,,,,,FALSE,FALSE,,,
,,,,,,,,,,,,,,,,FALSE,FALSE,,,
,,,,,,,,,,,,,,,,FALSE,FALSE,,,
,,,,,,,,,,,,,,,,FALSE,FALSE,,,
,,,,,,,,,,,,,,,,FALSE,FALSE,,,
,,,,,,,,,,,,,,,,FALSE,FALSE,,,
,,,,,,,,,,,,,,,,FALSE,FALSE,,,
,,,,,,,,,,,,,,,,FALSE,FALSE,,,
,,,,,,,,,,,,,,,,FALSE,FALSE,,,
,,,,,,,,,,,,,,,,FALSE,FALSE,,,
,,,,,,,,,,,,,,,,FALSE,FALSE,,,
,,,,,,,,,,,,,,,,FALSE,FALSE,,,
,,,,,,,,,,,,,,,,FALSE,FALSE,,,
,,,,,,,,,,,,,,,,FALSE,FALSE,,,
,,,,,,,,,,,,,,,,FALSE,FALSE,,,
,,,,,,,,,,,,,,,,FALSE,FALSE,,,
,,,,,,,,,,,,,,,,FALSE,FALSE,,,
,,,,,,,,,,,,,,,,FALSE,FALSE,,,
,,,,,,,,,,,,,,,,FALSE,FALSE,,,
,,,,,,,,,,,,,,,,FALSE,FALSE,,,
,,,,,,,,,,,,,,,,FALSE,FALSE,,,
,,,,,,,,,,,,,,,,FALSE,FALSE,,,
,,,,,,,,,,,,,,,,FALSE,FALSE,,,
,,,,,,,,,,,,,,,,FALSE,FALSE,,,
,,,,,,,,,,,,,,,,FALSE,FALSE,,,
,,,,,,,,,,,,,,,,FALSE,FALSE,,,
,,,,,,,,,,,,,,,,FALSE,FALSE,,,
,,,,,,,,,,,,,,,,FALSE,FALSE,,,
,,,,,,,,,,,,,,,,FALSE,FALSE,,,
,,,,,,,,,,,,,,,,FALSE,FALSE,,,
,,,,,,,,,,,,,,,,FALSE,FALSE,,,
,,,,,,,,,,,,,,,,FALSE,FALSE,,,
,,,,,,,,,,,,,,,,FALSE,FALSE,,,
,,,,,,,,,,,,,,,,FALSE,FALSE,,,
,,,,,,,,,,,,,,,,FALSE,FALSE,,,
,,,,,,,,,,,,,,,,FALSE,FALSE,,,
,,,,,,,,,,,,,,,,FALSE,FALSE,,,
,,,,,,,,,,,,,,,,FALSE,FALSE,,,
,,,,,,,,,,,,,,,,FALSE,FALSE,,,
,,,,,,,,,,,,,,,,FALSE,FALSE,,,
,,,,,,,,,,,,,,,,FALSE,FALSE,,,
,,,,,,,,,,,,,,,,FALSE,FALSE,,,
,,,,,,,,,,,,,,,,FALSE,FALSE,,,
,,,,,,,,,,,,,,,,FALSE,FALSE,,,
,,,,,,,,,,,,,,,,FALSE,FALSE,,,
,,,,,,,,,,,,,,,,FALSE,FALSE,,,
,,,,,,,,,,,,,,,,FALSE,FALSE,,,
,,,,,,,,,,,,,,,,FALSE,FALSE,,,
,,,,,,,,,,,,,,,,FALSE,FALSE,,,
,,,,,,,,,,,,,,,,FALSE,FALSE,,,
,,,,,,,,,,,,,,,,FALSE,FALSE,,,
,,,,,,,,,,,,,,,,FALSE,FALSE,,,
,,,,,,,,,,,,,,,,FALSE,FALSE,,,
,,,,,,,,,,,,,,,,FALSE,FALSE,,,
,,,,,,,,,,,,,,,,FALSE,FALSE,,,
,,,,,,,,,,,,,,,,FALSE,FALSE,,,
,,,,,,,,,,,,,,,,FALSE,FALSE,,,
,,,,,,,,,,,,,,,,FALSE,FALSE,,,
,,,,,,,,,,,,,,,,FALSE,FALSE,,,
,,,,,,,,,,,,,,,,FALSE,FALSE,,,
,,,,,,,,,,,,,,,,FALSE,FALSE,,,
,,,,,,,,,,,,,,,,FALSE,FALSE,,,
,,,,,,,,,,,,,,,,FALSE,FALSE,,,
,,,,,,,,,,,,,,,,FALSE,FALSE,,,
,,,,,,,,,,,,,,,,FALSE,FALSE,,,
,,,,,,,,,,,,,,,,FALSE,FALSE,,,
,,,,,,,,,,,,,,,,FALSE,FALSE,,,
,,,,,,,,,,,,,,,,FALSE,FALSE,,,
,,,,,,,,,,,,,,,,FALSE,FALSE,,,
,,,,,,,,,,,,,,,,FALSE,FALSE,,,
,,,,,,,,,,,,,,,,FALSE,FALSE,,,
,,,,,,,,,,,,,,,,FALSE,FALSE,,,
,,,,,,,,,,,,,,,,FALSE,FALSE,,,
,,,,,,,,,,,,,,,,FALSE,FALSE,,,
,,,,,,,,,,,,,,,,FALSE,FALSE,,,
,,,,,,,,,,,,,,,,FALSE,FALSE,,,
,,,,,,,,,,,,,,,,FALSE,FALSE,,,
,,,,,,,,,,,,,,,,FALSE,FALSE,,,
,,,,,,,,,,,,,,,,FALSE,FALSE,,,
,,,,,,,,,,,,,,,,FALSE,FALSE,,,
,,,,,,,,,,,,,,,,FALSE,FALSE,,,
,,,,,,,,,,,,,,,,FALSE,FALSE,,,
,,,,,,,,,,,,,,,,FALSE,FALSE,,,
,,,,,,,,,,,,,,,,FALSE,FALSE,,,
,,,,,,,,,,,,,,,,FALSE,FALSE,,,
,,,,,,,,,,,,,,,,FALSE,FALSE,,,
,,,,,,,,,,,,,,,,FALSE,FALSE,,,
,,,,,,,,,,,,,,,,FALSE,FALSE,,,
,,,,,,,,,,,,,,,,FALSE,FALSE,,,
,,,,,,,,,,,,,,,,FALSE,FALSE,,,
,,,,,,,,,,,,,,,,FALSE,FALSE,,,
,,,,,,,,,,,,,,,,FALSE,FALSE,,,
,,,,,,,,,,,,,,,,FALSE,FALSE,,,
,,,,,,,,,,,,,,,,FALSE,FALSE,,,
,,,,,,,,,,,,,,,,FALSE,FALSE,,,
,,,,,,,,,,,,,,,,FALSE,FALSE,,,
,,,,,,,,,,,,,,,,FALSE,FALSE,,,
,,,,,,,,,,,,,,,,FALSE,FALSE,,,
,,,,,,,,,,,,,,,,FALSE,FALSE,,,
,,,,,,,,,,,,,,,,FALSE,FALSE,,,
,,,,,,,,,,,,,,,,FALSE,FALSE,,,
,,,,,,,,,,,,,,,,FALSE,FALSE,,,
,,,,,,,,,,,,,,,,FALSE,FALSE,,,
,,,,,,,,,,,,,,,,FALSE,FALSE,,,
,,,,,,,,,,,,,,,,FALSE,FALSE,,,
,,,,,,,,,,,,,,,,FALSE,FALSE,,,
,,,,,,,,,,,,,,,,FALSE,FALSE,,,
,,,,,,,,,,,,,,,,FALSE,FALSE,,,
,,,,,,,,,,,,,,,,FALSE,FALSE,,,
,,,,,,,,,,,,,,,,FALSE,FALSE,,,
,,,,,,,,,,,,,,,,FALSE,FALSE,,,
,,,,,,,,,,,,,,,,FALSE,FALSE,,,
,,,,,,,,,,,,,,,,FALSE,FALSE,,,
,,,,,,,,,,,,,,,,FALSE,FALSE,,,
,,,,,,,,,,,,,,,,FALSE,FALSE,,,
,,,,,,,,,,,,,,,,FALSE,FALSE,,,
,,,,,,,,,,,,,,,,FALSE,FALSE,,,
,,,,,,,,,,,,,,,,FALSE,FALSE,,,
,,,,,,,,,,,,,,,,FALSE,FALSE,,,
,,,,,,,,,,,,,,,,FALSE,FALSE,,,
,,,,,,,,,,,,,,,,FALSE,FALSE,,,
,,,,,,,,,,,,,,,,FALSE,FALSE,,,
,,,,,,,,,,,,,,,,FALSE,FALSE,,,
,,,,,,,,,,,,,,,,FALSE,FALSE,,,
,,,,,,,,,,,,,,,,FALSE,FALSE,,,
,,,,,,,,,,,,,,,,FALSE,FALSE,,,
,,,,,,,,,,,,,,,,FALSE,FALSE,,,
,,,,,,,,,,,,,,,,FALSE,FALSE,,,
,,,,,,,,,,,,,,,,FALSE,FALSE,,,
,,,,,,,,,,,,,,,,FALSE,FALSE,,,
,,,,,,,,,,,,,,,,FALSE,FALSE,,,
,,,,,,,,,,,,,,,,FALSE,FALSE,,,
,,,,,,,,,,,,,,,,FALSE,FALSE,,,
,,,,,,,,,,,,,,,,FALSE,FALSE,,,
,,,,,,,,,,,,,,,,FALSE,FALSE,,,
,,,,,,,,,,,,,,,,FALSE,FALSE,,,
,,,,,,,,,,,,,,,,FALSE,FALSE,,,
,,,,,,,,,,,,,,,,FALSE,FALSE,,,
,,,,,,,,,,,,,,,,FALSE,FALSE,,,
,,,,,,,,,,,,,,,,FALSE,FALSE,,,
,,,,,,,,,,,,,,,,FALSE,FALSE,,,
,,,,,,,,,,,,,,,,FALSE,FALSE,,,
,,,,,,,,,,,,,,,,FALSE,FALSE,,,
,,,,,,,,,,,,,,,,FALSE,FALSE,,,
,,,,,,,,,,,,,,,,FALSE,FALSE,,,
,,,,,,,,,,,,,,,,FALSE,FALSE,,,
,,,,,,,,,,,,,,,,FALSE,FALSE,,,
,,,,,,,,,,,,,,,,FALSE,FALSE,,,
,,,,,,,,,,,,,,,,FALSE,FALSE,,,
,,,,,,,,,,,,,,,,FALSE,FALSE,,,
,,,,,,,,,,,,,,,,FALSE,FALSE,,,
,,,,,,,,,,,,,,,,FALSE,FALSE,,,
,,,,,,,,,,,,,,,,FALSE,FALSE,,,
,,,,,,,,,,,,,,,,FALSE,FALSE,,,
,,,,,,,,,,,,,,,,FALSE,FALSE,,,
,,,,,,,,,,,,,,,,FALSE,FALSE,,,
,,,,,,,,,,,,,,,,FALSE,FALSE,,,
,,,,,,,,,,,,,,,,FALSE,FALSE,,,
,,,,,,,,,,,,,,,,FALSE,FALSE,,,
,,,,,,,,,,,,,,,,FALSE,FALSE,,,
,,,,,,,,,,,,,,,,FALSE,FALSE,,,
,,,,,,,,,,,,,,,,FALSE,FALSE,,,
,,,,,,,,,,,,,,,,FALSE,FALSE,,,
,,,,,,,,,,,,,,,,FALSE,FALSE,,,
,,,,,,,,,,,,,,,,FALSE,FALSE,,,
,,,,,,,,,,,,,,,,FALSE,FALSE,,,
,,,,,,,,,,,,,,,,FALSE,FALSE,,,
,,,,,,,,,,,,,,,,FALSE,FALSE,,,
,,,,,,,,,,,,,,,,FALSE,FALSE,,,
,,,,,,,,,,,,,,,,FALSE,FALSE,,,
,,,,,,,,,,,,,,,,FALSE,FALSE,,,
,,,,,,,,,,,,,,,,FALSE,FALSE,,,
,,,,,,,,,,,,,,,,FALSE,FALSE,,,
,,,,,,,,,,,,,,,,FALSE,FALSE,,,
,,,,,,,,,,,,,,,,FALSE,FALSE,,,
,,,,,,,,,,,,,,,,FALSE,FALSE,,,
,,,,,,,,,,,,,,,,FALSE,FALSE,,,
,,,,,,,,,,,,,,,,FALSE,FALSE,,,
,,,,,,,,,,,,,,,,FALSE,FALSE,,,
,,,,,,,,,,,,,,,,FALSE,FALSE,,,
,,,,,,,,,,,,,,,,FALSE,FALSE,,,
,,,,,,,,,,,,,,,,FALSE,FALSE,,,
,,,,,,,,,,,,,,,,FALSE,FALSE,,,
,,,,,,,,,,,,,,,,FALSE,FALSE,,,
,,,,,,,,,,,,,,,,FALSE,FALSE,,,
,,,,,,,,,,,,,,,,FALSE,FALSE,,,
,,,,,,,,,,,,,,,,FALSE,FALSE,,,
,,,,,,,,,,,,,,,,FALSE,FALSE,,,
,,,,,,,,,,,,,,,,FALSE,FALSE,,,
,,,,,,,,,,,,,,,,FALSE,FALSE,,,
,,,,,,,,,,,,,,,,FALSE,FALSE,,,
,,,,,,,,,,,,,,,,FALSE,FALSE,,,
,,,,,,,,,,,,,,,,FALSE,FALSE,,,
,,,,,,,,,,,,,,,,FALSE,FALSE,,,
,,,,,,,,,,,,,,,,FALSE,FALSE,,,
,,,,,,,,,,,,,,,,FALSE,FALSE,,,
,,,,,,,,,,,,,,,,FALSE,FALSE,,,
,,,,,,,,,,,,,,,,FALSE,FALSE,,,
,,,,,,,,,,,,,,,,FALSE,FALSE,,,
,,,,,,,,,,,,,,,,FALSE,FALSE,,,
,,,,,,,,,,,,,,,,FALSE,FALSE,,,
,,,,,,,,,,,,,,,,FALSE,FALSE,,,
,,,,,,,,,,,,,,,,FALSE,FALSE,,,
,,,,,,,,,,,,,,,,FALSE,FALSE,,,
,,,,,,,,,,,,,,,,FALSE,FALSE,,,
,,,,,,,,,,,,,,,,FALSE,FALSE,,,
,,,,,,,,,,,,,,,,FALSE,FALSE,,,
,,,,,,,,,,,,,,,,FALSE,FALSE,,,
,,,,,,,,,,,,,,,,FALSE,FALSE,,,
,,,,,,,,,,,,,,,,FALSE,FALSE,,,
,,,,,,,,,,,,,,,,FALSE,FALSE,,,
,,,,,,,,,,,,,,,,FALSE,FALSE,,,
,,,,,,,,,,,,,,,,FALSE,FALSE,,,
,,,,,,,,,,,,,,,,FALSE,FALSE,,,
,,,,,,,,,,,,,,,,FALSE,FALSE,,,
,,,,,,,,,,,,,,,,FALSE,FALSE,,,
,,,,,,,,,,,,,,,,FALSE,FALSE,,,
,,,,,,,,,,,,,,,,FALSE,FALSE,,,
,,,,,,,,,,,,,,,,FALSE,FALSE,,,
,,,,,,,,,,,,,,,,FALSE,FALSE,,,
,,,,,,,,,,,,,,,,FALSE,FALSE,,,
,,,,,,,,,,,,,,,,FALSE,FALSE,,,
,,,,,,,,,,,,,,,,FALSE,FALSE,,,
,,,,,,,,,,,,,,,,FALSE,FALSE,,,
,,,,,,,,,,,,,,,,FALSE,FALSE,,,
,,,,,,,,,,,,,,,,FALSE,FALSE,,,
,,,,,,,,,,,,,,,,FALSE,FALSE,,,
,,,,,,,,,,,,,,,,FALSE,FALSE,,,
,,,,,,,,,,,,,,,,FALSE,FALSE,,,
,,,,,,,,,,,,,,,,FALSE,FALSE,,,
,,,,,,,,,,,,,,,,FALSE,FALSE,,,
,,,,,,,,,,,,,,,,FALSE,FALSE,,,
,,,,,,,,,,,,,,,,FALSE,FALSE,,,
,,,,,,,,,,,,,,,,FALSE,FALSE,,,
,,,,,,,,,,,,,,,,FALSE,FALSE,,,
,,,,,,,,,,,,,,,,FALSE,FALSE,,,
,,,,,,,,,,,,,,,,FALSE,FALSE,,,
,,,,,,,,,,,,,,,,FALSE,FALSE,,,
,,,,,,,,,,,,,,,,FALSE,FALSE,,,
,,,,,,,,,,,,,,,,FALSE,FALSE,,,
,,,,,,,,,,,,,,,,FALSE,FALSE,,,
,,,,,,,,,,,,,,,,FALSE,FALSE,,,
,,,,,,,,,,,,,,,,FALSE,FALSE,,,
,,,,,,,,,,,,,,,,FALSE,FALSE,,,
,,,,,,,,,,,,,,,,FALSE,FALSE,,,
,,,,,,,,,,,,,,,,FALSE,FALSE,,,
,,,,,,,,,,,,,,,,FALSE,FALSE,,,
,,,,,,,,,,,,,,,,FALSE,FALSE,,,
,,,,,,,,,,,,,,,,FALSE,FALSE,,,
,,,,,,,,,,,,,,,,FALSE,FALSE,,,
,,,,,,,,,,,,,,,,FALSE,FALSE,,,
,,,,,,,,,,,,,,,,FALSE,FALSE,,,
,,,,,,,,,,,,,,,,FALSE,FALSE,,,
,,,,,,,,,,,,,,,,FALSE,FALSE,,,
,,,,,,,,,,,,,,,,FALSE,FALSE,,,
,,,,,,,,,,,,,,,,FALSE,FALSE,,,
,,,,,,,,,,,,,,,,FALSE,FALSE,,,
,,,,,,,,,,,,,,,,FALSE,FALSE,,,
,,,,,,,,,,,,,,,,FALSE,FALSE,,,
,,,,,,,,,,,,,,,,FALSE,FALSE,,,
,,,,,,,,,,,,,,,,FALSE,FALSE,,,
,,,,,,,,,,,,,,,,FALSE,FALSE,,,
,,,,,,,,,,,,,,,,FALSE,FALSE,,,
,,,,,,,,,,,,,,,,FALSE,FALSE,,,
,,,,,,,,,,,,,,,,FALSE,FALSE,,,
,,,,,,,,,,,,,,,,FALSE,FALSE,,,
,,,,,,,,,,,,,,,,FALSE,FALSE,,,
,,,,,,,,,,,,,,,,FALSE,FALSE,,,
,,,,,,,,,,,,,,,,FALSE,FALSE,,,
,,,,,,,,,,,,,,,,FALSE,FALSE,,,
,,,,,,,,,,,,,,,,FALSE,FALSE,,,
,,,,,,,,,,,,,,,,FALSE,FALSE,,,
,,,,,,,,,,,,,,,,FALSE,FALSE,,,
,,,,,,,,,,,,,,,,FALSE,FALSE,,,
,,,,,,,,,,,,,,,,FALSE,FALSE,,,
,,,,,,,,,,,,,,,,FALSE,FALSE,,,
,,,,,,,,,,,,,,,,FALSE,FALSE,,,
,,,,,,,,,,,,,,,,FALSE,FALSE,,,
,,,,,,,,,,,,,,,,FALSE,FALSE,,,
,,,,,,,,,,,,,,,,FALSE,FALSE,,,
,,,,,,,,,,,,,,,,FALSE,FALSE,,,
,,,,,,,,,,,,,,,,FALSE,FALSE,,,
,,,,,,,,,,,,,,,,FALSE,FALSE,,,
,,,,,,,,,,,,,,,,FALSE,FALSE,,,
,,,,,,,,,,,,,,,,FALSE,FALSE,,,
,,,,,,,,,,,,,,,,FALSE,FALSE,,,
,,,,,,,,,,,,,,,,FALSE,FALSE,,,
,,,,,,,,,,,,,,,,FALSE,FALSE,,,
,,,,,,,,,,,,,,,,FALSE,FALSE,,,
,,,,,,,,,,,,,,,,FALSE,FALSE,,,
,,,,,,,,,,,,,,,,FALSE,FALSE,,,
,,,,,,,,,,,,,,,,FALSE,FALSE,,,
,,,,,,,,,,,,,,,,FALSE,FALSE,,,
,,,,,,,,,,,,,,,,FALSE,FALSE,,,
,,,,,,,,,,,,,,,,FALSE,FALSE,,,
,,,,,,,,,,,,,,,,FALSE,FALSE,,,
,,,,,,,,,,,,,,,,FALSE,FALSE,,,
,,,,,,,,,,,,,,,,FALSE,FALSE,,,
,,,,,,,,,,,,,,,,FALSE,FALSE,,,
,,,,,,,,,,,,,,,,FALSE,FALSE,,,
,,,,,,,,,,,,,,,,FALSE,FALSE,,,
,,,,,,,,,,,,,,,,FALSE,FALSE,,,
,,,,,,,,,,,,,,,,FALSE,FALSE,,,
,,,,,,,,,,,,,,,,FALSE,FALSE,,,
,,,,,,,,,,,,,,,,FALSE,FALSE,,,
,,,,,,,,,,,,,,,,FALSE,FALSE,,,
,,,,,,,,,,,,,,,,FALSE,FALSE,,,
,,,,,,,,,,,,,,,,FALSE,FALSE,,,
,,,,,,,,,,,,,,,,FALSE,FALSE,,,
,,,,,,,,,,,,,,,,FALSE,FALSE,,,
,,,,,,,,,,,,,,,,FALSE,FALSE,,,
,,,,,,,,,,,,,,,,FALSE,FALSE,,,
,,,,,,,,,,,,,,,,FALSE,FALSE,,,
,,,,,,,,,,,,,,,,FALSE,FALSE,,,
,,,,,,,,,,,,,,,,FALSE,FALSE,,,
,,,,,,,,,,,,,,,,FALSE,FALSE,,,
,,,,,,,,,,,,,,,,FALSE,FALSE,,,
,,,,,,,,,,,,,,,,FALSE,FALSE,,,
,,,,,,,,,,,,,,,,FALSE,FALSE,,,
,,,,,,,,,,,,,,,,FALSE,FALSE,,,
,,,,,,,,,,,,,,,,FALSE,FALSE,,,
,,,,,,,,,,,,,,,,FALSE,FALSE,,,
,,,,,,,,,,,,,,,,FALSE,FALSE,,,
,,,,,,,,,,,,,,,,FALSE,FALSE,,,
,,,,,,,,,,,,,,,,FALSE,FALSE,,,
,,,,,,,,,,,,,,,,FALSE,FALSE,,,
,,,,,,,,,,,,,,,,FALSE,FALSE,,,
,,,,,,,,,,,,,,,,FALSE,FALSE,,,
,,,,,,,,,,,,,,,,FALSE,FALSE,,,
,,,,,,,,,,,,,,,,FALSE,FALSE,,,
,,,,,,,,,,,,,,,,FALSE,FALSE,,,
,,,,,,,,,,,,,,,,FALSE,FALSE,,,
,,,,,,,,,,,,,,,,FALSE,FALSE,,,
,,,,,,,,,,,,,,,,FALSE,FALSE,,,
,,,,,,,,,,,,,,,,FALSE,FALSE,,,
,,,,,,,,,,,,,,,,FALSE,FALSE,,,
,,,,,,,,,,,,,,,,FALSE,FALSE,,,
,,,,,,,,,,,,,,,,FALSE,FALSE,,,
,,,,,,,,,,,,,,,,FALSE,FALSE,,,
,,,,,,,,,,,,,,,,FALSE,FALSE,,,
,,,,,,,,,,,,,,,,FALSE,FALSE,,,
,,,,,,,,,,,,,,,,FALSE,FALSE,,,
,,,,,,,,,,,,,,,,FALSE,FALSE,,,
,,,,,,,,,,,,,,,,FALSE,FALSE,,,
,,,,,,,,,,,,,,,,FALSE,FALSE,,,
,,,,,,,,,,,,,,,,FALSE,FALSE,,,
,,,,,,,,,,,,,,,,FALSE,FALSE,,,
,,,,,,,,,,,,,,,,FALSE,FALSE,,,
,,,,,,,,,,,,,,,,FALSE,FALSE,,,
,,,,,,,,,,,,,,,,FALSE,FALSE,,,
,,,,,,,,,,,,,,,,FALSE,FALSE,,,
,,,,,,,,,,,,,,,,FALSE,FALSE,,,
,,,,,,,,,,,,,,,,FALSE,FALSE,,,
,,,,,,,,,,,,,,,,FALSE,FALSE,,,
,,,,,,,,,,,,,,,,FALSE,FALSE,,,
,,,,,,,,,,,,,,,,FALSE,FALSE,,,
,,,,,,,,,,,,,,,,FALSE,FALSE,,,
,,,,,,,,,,,,,,,,FALSE,FALSE,,,