ID,Fecha,Valor
UF0001,1/1/2026,"$39.731,79"
UF0002,2/1/2026,"39.735,63"
UF0003,3/1/2026,"39.739,47"
UF0004,4/1/2026,"39.743,31"
UF0005,5/1/2026,"39.747,15"
UF0006,6/1/2026,"39.751,00"
UF0007,7/1/2026,"39.754,84"
UF0008,8/1/2026,"39.758,68"
UF0009,9/1/2026,"39.762,52"
UF0010,10/1/2026,"39.759,95"
UF0011,11/1/2026,"39.757,38"
UF0012,12/1/2026,"39.754,82"
UF0013,13/1/2026,"39.752,25"
UF0014,14/1/2026,"39.749,68"
UF0015,15/1/2026,"39.747,12"
UF0016,16/1/2026,"39.744,55"
UF0017,17/1/2026,"39.741,98"
UF0018,18/1/2026,"39.739,42"
UF0019,19/1/2026,"39.736,85"
UF0020,20/1/2026,"39.734,28"
UF0021,21/1/2026,"39.731,72"
UF0022,22/1/2026,"39.729,15"
UF0023,23/1/2026,"39.726,59"
UF0024,24/1/2026,"39.724,02"
UF0025,25/1/2026,"39.721,45"
UF0026,26/1/2026,"39.718,89"
UF0027,27/1/2026,"39.716,32"
UF0028,28/1/2026,"39.713,76"
UF0029,29/1/2026,"39.711,20"
UF0030,30/1/2026,"39.708,63"
UF0031,31/1/2026,"39.706,07"
UF0032,1/2/2026,"39.703,50"
UF0033,2/2/2026,"39.700,94"
UF0034,3/2/2026,"39.698,37"
UF0035,4/2/2026,"39.695,81"
UF0036,5/2/2026,"39.693,25"
UF0037,6/2/2026,"39.690,68"
UF0038,7/2/2026,"39.688,12"
UF0039,8/2/2026,"39.685,56"
UF0040,9/2/2026,"39.682,99"
UF0041,10/2/2026,"39.688,65"
UF0042,11/2/2026,"39.694,31"
UF0043,12/2/2026,"39.699,97"
UF0044,13/2/2026,"39.705,63"
UF0045,14/2/2026,"39.711,29"
UF0046,15/2/2026,"39.716,95"
UF0047,16/2/2026,"39.722,61"
UF0048,17/2/2026,"39.728,28"
UF0049,18/2/2026,"39.733,94"
UF0050,19/2/2026,"39.739,61"
UF0051,20/2/2026,"39.745,27"
UF0052,21/2/2026,"39.750,94"
UF0053,22/2/2026,"39.756,61"
UF0054,23/2/2026,"39.762,28"
UF0055,24/2/2026,"39.767,95"
UF0056,25/2/2026,"39.773,62"
UF0057,26/2/2026,"39.779,29"
UF0058,27/2/2026,"39.784,96"
UF0059,28/2/2026,"39.790,63"
UF0060,1/3/2026,"39.796,31"
UF0061,2/3/2026,"39.801,98"
UF0062,3/3/2026,"39.807,65"
UF0063,4/3/2026,"39.813,33"
UF0064,5/3/2026,"39.819,01"
UF0065,6/3/2026,"39.824,68"
UF0066,7/3/2026,"39.830,36"
UF0067,8/3/2026,"39.836,04"
UF0068,9/3/2026,"39.841,72"
UF0069,10/3/2026,"39.841,72"
UF0070,11/3/2026,"39.841,72"
UF0071,12/3/2026,"39.841,72"
UF0072,13/3/2026,"39.841,72"
UF0073,14/3/2026,"39.841,72"
UF0074,15/3/2026,"39.841,72"
UF0075,16/3/2026,"39.841,72"
UF0076,17/3/2026,"39.841,72"
UF0077,18/3/2026,"39.841,72"
UF0078,19/3/2026,"39.841,72"
UF0079,20/3/2026,"39.841,72"
UF0080,21/3/2026,"39.841,72"
UF0081,22/3/2026,"39.841,72"
UF0082,23/3/2026,"39.841,72"
UF0083,24/3/2026,"39.841,72"
UF0084,25/3/2026,"39.841,72"
UF0085,26/3/2026,"39.841,72"
UF0086,27/3/2026,"39.841,72"
UF0087,28/3/2026,"39.841,72"
UF0088,29/3/2026,"39.841,72"
UF0089,30/3/2026,"39.841,72"
UF0090,31/3/2026,"39.841,72"
UF0091,1/4/2026,"39.841,72"
UF0092,2/4/2026,"39.841,72"
UF0093,3/4/2026,"39.841,72"
UF0094,4/4/2026,"39.841,72"
UF0095,5/4/2026,"39.841,72"
UF0096,6/4/2026,"39.841,72"
UF0097,7/4/2026,"39.841,72"
UF0098,8/4/2026,"39.841,72"
UF0099,9/4/2026,"39.841,72"
UF0100,10/4/2026,"39.854,94"
UF0101,11/4/2026,"39.868,16"
UF0102,12/4/2026,"39.881,38"
UF0103,13/4/2026,"39.894,61"
UF0104,14/4/2026,"39.907,85"
UF0105,15/4/2026,"39.921,09"
UF0106,16/4/2026,"39.934,33"
UF0107,17/4/2026,"39.947,58"
UF0108,18/4/2026,"39.960,83"
UF0109,19/4/2026,"39.974,09"
UF0110,20/4/2026,"39.987,35"
UF0111,21/4/2026,"40.000,61"
UF0112,22/4/2026,"40.013,88"
UF0113,23/4/2026,"40.027,15"
UF0114,24/4/2026,"40.040,43"
UF0115,25/4/2026,"40.053,72"
UF0116,26/4/2026,"40.067,00"
UF0117,27/4/2026,"40.080,29"
UF0118,28/4/2026,"40.093,59"
UF0119,29/4/2026,"40.106,89"
UF0120,30/4/2026,"40.120,20"
UF0121,1/5/2026,"40.133,50"
UF0122,2/5/2026,"40.146,82"
UF0123,3/5/2026,"40.160,14"
UF0124,4/5/2026,"40.173,46"
UF0125,5/5/2026,"40.186,79"
UF0126,6/5/2026,"40.200,12"
UF0127,7/5/2026,"40.213,45"
UF0128,8/5/2026,"40.226,79"
UF0129,9/5/2026,"40.240,14"
UF0130,10/5/2026,"40.256,91"
UF0131,11/5/2026,"40.273,69"
UF0132,12/5/2026,"40.290,47"
UF0133,13/5/2026,"40.307,26"
UF0134,14/5/2026,"40.324,06"
UF0135,15/5/2026,"40.340,86"
UF0136,16/5/2026,"40.357,67"
UF0137,17/5/2026,"40.374,49"
UF0138,18/5/2026,"40.391,32"
UF0139,19/5/2026,"40.408,15"
UF0140,20/5/2026,"40.424,99"
UF0141,21/5/2026,"40.441,84"
UF0142,22/5/2026,"40.458,69"
UF0143,23/5/2026,"40.475,55"
UF0144,24/5/2026,"40.492,42"
UF0145,25/5/2026,"40.509,29"
UF0146,26/5/2026,"40.526,18"
UF0147,27/5/2026,"40.543,07"
UF0148,28/5/2026,"40.559,96"
UF0149,29/5/2026,"40.576,86"
UF0150,30/5/2026,"40.593,77"
UF0151,31/5/2026,"40.610,69"
UF0152,1/6/2026,"40.627,62"
UF0153,2/6/2026,"40.644,55"
UF0154,3/6/2026,"40.661,48"
UF0155,4/6/2026,"40.678,43"
UF0156,5/6/2026,"40.695,38"
UF0157,6/6/2026,"40.712,34"
UF0158,7/6/2026,"40.729,31"
UF0159,8/6/2026,"40.746,28"
UF0160,9/6/2026,"40.763,26"
UF0161,,
UF0162,,
UF0163,,
UF0164,,
UF0165,,
UF0166,,
UF0167,,
UF0168,,
UF0169,,
UF0170,,
UF0171,,
UF0172,,
UF0173,,
UF0174,,
UF0175,,
UF0176,,
UF0177,,
UF0178,,
UF0179,,
UF0180,,
UF0181,,
UF0182,,
UF0183,,
UF0184,,
UF0185,,
UF0186,,
UF0187,,
UF0188,,
UF0189,,
UF0190,,
UF0191,,
UF0192,,
UF0193,,
UF0194,,
UF0195,,
UF0196,,
UF0197,,
UF0198,,
UF0199,,
UF0200,,
UF0201,,
UF0202,,
UF0203,,
UF0204,,
UF0205,,
UF0206,,
UF0207,,
UF0208,,
UF0209,,
UF0210,,
UF0211,,
UF0212,,
UF0213,,
UF0214,,
UF0215,,
UF0216,,
UF0217,,
UF0218,,
UF0219,,
UF0220,,
UF0221,,
UF0222,,
UF0223,,
UF0224,,
UF0225,,
UF0226,,
UF0227,,
UF0228,,
UF0229,,
UF0230,,
UF0231,,
UF0232,,
UF0233,,
UF0234,,
UF0235,,
UF0236,,
UF0237,,
UF0238,,
UF0239,,
UF0240,,
UF0241,,
UF0242,,
UF0243,,
UF0244,,
UF0245,,
UF0246,,
UF0247,,
UF0248,,
UF0249,,
UF0250,,
UF0251,,
UF0252,,
UF0253,,
UF0254,,
UF0255,,
UF0256,,
UF0257,,
UF0258,,
UF0259,,
UF0260,,
UF0261,,
UF0262,,
UF0263,,
UF0264,,
UF0265,,
UF0266,,
UF0267,,
UF0268,,
UF0269,,
UF0270,,
UF0271,,
UF0272,,
UF0273,,
UF0274,,
UF0275,,
UF0276,,
UF0277,,
UF0278,,
UF0279,,
UF0280,,
UF0281,,
UF0282,,
UF0283,,
UF0284,,
UF0285,,
UF0286,,
UF0287,,
UF0288,,
UF0289,,
UF0290,,
UF0291,,
UF0292,,
UF0293,,
UF0294,,
UF0295,,
UF0296,,
UF0297,,
UF0298,,
UF0299,,
UF0300,,
UF0301,,
UF0302,,
UF0303,,
UF0304,,
UF0305,,
UF0306,,
UF0307,,
UF0308,,
UF0309,,
UF0310,,
UF0311,,
UF0312,,
UF0313,,
UF0314,,
UF0315,,
UF0316,,
UF0317,,
UF0318,,
UF0319,,
UF0320,,
UF0321,,
UF0322,,
UF0323,,
UF0324,,
UF0325,,
UF0326,,
UF0327,,
UF0328,,
UF0329,,
UF0330,,
UF0331,,
UF0332,,
UF0333,,
UF0334,,
UF0335,,
UF0336,,
UF0337,,
UF0338,,
UF0339,,
UF0340,,
UF0341,,
UF0342,,
UF0343,,
UF0344,,
UF0345,,
UF0346,,
UF0347,,
UF0348,,
UF0349,,
UF0350,,
UF0351,,
UF0352,,
UF0353,,
UF0354,,
UF0355,,
UF0356,,
UF0357,,
UF0358,,
UF0359,,
UF0360,,
UF0361,,
UF0362,,
UF0363,,
UF0364,,
UF0365,,
UF0366,,