ID,Comisión Base,Factura
Factu0002,BCom0002,Fac0007
Factu0003,BCom0003,Fac0040
Factu0004,BCom0004,Fac0011
Factu0005,BCom0005,Fac0008
Factu0006,BCom0006,Fac0010
Factu0007,BCom0007,Fac0014
Factu0008,BCom0008,Fac0012
Factu0009,BCom0008,Fac0013
Factu0010,BCom0009,Fac0015
Factu0011,BCom0010,Fac0019
Factu0012,BCom0011,Fac0017
Factu0013,BCom0012,Fac0016
Factu0014,BCom0013,Fac0022
Factu0015,BCom0014,Fac0018
Factu0016,BCom0015,Fac0023
Factu0017,BCom0016,Fac0027
Factu0018,BCom0017,Fac0021
Factu0019,BCom0018,Fac0025
Factu0020,BCom0018,Fac0026
Factu0021,BCom0019,Fac0030
Factu0022,BCom0020,Fac0028
Factu0023,BCom0021,Fac0029
Factu0024,BCom0022,Fac0031
Factu0025,BCom0023,Fac0033
Factu0026,BCom0024,Fac0035
Factu0027,BCom0025,Fac0037
Factu0028,BCom0026,Fac0038
Factu0029,BCom0027,Fac0036
Factu0030,BCom0028,Fac0041
Factu0031,BCom0029,Fac0042
Factu0032,BCom0030,Fac0043
Factu0033,BCom0031,Fac0044
Factu0034,BCom0031,Fac0045
Factu0035,BCom0032,Fac0046
Factu0036,BCom0032,Fac0047
Factu0037,BCom0033,
Factu0038,BCom0034,
Factu0039,BCom0035,Fac0048
Factu0040,BCom0036,Fac0049
Factu0041,BCom0037,Fac0051
Factu0042,BCom0037,Fac0052
Factu0043,BCom0038,
Factu0044,BCom0039,
Factu0045,BCom0040,Fac0053
Factu0046,BCom0041,
Factu0047,BCom0042,
Factu0048,BCom0043,Fac0054
Factu0049,BCom0044,
Factu0050,BCom0045,
Factu0051,BCom0046,Fac0059
Factu0052,BCom0047,Fac0056
Factu0053,BCom0048,Fac0058
Factu0054,BCom0049,
Factu0055,BCom0050,
Factu0056,BCom0051,Fac0061
Factu0057,BCom0052,
Factu0058,BCom0053,Fac0064
Factu0059,BCom0053,Fac0063
Factu0060,BCom0054,Fac0201
Factu0061,BCom0055,Fac0060
Factu0062,BCom0056,Fac0067
Factu0063,BCom0057,
Factu0064,BCom0058,
Factu0065,BCom0059,Fac0065
Factu0066,BCom0060,
Factu0067,BCom0061,Fac0202
Factu0068,BCom0062,Fac0103
Factu0069,BCom0063,Fac0068
Factu0070,BCom0064,Fac0070
Factu0071,BCom0064,Fac0071
Factu0072,BCom0065,
Factu0073,BCom0066,
Factu0074,BCom0067,
Factu0075,BCom0068,Fac0069
Factu0076,BCom0069,
Factu0077,BCom0070,Fac0073
Factu0078,BCom0071,Fac0078
Factu0079,BCom0072,
Factu0080,BCom0073,Fac0074
Factu0081,BCom0073,Fac0075
Factu0082,BCom0074,Fac0077
Factu0083,BCom0075,Fac0081
Factu0084,BCom0075,Fac0082
Factu0085,BCom0075,Fac0083
Factu0086,BCom0076,Fac0203
Factu0087,BCom0077,Fac0092
Factu0088,BCom0078,Fac0101
Factu0089,BCom0079,Fac0094
Factu0090,BCom0080,Fac0090
Factu0091,BCom0081,Fac0091
Factu0092,BCom0082,
Factu0093,BCom0083,Fac0204
Factu0094,BCom0084,Fac0093
Factu0095,BCom0085,Fac0095
Factu0096,BCom0086,Fac0100
Factu0097,BCom0087,
Factu0098,BCom0088,
Factu0099,BCom0089,
Factu0100,BCom0090,
Factu0101,BCom0091,Fac0099
Factu0102,BCom0092,Fac0102
Factu0103,BCom0093,
Factu0104,BCom0094,Fac0110
Factu0105,BCom0095,Fac0104
Factu0106,BCom0096,
Factu0107,BCom0097,Fac0108
Factu0108,BCom0097,Fac0109
Factu0109,BCom0098,Fac0107
Factu0110,BCom0099,
Factu0111,BCom0100,
Factu0112,BCom0101,
Factu0113,BCom0102,Fac0118
Factu0114,BCom0103,Fac0112
Factu0115,BCom0103,Fac0113
Factu0116,BCom0104,Fac0111
Factu0118,BCom0106,Fac0115
Factu0119,BCom0107,Fac0119
Factu0120,BCom0108,Fac0126
Factu0121,BCom0108,Fac0127
Factu0122,BCom0109,Fac0121
Factu0123,BCom0109,Fac0122
Factu0124,BCom0110,Fac0123
Factu0126,BCom0111,Fac0132
Factu0128,BCom0113,Fac0128
Factu0130,BCom0115,Fac0130
Factu0131,BCom0116,Fac0137
Factu0132,BCom0117,Fac0135
Factu0134,BCom0119,
Factu0135,BCom0120,Fac0136
Factu0136,BCom0121,
Factu0137,BCom0122,Fac0138
Factu0138,BCom0122,Fac0139
Factu0139,BCom0123,
Factu0140,BCom0124,Fac0140
Factu0141,BCom0124,Fac0141
Factu0142,BCom0125,
Factu0143,BCom0126,Fac0150
Factu0144,BCom0127,Fac0151
Factu0145,BCom0128,Fac0143
Factu0146,BCom0129,Fac0144
Factu0147,BCom0129,Fac0145
Factu0148,BCom0130,Fac0146
Factu0149,BCom0131,Fac0147
Factu0150,BCom0132,Fac0149
Factu0151,BCom0133,Fac0154
Factu0152,BCom0134,Fac0156
Factu0153,BCom0135,Fac0152
Factu0154,BCom0136,Fac0153
Factu0155,BCom0137,Fac0160
Factu0156,BCom0138,Fac0167
Factu0157,BCom0138,Fac0168
Factu0159,BCom0140,
Factu0160,BCom0141,
Factu0161,BCom0142,Fac0162
Factu0162,BCom0143,Fac0169
Factu0163,BCom0144,Fac0161
Factu0164,BCom0145,
Factu0165,BCom0146,Fac0165
Factu0166,BCom0146,Fac0166
Factu0167,BCom0147,Fac0164
Factu0168,BCom0148,Fac0172
Factu0169,BCom0149,Fac0170
Factu0170,BCom0149,Fac0171
Factu0171,BCom0150,Fac0177
Factu0174,BCom0153,Fac0176
Factu0175,BCom0154,Fac0178
Factu0176,BCom0155,
Factu0177,BCom0E156,Fac0050
Factu0178,BCom0157,Fac0055
Factu0179,BCom0158,Fac0066
Factu0180,BCom0159,Fac0072
Factu0181,BCom0160,Fac0076
Factu0182,BCom0161,Fac0114
Factu0183,BCom0162,Fac0129
Factu0184,BCom0163,Fac0134
Factu0185,BCom0164,Fac0148
Factu0186,BCom0165,Fac0155
Factu0187,BCom0166,
Factu0188,BCom0167,
Factu0189,BCom0168,
Factu0190,BCom0169,
Factu0191,BCom0170,Fac0182
Factu0192,BCom0171,Fac0084
Factu0193,BCom0172,Fac0085
Factu0194,BCom0173,Fac0086
Factu0195,BCom0174,Fac0087
Factu0196,BCom0175,Fac0088
Factu0197,BCom0176,Fac0089
Factu0198,BCom0177,Fac0105
Factu0199,BCom0178,Fac0106
Factu0200,BCom0179,Fac0124
Factu0201,BCom0180,Fac0125
Factu0202,BCom0181,Fac0133
Factu0203,BCom0182,Fac0034
Factu0204,BCom0183,Fac0157
Factu0205,BCom0184,
Factu0207,BCom0186,Fac0192
Factu0208,BCom0187,Fac0186
Factu0209,BCom0188,Fac0189
Factu0210,BCom0189,
Factu0211,BCom0190,Fac0190
Factu0212,BCom0191,Fac0097
Factu0213,BCom0191,Fac0098
Factu0214,BCom0192,Fac0174
Factu0215,BCom0192,Fac0175
Factu0216,BCom0193,Fac0163
Factu0217,BCom0194,Fac0198
Factu0218,BCom0195,Fac0199
Factu0219,BCom0196,
Factu0220,BCom0197,
Factu0221,BCom0198,
Factu0223,BCom0200,Fac0096
Factu0224,BCom0201,
f9795975,BCom0001,3b04a5e3
6fe3c283,BCom0156,Fac0050
37dbe7c3,BCom0105,87af5940
bcbc3f17,ca9c4c0b,Fac0172
ac7d9f2f,561f9cb6,18913428
0d10fc22,05eaada1,79138ab9
63e79d2c,9862821b,de5d9845
ac6c03d7,9d80be8f,6172b10d
7e53c609,75b59afd,817f8141
54c72c04,2b7f7d96,721bcb11
d180d12e,c1bd6414,7cb75411
b167d7c0,b06f7486,9e33692a
199550c2,7d78a85a,33b70599
bbb0437e,1bba54a5,b556c7f7
f6822045,993c7ef9,282c93fb
7970ab42,b7d1c2b6,8e054b9c
adba41dd,b7d1c2b6,a932b88f
20014233,13661b9d,e2515e3c
40b1a315,61bbf10b,54fc210f
71618958,a0a84533,c958048c
5e5c4604,a0a84533,3a8594e0
09b9a76d,d7c4e963,9aae76d2
e05aa77e,d7c4e963,5ec67315
1e00c67f,95f2e70e,09ba2b7a
c54662d0,d6389329,4a394fa4
22ce9172,BCom0151,1c980df2
0a9c89e8,BCom0151,8ced3ba1
75195a14,8f9176c6,58deb6ec
dbf3c83c,4bd97e22,199513be
681fbc30,91d7c324,ed538267
26a85e96,91d7c324,69dba698
5ac20b0d,f93171df,aee9e398
a359e1af,f93171df,bd5b5313
36e9e0b8,1769c241,d9ea6ad6
61774277,1769c241,55ebd7ec
ebd7650f,55538119,a8245526
6488687f,592aceb1,f9bf22a1
af920c81,BCom0139,a71bad47
76ba03b3,BCom0139,Fac0158
aa7a8112,BCom0114,21da6994
2ec15ceb,BCom0114,b82519b3
b5340ad5,7aad9468,a948fa92
fd47a348,f7e58648,87dbacbe
3c9b7590,f7e58648,c1b0a9b8
e0e3f855,BCom0040,0e7b5ad5
c7bf13d6,8246c522,fd98ec58
f22cdbe9,6ac9bfaa,a4fb4042
51f06e84,BCom0185,378528df
af13f3ac,80d28ed1,ff2d193a
f0e3fd2e,cc86c551,5bddb80b
53a15739,cc86c551,f697fc35
5fd738fd,a5f0b82e,162bead4
e18f00f4,a9b606a9,08ede459
9e0ac457,57202de1,7d1b4976
7373d8c9,d8100620,e7c695db
9ede69b0,d6f9a760,5af8ac8e
c5f33e30,6d1d73e7,d5b7bb42
01cab459,58a80cd3,a6073a51
1ced295f,1267ff4c,ac943c15
1db52505,1267ff4c,f10cb181
09b6fc5c,e65d4922,4dbde5fc
4183b016,3c035728,b90c4e03
563ab127,bc34bd84,8d5a861f
8983ba7c,bc34bd84,80ec204f
b3f41216,8151c9bf,c3cee04e
4d314bdc,df93cd2b,28433548
30f241dd,c7ebe2b1,4bfe3cf9
bf03d2c6,8370eee3,a5148207
cb155e1c,6b9d35f0,e0eb20a3
789d5b6d,e0ca27f0,41fa0528
1ae9090a,f200b7d8,df8e6731
dd7be8c9,f7d7f23e,9103071e
c06e66d7,dfbd7df9,9211eb03
429c4e34,e54df3ee,a0d526da
ff360691,a8772552,43b08da6
5947de02,8a8970e3,3eb41311
ad1cfc7f,598473c5,529445f2
a5df71a1,6b9d35f0,f055e3e8
28bffbe2,4cf37a87,3f3b8d74
ac5144aa,dbcbaea7,d4715d81
4b739c18,1c9212b5,623999ad
226d62cf,f5a16638,84cfc8c6
812a0d05,1118d5f5,2f59660f
2f83c494,1118d5f5,98358192