ID,Registro,Póliza
Pol0001,Pol0001,Pol0001
Pol0002,Pol0002,Pol0002
Pol0003,Pol0003,Pol0003
Pol0004,Pol0004,Pol0004
Pol0005,Pol0005,Pol0005
Pol0006,Pol0006,Pol0006
Pol0007,Pol0007,Pol0007
Pol0008,Pol0008,Pol0008
Pol0009,Pol0009,Pol0009
Pol0010,Pol0010,Pol0010
Pol0011,Pol0011,Pol0011
Pol0012,Pol0012,Pol0012
Pol0013,Pol0013,Pol0013
Pol0014,Pol0014,Pol0014
Pol0015,Pol0015,Pol0015
Pol0016,Pol0016,Pol0016
Pol0017,Pol0017,Pol0017
Pol0018,Pol0018,Pol0018
strhrsthert,dfsrgsrgwgr,strhrsthert
Pol0019,Pol0019,Pol0019
Pol0020,Pol0020,Pol0020
Pol0021,Pol0021,Pol0021
Pol0022,Pol0022,Pol0022
Pol0023,Pol0023,Pol0023
Pol0024,Pol0024,Pol0024
Pol0025,Pol0025,Pol0025
Pol0026,Pol0026,Pol0026
Pol0027,Pol0027,Pol0027
Pol0028,Pol0028,Pol0028
Pol0029,Pol0029,Pol0029
Pol0030,Pol0030,Pol0030
Pol0031,Pol0031,Pol0031
Pol0032,Pol0032,Pol0032
Pol0033,Pol0033,Pol0033
Pol0034,Pol0034,Pol0034
Pol0035,Pol0035,Pol0035
Pol0036,Pol0036,Pol0036
Pol0037,Pol0037,Pol0037
Pol0038,Pol0038,Pol0038
Pol0039,Pol0039,Pol0039
Pol0040,Pol0040,Pol0040
Pol0041,Neg0002,Pol0041
Pol0042,Neg0003,Pol0042
Pol0043,Neg0004,Pol0043
Pol0044,Pol0044,Pol0044
Pol0045,Pol0045,Pol0045
Pol0046,Pol0046,Pol0046
Pol0047,Pol0047,Pol0047
Pol0048,Pol0048,Pol0048
Pol0049,Pol0049,Pol0049
Pol0050,Pol0050,Pol0050
Pol0051,Pol0051,Pol0051
Pol0052,Pol0052,Pol0052
Pol0053,Pol0053,Pol0053
Pol0054,Pol0054,Pol0054
Pol0055,Pol0055,Pol0055
Pol0056,Pol0056,Pol0056
Pol0057,Pol0057,Pol0057
Pol0058,Pol0058,Pol0058
Pol0059,Pol0059,Pol0059
Pol0060,Pol0060,Pol0060
Pol0061,Pol0061,Pol0061
Pol0062,Pol0062,Pol0062
Pol0063,Pol0063,Pol0063
Pol0064,Pol0064,Pol0064
Pol0065,Neg0005,Pol0065
Pol0066,Pol0066,Pol0066
Pol0067,Pol0067,Pol0067
Pol0068,Neg0006,Pol0068
Pol0069,Neg0007,Pol0069
Pol0070,Neg0014,Pol0070
Pol0071,Neg0015,Pol0071
Pol0072,Neg0016,Pol0072
Pol0073,Neg0023,Pol0073
Pol0074,Neg0024,Pol0074
Pol0075,Neg0025,Pol0075
Pol0076,Neg0026,Pol0076
Pol0077,Neg0027,Pol0077
Pol0078,Neg0029,Pol0078
Pol0079,Neg0028,Pol0079
Pol0080,Neg0044,Pol0080
Pol0081,Neg0042,Pol0081
Pol0082,Neg0041,Pol0082
Pol0083,Neg0035,Pol0083
Pol0084,Neg0045,Pol0084
Pol0085,Neg0063,Pol0085
Pol0086,Neg0001,Pol0086
Pol0087,Pol0087,Pol0087
Pol0088,Pol0088,Pol0088
Pol0089,Pol0089,Pol0089
Pol0090,Neg0009,Pol0090
Pol0091,Neg0012,Pol0091
Pol0092,Neg0010,Pol0092
Pol0093,Neg0008,Pol0093
Pol0094,Neg0011,Pol0094
Pol0095,Neg0013,Pol0095
Pol0096,Ren0001,Pol0096
Pol0097,Neg0017,Pol0097
Pol0098,Pol0098,Pol0098
Pol0099,Neg0018,Pol0099
Pol0100,Neg0019,Pol0100
Pol0101,Neg0020,Pol0101
Pol0102,Neg0021,Pol0102
Pol0103,Pol0103,Pol0103
Pol0104,Neg0022,Pol0104
Pol0105,Neg0031,Pol0105
Pol0106,Neg0030,Pol0106
Pol0107,Neg0032,Pol0107
Pol0108,Pol0108,Pol0108
Pol0109,Pol0109,Pol0109
Pol0110,Pol0110,Pol0110
Pol0111,Pol0111,Pol0111
Pol0112,Neg0033,Pol0112
Pol0113,Neg0034,Pol0113
Pol0114,Neg0036,Pol0114
Pol0115,Ren0002,Pol0115
Pol0116,Pol0116,Pol0116
Pol0117,Pol0117,Pol0117
Pol0118,Pol0118,Pol0118
Pol0119,Neg0040,Pol0119
Pol0120,Neg0043,Pol0120
Pol0121,Ren0004,Pol0121
Pol0122,Ren0006,Pol0122
Pol0123,Ren0007,Pol0123
Pol0124,Ren0008,Pol0124
Pol0125,Ren0009,Pol0125
Pol0126,Pol0126,Pol0126
Pol0127,Ren0011,Pol0127
Pol0128,Neg0046,Pol0128
Pol0129,Pol0129,Pol0129
Pol0130,Neg0047,Pol0130
Pol0131,Neg0048,Pol0131
Pol0132,Pol0132,Pol0132
Pol0133,Ren0012,Pol0133
Pol0134,Ren0013,Pol0134
Pol0135,Ren0014,Pol0135
Pol0136,Ren0015,Pol0136
Pol0137,Neg0050,Pol0137
Pol0138,Pol0138,Pol0138
Pol0139,Ren0016,Pol0139
Pol0140,Pol0140,Pol0140
Pol0141,Ren0017,Pol0141
Pol0142,Ren0018,Pol0142
Pol0143,Neg0049,Pol0143
Pol0145,Neg0053,Pol0145
Pol0146,Neg0055,Pol0146
Pol0147,Neg0056,Pol0147
Pol0148,Neg0057,Pol0148
Pol0149,Neg0058,Pol0149
Pol0150,Ren0020,Pol0150
Pol0151,Neg0059,Pol0151
Pol0152,Pol0152,Pol0152
Pol0153,Ren0021,Pol0153
Pol0154,Ren0022,Pol0154
Pol0155,Ren0023,Pol0155
Pol0156,Ren0024,Pol0156
Pol0157,Ren0025,Pol0157
Pol0158,Neg0061,Pol0158
Pol0159,Neg0062,Pol0159
Pol0160,Ren0026,Pol0160
Pol0161,Pol0161,Pol0161
Pol0162,Pol0162,Pol0162
Pol0163,Pol0163,Pol0163
Pol0164,,Pol0164
Pol0165,Neg0060,Pol0165
Pol0166,Ren0027,Pol0166
Pol0167,Ren0028,Pol0167
Pol0168,Ren0029,Pol0168
Pol0169,Ren0135,Pol0169
Pol0170,Ren0045,Pol0170
Pol0171,Ren0051,Pol0171
Pol0172,Ren0055,Pol0172
Pol0173,Ren0056,Pol0173
Pol0174,sthdvtr,Pol0174
Pol0175,Ren0033,Pol0175
Pol0176,Ren0034,Pol0176
Pol0177,Ren0032,Pol0177
Pol0178,,Pol0178
Pol0179,Ren0041,Pol0179
Pol0180,Ren0036,Pol0180
Pol0181,Ren0043,Pol0181
Pol0182,Ren0046,Pol0182
Pol0183,Ren0030,Pol0183
Pol0184,Ren0122,Pol0184
Pol0185,,Pol0185
Pol0186,Ren0052,Pol0186
Pol0187,Ren0047,Pol0187
Pol0188,Ren0031,Pol0188
Pol0189,Neg0064,Pol0189
Pol0190,Neg0065,Pol0190
Pol0191,Ren0054,Pol0191
Pol0192,Ren0039,Pol0192
Pol0193,Ren0049,Pol0193
Pol0194,Ren0050,Pol0194
Pol0195,Ren0038,Pol0195
Pol0196,,Pol0196
Pol0197,Ren0040,Pol0197
Pol0198,Neg0067,Pol0198
Pol0199,Ren0037,Pol0199
Pol0200,Ren0053,Pol0200
Pol0201,Neg0066,Pol0201
Pol0202,Neg0069,Pol0202
Pol0203,Neg0051,Pol0203
Pol0204,Neg0070,Pol0204
Pol0205,Neg0071,Pol0205
Pol0206,Neg0074,Pol0206
Pol0207,Neg0072,Pol0207
Pol0208,Neg0073,Pol0208
Pol0209,Pol0209,Pol0209
Pol0210,Ren0057,Pol0210
Pol0211,Ren0058,Pol0211
Pol0212,Ren0059,Pol0212
Pol0213,Ren0060,Pol0213
Pol0214,Neg0075,Pol0214
Pol0215,Neg0076,Pol0215
Pol0216,Neg0077,Pol0216
Pol0217,Neg0078,Pol0217
Pol0218,Neg0079,Pol0218
Pol0219,Neg0080,Pol0219
Pol0220,Neg0081,Pol0220
Pol0221,Neg0082,Pol0221
Pol0222,Neg0083,Pol0222
Pol0223,Ren0061,Pol0223
Pol0224,Pol0224,Pol0224
Pol0225,Ren0062,Pol0225
Pol0226,Neg0084,Pol0226
Pol0227,Ren0064,Pol0227
Pol0228,Neg0086,Pol0228
Pol0229,Ren0065,Pol0229
Pol0230,Ren0066,Pol0230
Pol0231,Neg0089,Pol0231
Pol0232,Neg0087,Pol0232
Pol0233,Ren0067,Pol0233
Pol0234,Neg0091,Pol0234
Pol0235,Neg0090,Pol0235
Pol0236,Neg0088,Pol0236
Pol0237,Neg0092,Pol0237
Pol0238,Ren0068,Pol0238
Pol0239,Ren0069,Pol0239
Pol0240,Neg0093,Pol0240
Pol0241,Pol0241,Pol0241
Pol0242,Neg0156,Pol0242
Pol0243,Ren0070,Pol0243
Pol0244,Neg0158,Pol0244
Pol0245,Pol0245,Pol0245
Pol0246,Ren0071,Pol0246
Pol0247,Ren0072,Pol0247
Pol0248,Ren0073,Pol0248
Pol0249,Ren0074,Pol0249
Pol0250,,Pol0250
Pol0251,Ren0075,Pol0251
Pol0252,Ren0076,Pol0252
Pol0253,Neg0094,Pol0253
Pol0254,Neg0095,Pol0254
Pol0255,Neg0097,Pol0255
Pol0256,Neg0098,Pol0256
Pol0257,Neg0096,Pol0257
Pol0258,Ren0077,Pol0258
Pol0259,Ren0078,Pol0259
Pol0260,Ren0079,Pol0260
Pol0261,Neg0099,Pol0261
Pol0262,Neg0100,Pol0262
Pol0263,Ren0080,Pol0263
Pol0264,Neg0101,Pol0264
Pol0265,Neg0102,Pol0265
Pol0266,Ren0081,Pol0266
Pol0267,Ren0082,Pol0267
Pol0268,Ren0188,Pol0268
Pol0269,Ren0083,Pol0269
Pol0270,Ren0084,Pol0270
Pol0271,Neg0103,Pol0271
Pol0272,Ren0085,Pol0272
Pol0273,Ren0086,Pol0273
Pol0274,Ren0088,Pol0274
Pol0275,Ren0089,Pol0275
Pol0276,Ren0090,Pol0276
Pol0277,Ren0087,Pol0277
Pol0278,Ren0091,Pol0278
Pol0279,Ren0092,Pol0279
Pol0280,Ren0093,Pol0280
Pol0281,,Pol0281
Pol0282,Ren0094,Pol0282
Pol0283,Neg0105,Pol0283
Pol0284,Ren0096,Pol0284
Pol0285,Neg0104,Pol0285
Pol0286,Ren0095,Pol0286
Pol0287,Neg0106,Pol0287
Pol0288,Ren0097,Pol0288
Pol0289,Ren0098,Pol0289
Pol0290,Ren0099,Pol0290
Pol0291,Ren0100,Pol0291
Pol0292,Ren0101,Pol0292
Pol0293,Ren0102,Pol0293
Pol0294,Ren0103,Pol0294
Pol0295,Ren0105,Pol0295
Pol0296,Ren0106,Pol0296
Pol0297,Ren0107,Pol0297
Pol0298,Ren0106a,Pol0298
Pol0299,Ren0108,Pol0299
Pol0300,Ren0109,Pol0300
Pol0301,Ren0110,Pol0301
Pol0302,Ren0111,Pol0302
Pol0303,Neg0147,Pol0303
Pol0304,Ren0113,Pol0304
Pol0305,Neg0108,Pol0305
Pol0306,Ren0114,Pol0306
Pol0307,Pol0307,Pol0307
Pol0308,Neg0111,Pol0308
Pol0309,Neg0112,Pol0309
Pol0310,Ren0115,Pol0310
Pol0311,Neg0115,Pol0311
Pol0312,Neg0119,Pol0312
Pol0313,Ren0116,Pol0313
Pol0314,Ren0117,Pol0314
Pol0315,Ren0119,Pol0315
Pol0316,Ren0120,Pol0316
Pol0317,Ren0121,Pol0317
Pol0318,Ren0134,Pol0318
Pol0319,Ren0123,Pol0319
Pol0320,Ren0124,Pol0320
Pol0321,Ren0125,Pol0321
Pol0322,Ren0126,Pol0322
Pol0323,Ren0127,Pol0323
Pol0324,Ren0128,Pol0324
Pol0325,Ren0129,Pol0325
Pol0326,Ren0130,Pol0326
Pol0327,Ren0131,Pol0327
Pol0328,Ren0132,Pol0328
Pol0329,Ren0133,Pol0329
Pol0330,Neg0107,Pol0330
Pol0331,Neg0109,Pol0331
Pol0332,Neg0110,Pol0332
Pol0333,Neg0113,Pol0333
Pol0334,Neg0114,Pol0334
Pol0335,Neg0117,Pol0335
Pol0336,Neg0118,Pol0336
Pol0337,Pol0337,Pol0337
Pol0338,Ren0137,Pol0338
Pol0339,Ren0138,Pol0339
Pol0340,Neg0126,Pol0340
Pol0341,Ren0139,Pol0341
Pol0342,Ren0140,Pol0342
Pol0343,Ren0141,Pol0343
Pol0344,Ren0142,Pol0344
Pol0345,Neg0123,Pol0345
Pol0346,Ren0143,Pol0346
Pol0347,Ren0144,Pol0347
Pol0348,Ren0145,Pol0348
Pol0349,Neg0130,Pol0349
Pol0350,Ren0146,Pol0350
Pol0351,Ren0147,Pol0351
Pol0352,Ren0149,Pol0352
Pol0353,Ren0150,Pol0353
Pol0354,Pol0354,Pol0354
Pol0355,Ren0151,Pol0355
Pol0356,Ren0152,Pol0356
Pol0357,Ren0153,Pol0357
Pol0358,Ren0154,Pol0358
Pol0359,Ren0155,Pol0359
Pol0360,Ren0156,Pol0360
Pol0361,Ren0157,Pol0361
Pol0362,Ren0158,Pol0362
Pol0363,Neg0138,Pol0363
Pol0364,Ren0159,Pol0364
Pol0365,Ren0160,Pol0365
Pol0366,Neg0149,Pol0366
Pol0367,Ren0161,Pol0367
Pol0368,Neg0150,Pol0368
Pol0369,Neg0148,Pol0369
Pol0370,Ren0162,Pol0370
Pol0371,Neg0151,Pol0371
Pol0372,Neg0152,Pol0372
Pol0373,Ren0163,Pol0373
Pol0374,Ren0164,Pol0374
Pol0375,Ren0165,Pol0375
Pol0376,Ren0166,Pol0376
Pol0377,Ren0167,Pol0377
Pol0378,Ren0168,Pol0378
Pol0379,Ren0169,Pol0379
Pol0380,Neg0155,Pol0380
Pol0381,Ren0170,Pol0381
Pol0382,Ren0171,Pol0382
Pol0383,Ren0172,Pol0383
Pol0384,Pol03843,Pol0384
Pol0385,Ren0173,Pol0385
Pol0386,Ren0174,Pol0386
Pol0387,Ren0175,Pol0387
Pol0388,Ren0176,Pol0388
Pol0389,Neg0161,Pol0389
Pol0390,Neg0159,Pol0390
Pol0391,Ren0177,Pol0391
Pol0392,Ren0178,Pol0392
Pol0393,Ren0179,Pol0393
Pol0394,Ren0180,Pol0394
Pol0395,Ren0181,Pol0395
Pol0396,Ren0182,Pol0396
Pol0397,Neg0164,Pol0397
Pol0398,Ren0183,Pol0398
Pol0399,Ren0184,Pol0399
Pol0400,Ren0185,Pol0400
Pol0401,Ren0186,Pol0401
Pol0402,Ren0187,Pol0402
8cadec11,8888cabf,8cadec11
c83a0e03,Ren0189,c83a0e03
83829038,6a5b6dbd,83829038
803dc2d1,70481678,803dc2d1
e27da4a6,f54a06b1,e27da4a6
2bf2b944,e95a9c19,2bf2b944
f0556099,7374a157,f0556099
09d37c47,87ce1377,09d37c47
c0c8928a,647c439f,c0c8928a
e74b0b6f,be41bc58,e74b0b6f
40784a6d,0c01f653,40784a6d
c94ee9b2,9632e8b5,c94ee9b2
bee48083,74604db5,bee48083
ca99f3df,8fa6ddd5,ca99f3df
f6d7c27d,d74a477f,f6d7c27d
60142d69,cb39f0ab,60142d69
4d215b97,6741304c,4d215b97
177c7a90,Neg0166,177c7a90
bb95f0ea,2d6bb025,bb95f0ea
c5235e0d,8aaf46ba,c5235e0d
dd9931ed,ed5fd0f1,dd9931ed
01e808b3,6e6b8483,01e808b3
4d790378,3a696d4b,4d790378
6687c266,bf064cda,6687c266
372dc73d,de9ea92b,372dc73d
febaf480,a1bc1d28,febaf480
f390fd52,3670afd7,f390fd52
e584acf4,c83f0584,e584acf4
ac67dd8d,57f54aa0,ac67dd8d
34c36ce7,c03c9974,34c36ce7
68d7e8aa,Ren0190,68d7e8aa
02fa9689,1c1623bf,02fa9689
378d4436,02b49c5e,378d4436
ebcc3572,212d60e3,ebcc3572
b15bee89,13ec6c2a,b15bee89
f07a045b,8da00208,f07a045b
4eeec35b,e9c41762,4eeec35b
6823a021,ee16754f,6823a021
73953dda,0d1e7bdd,73953dda
89c30c2c,699ec3d6,89c30c2c
24bebbb1,970cd1c3,24bebbb1
fd5d2dbd,ac927ec4,fd5d2dbd
dd06fc9b,53072e4c,dd06fc9b
6f77f7a2,04ac1008,6f77f7a2
b49a85dc,32936c02,b49a85dc
4b5a6e9e,dee879df,4b5a6e9e
091af608,a49e8330,091af608
3e4ce098,d4146c05,3e4ce098
8ae86143,a0d39f46,8ae86143
e98353a7,d1f02d61,e98353a7
71b3d440,ac927ec421,71b3d440
5613b4e6,dee8757839df,5613b4e6
063e1f41,32936c0152,063e1f41
3fb6a15b,a49e8324530,3fb6a15b
1dd16a71,d4146c056534,1dd16a71
8cff200d,8da002538,8cff200d
c7673ca8,3daa9575,c7673ca8
527880c6,44db2753,527880c6
61beadd7,e200030b,61beadd7
861954f5,8bda7d27,861954f5
538f9acf,82bd9642,538f9acf
9577cc21,543066bb,9577cc21
1cdb8e22,6f92d466,1cdb8e22
126fc801,6a6d843f,126fc801
8544d8f1,d51d7ce2,8544d8f1
218baf40,280d59cc,218baf40
0f97710e,a80db467,0f97710e
69567346,0598c408,69567346
64003e8e,f3c3e533,64003e8e
aa4f1291,5a79ad75,aa4f1291
7dfe8fed,8834ad0e,7dfe8fed
f58c5d97,203b877c,f58c5d97
15323d8a,ab5d0c04,15323d8a
778607fc,cfb4e007,778607fc
be6242a8,7b14721e,be6242a8
bcdf49b7,b6f8a30c,bcdf49b7
5d947ab4,32da4e0c,5d947ab4
1dbea262,ad93ea2b,1dbea262
0aa0b1eb,c3a78960,0aa0b1eb
fdb68a3f,7e44c039,fdb68a3f
990b9461,0b31b71e,990b9461
ee385778,b1f94b07,ee385778
e8c76d47,60351732,e8c76d47
35ed3d04,2c5af2fa,35ed3d04
9db2cab3,30ec9962,9db2cab3
91b4c220,ee2843f2,91b4c220
b286b262,c22f5f90,b286b262
cb753825,f7e1c371,cb753825
4f382fb9,af53e0dd,4f382fb9
842e948f,8351632a,842e948f
0d2ce436,68a18954,0d2ce436
c918e9be,e0d7dfc2,c918e9be
87142d52,fcc910b9,87142d52
b233aeee,2e415aa7,b233aeee
28cbe33a,5423a1e7,28cbe33a
ae359c90,9068243c,ae359c90
76315657,e55a81be,76315657
76c6f684,00ae15c1,76c6f684
663a6900,aa113c96,663a6900
7a699e07,ca0659a3,7a699e07
711fb40c,23872a90,711fb40c
c22287da,b1733951,c22287da
5c8b178e,447e79d6,5c8b178e
f165efdc,2856c70a,f165efdc
c72c35ed,339fa3f933,c72c35ed
8126f25b,339fa3f849,8126f25b
1dd80b27,339fa3f765,1dd80b27
3a9386ac,339fa3f681,3a9386ac
945b4595,339fa3f597,945b4595
bc371268,339fa3f513,bc371268
48aab7e9,339fa3f429,48aab7e9
0e446ef9,339fa3f345,0e446ef9
1f873d71,339fa3f261,1f873d71
ce951e52,339fa3f177,ce951e52
55591332,339fa3f93,55591332
6a4273e8,339fa3f9,6a4273e8
e6dd779d,a34ebb14,e6dd779d
c6244feb,9614284a,c6244feb
e25f4ff6,7edb0d4b,e25f4ff6
73707a89,e6aa8b9a,73707a89
7f586818,6538a3f3,7f586818
0e35ebec,8187f4d0,0e35ebec
738bb159,fff74322,738bb159
40dd730d,c2a3a5b8,40dd730d
edfb5fc6,e0fa476e,edfb5fc6
fc481f80,d09543a6,fc481f80
619fbb0f,84cf7d14,619fbb0f
dcaaafc0,a4caf327,dcaaafc0
d70adad7,badb11dd,d70adad7
c411fa00,9f17dea2,c411fa00
a06a38ca,304b3cf5,a06a38ca
4b5b8cf7,0f938ac0,4b5b8cf7
859c919e,98d5e628,859c919e
de07449d,18b91ed7,de07449d
8f97448b,5b28fbe7,8f97448b
9aee3438,4bc35765,da6291c9
5fefc6ec,2a7b8c5f,2336038d
163b0bb8,e4e057cf,5bb456ac
08a8193e,de2d43b6,2808be11
08a3ea6d,d409d0a1,c80c7c91
9ef872a7,83945dfb,aeba357c
296eddf9,f3c2adf3,0e8f3562
70ce84bf,c2c8516c,7cdb67be
617d8ae2,1052a1a4,e8572cba
c7957ea3,0ff7fff4,94f62af4