ID,Documento,Tipo,Movimiento,Fecha Emisión,Glosa,Item,Recibo,N° Endoso,PDF Folio,PDF Endoso,PDF Recibo,Condiciones,Solicitud Finalizada?,Impresión PDF,Comentarios
Sol0001,Doc0042,Propuesta,Nueva,13/12/2022,Plan DM + RC UF 5 JGXB52 Suzuki Baleno 2017,,11046284,,/Gestión/Pólizas/Solicitudes/13-12-22 Sol0001 Pol 61637993.pdf,,,,TRUE,Impreso,Folio Antiguo P001
Sol0002,Doc0051,Propuesta,Nueva,18/1/2023,Cuenta Rent-A-Car Jorge Faunes,,230119-002789,,/Gestión/Pólizas/Solicitudes/18-01-23 Sol0002 Pol 300316206.pdf,,,,TRUE,Impreso,Folio Antiguo P002
Sol0003,Doc0055,Propuesta,Nueva,31/1/2023,"Renovación en iguales condiciones, más cambio de corredor",,230131-000212,,/Gestión/Pólizas/Solicitudes/31-01-23 Sol0003 Pol 300319630.pdf,,,,TRUE,Impreso,Folio Antiguo P003
Sol0004,Doc0056,Propuesta,Nueva,31/1/2023,"Renovación en iguales condiciones, más cambio de corredor",,230131-000248,,/Gestión/Pólizas/Solicitudes/31-01-23 Sol0004 Pol 300316568.pdf,,,,TRUE,Impreso,Folio Antiguo P004
Sol0005,Doc0057,Propuesta,Nueva,31/1/2023,"Renovación en iguales condiciones, más cambio de corredor",,230131-000269,,/Gestión/Pólizas/Solicitudes/31-01-23 Sol0005 Pol 300319760.pdf,,,,TRUE,Impreso,Folio Antiguo P005
Sol0006,Doc0058,Propuesta,Renovación,1/2/2023,Renovar y cambiar de corredor.,,Okay,,/Gestión/Pólizas/Solicitudes/01-02-23 Sol0006 Pol 1298313.pdf,,,,TRUE,Impreso,Folio Antiguo P006
Sol0007,Doc0059,Propuesta,Nueva,1/2/2023,Ingreso a convenio nuevo,,230201-000594,,/Gestión/Pólizas/Solicitudes/01-02-23 Sol0007 Pol 300320704.pdf,,,,TRUE,Impreso,Folio Antiguo P007
Sol0008,Doc0060,Propuesta,Renovación,1/2/2023,Renovar y cambiar de corredor.,,Okay,,/Gestión/Pólizas/Solicitudes/01-02-23 Sol0008 Pol 1299088.pdf,,,,TRUE,Impreso,Folio Antiguo P008
Sol0009,Doc0061,Propuesta,Renovación,1/2/2023,Renovar y cambiar de corredor.,,Okay,,/Gestión/Pólizas/Solicitudes/01-02-23 Sol0009 Pol 1299085.pdf,,,,TRUE,Impreso,Folio Antiguo P009
Sol0010,Doc0063,Propuesta,Renovación,1/2/2023,Renovar y cambiar de corredor.,,Okay,,/Gestión/Pólizas/Solicitudes/01-02-23 Sol0010 Pol 1299083.pdf,,,,TRUE,Impreso,Folio Antiguo P011
Sol0011,Doc0064,Propuesta,Renovación,1/2/2023,Renovar y cambiar de corredor.,,Okay,,/Gestión/Pólizas/Solicitudes/01-02-23 Sol0011 Pol 1298683.pdf,,,,TRUE,Impreso,Folio Antiguo P012
Sol0012,Doc0065,Propuesta,Renovación,1/2/2023,Renovar y cambiar de corredor.,,Okay,,/Gestión/Pólizas/Solicitudes/01-02-23 Sol0012 Pol 1299667.pdf,,,,TRUE,Impreso,Folio Antiguo P013
Sol0013,Doc0066,Propuesta,Renovación,1/2/2023,Renovar y cambiar de corredor.,,Okay,,/Gestión/Pólizas/Solicitudes/01-02-23 Sol0013 Pol 1301966.pdf,,,,TRUE,Impreso,Folio Antiguo P014
Sol0014,Doc0067,Propuesta,Renovación,1/2/2023,Renovar y cambiar de corredor.,,Okay,,/Gestión/Pólizas/Solicitudes/01-02-23 Sol0014 Pol 1301965.pdf,,,,TRUE,Impreso,Folio Antiguo P015
Sol0015,Doc0068,Propuesta,Nueva,1/2/2023,Ingreso a convenio nuevo,,230201-001686,,/Gestión/Pólizas/Solicitudes/01-02-23 Sol0015 Pol 300405315.pdf,,,,TRUE,Impreso,Folio Antiguo P016
Sol0016,Doc0069,Propuesta,Nueva,1/2/2023,"Nueva póliza por traspaso de cartera.
Reemplaza póliza 61649893",,11166776,,/Gestión/Pólizas/Solicitudes/01-02-23 Sol0016 Pol 61657607.pdf,,,,TRUE,Impreso,Folio Antiguo P017
Sol0017,Doc0070,Propuesta,Nueva,1/2/2023,Ingreso a convenio nuevo,,230201-002029,,/Gestión/Pólizas/Solicitudes/01-02-23 Sol0017 Pol 300320685.pdf,,,,TRUE,Impreso,Folio Antiguo P018
Sol0018,Doc0072,Propuesta,Nueva,6/2/2023,Ingreso a convenio nuevo,,230206-002251,,/Gestión/Pólizas/Solicitudes/06-02-23 Sol0018 Pol 300320844.pdf,,,,TRUE,Impreso,Folio Antiguo P019
Sol0019,Doc0073,Propuesta,Renovación,6/2/2023,Renueva con Cambio de Corredor,,Okay,,/Gestión/Pólizas/Solicitudes/06-02-23 Sol0019 Pol 1299669.pdf,,,,TRUE,Impreso,Folio Antiguo P020
Sol0020,Doc0074,Propuesta,Renovación,7/2/2023,Renueva con Cambio de Corredor,,Okay,,/Gestión/Pólizas/Solicitudes/07-02-23 Sol0020 Pol 1299668.pdf,,,,TRUE,Impreso,Folio Antiguo P021
Sol0021,Doc0075,Propuesta,Renovación,7/2/2023,Renueva con Cambio de Corredor,,Okay,,/Gestión/Pólizas/Solicitudes/07-02-23 Sol0021 Pol 1299102.pdf,,,,TRUE,Impreso,Folio Antiguo P022
Sol0022,Doc0076,Propuesta,Nueva,9/2/2023,Ingresa a Convenio con continuidad de cobertura Pol 6552048 Chilena,,230209-000681,,/Gestión/Pólizas/Solicitudes/09-02-23 Sol0022 Pol 300330851.pdf,,,,TRUE,Impreso,Folio Antiguo P023
Sol0023,Doc0037,Endoso,Modificación,10/2/2023,Corrección de Comisión. Debe ser 3%. Sin movimiento de prima.,,14618191,,/Gestión/Pólizas/Solicitudes/10-02-23 Sol0023 Pol QP1006093.pdf,,,,TRUE,Impreso,Folio Antiguo E001
Sol0024,Doc0050,Endoso,Modificación,10/2/2023,"Cambiar  Asegurado Beneficiario. Cambiar comisión, debe ser 3%, Sin movimiento de prima",,14618216,,/Gestión/Pólizas/Solicitudes/10-02-23 Sol0024 Pol QP1016526.pdf,,,,TRUE,Impreso,Folio Antiguo E002
Sol0025,Doc0053,Endoso,Modificación,10/2/2023,Cambio de Domicilio de póliza,,230210-012205,,/Gestión/Pólizas/Solicitudes/10-02-23 Sol0025 Pol 100050650.pdf,,,,TRUE,Impreso,Folio Antiguo E003
Sol0026,Doc0036,Endoso,Cambio Corredor,13/2/2023,Cambio de Corredor con movimiento de prima. Se adjunta carta de asignación.,,14624317,,/Gestión/Pólizas/Solicitudes/13-02-23 Sol0026 Pol QP998011.pdf,,,,TRUE,Impreso,Folio Antiguo E004
Sol0027,Doc0083,Propuesta,Nueva,16/2/2023,Ingreso a convenio Cabrera,,230216-000168,,/Gestión/Pólizas/Solicitudes/16-02-23 Sol0027 Pol 300322417.pdf,,,,TRUE,Impreso,Folio Antiguo P024
Sol0028,Doc0084,Propuesta,Nueva,17/2/2023,"Ingreso a convenio Cabrera, con continuidad de cobertura. BCI Pol QP000919147",,230217-000884,,/Gestión/Pólizas/Solicitudes/17-02-23 Sol0028 Pol 300330202.pdf,,,,TRUE,Impreso,Folio Antiguo P025
Sol0029,Doc0125,Propuesta,Nueva,20/2/2023,Propuesta automática sistema Renta n°: 25982,,Okay,,/Gestión/Pólizas/Solicitudes/20-02-23 Sol0029 Pol 1302603.pdf,,,,TRUE,Impreso,Folio Antiguo P026
Sol0030,Doc0121,Propuesta,Renovación,23/2/2023,"Propuesta automática, emisión directa",,Okay,,/Gestión/Pólizas/Solicitudes/23-02-23 Sol0030 Pol QP1022427.pdf,,,,TRUE,Impreso,Folio Antiguo P027
Sol0031,Doc0058,Endoso,Modificación,27/2/2023,"Comisión incorrecta. Debería ser 16%
Se adjunto correo de condiciones de renovación",,15798974,,/Gestión/Pólizas/Solicitudes/27-02-23 Sol0031 Pol 1298313.pdf,,,,TRUE,Impreso,Folio Antiguo E005
Sol0032,Doc0060,Endoso,Modificación,27/2/2023,"Comisión incorrecta. Debería ser 16%
Se adjunto correo de condiciones de renovación",,15798976,,/Gestión/Pólizas/Solicitudes/27-02-23 Sol0032 Pol 1299088.pdf,,,,TRUE,Impreso,Folio Antiguo E006
Sol0033,Doc0061,Endoso,Modificación,27/2/2023,"Comisión incorrecta. Debería ser 16%
Se adjunto correo de condiciones de renovación",,15798981,,/Gestión/Pólizas/Solicitudes/27-02-23 Sol0033 Pol 1299085.pdf,,,,TRUE,Impreso,Folio Antiguo E007
Sol0034,Doc0064,Endoso,Modificación,27/2/2023,"Comisión incorrecta. Debería ser 16%
Se adjunto correo de condiciones de renovación",,15798983,,/Gestión/Pólizas/Solicitudes/27-02-23 Sol0034 Pol 1298683.pdf,,,,TRUE,Impreso,Folio Antiguo E008
Sol0035,Doc0074,Endoso,Modificación,27/2/2023,"Comisión incorrecta. Debería ser 16%
Se adjunta correo de condiciones de renovación",,"Sistema Malo
Enviado por correo",,/Gestión/Pólizas/Solicitudes/27-02-23 Sol0035 Pol 1299668.pdf,,,,TRUE,Impreso,Folio Antiguo E009
Sol0036,Doc0063,Endoso,Modificación,27/2/2023,"Comisión incorrecta. Debería ser 16%
Se adjunta correo de condiciones de renovación
Actualizar correo del contratante",,15798985,,/Gestión/Pólizas/Solicitudes/27-02-23 Sol0036 Pol 1299083.pdf,,,,TRUE,Impreso,Folio Antiguo E010
Sol0037,Doc0073,Endoso,Modificación,27/2/2023,"Comisión incorrecta. Debería ser 16%
Se adjunta correo de condiciones de renovación
Actualizar correo del contratante",,"Sistema Malo
Enviado por correo",,/Gestión/Pólizas/Solicitudes/27-02-23 Sol0037 Pol 1299669.pdf,,,,TRUE,Impreso,Folio Antiguo E011
Sol0038,Doc0075,Endoso,Modificación,27/2/2023,"Límite asegurado para RC incorrecto. 
Debería ser UF2500, y nó UF2000",,15798987,,/Gestión/Pólizas/Solicitudes/27-02-23 Sol0038 Pol 1299102.pdf,,,,TRUE,Impreso,Folio Antiguo E012
Sol0039,Doc0065,Endoso,Modificación,27/2/2023,"Prima incorrecta. Debería ser Neta UF 19,55.
Se adjunta correo de condiciones de renovación",,"Sistema Malo
Enviado por correo",,/Gestión/Pólizas/Solicitudes/27-02-23 Sol0039 Pol 1299667.pdf,,,,TRUE,Impreso,Folio Antiguo E013
Sol0040,Doc0126,Propuesta,Nueva,1/3/2023,Propuesta automática sistema Renta N°: 26411,,Okay,,/Gestión/Pólizas/Solicitudes/01-03-23 Sol0040 Pol 1302802.pdf,,,,TRUE,Impreso,Folio Antiguo P028
Sol0041,Doc0117,Endoso,Cambio Corredor,1/3/2023,Cambio de Corredor con movimiento de prima. Se adjunta carta de asignación.,,14684126,,/Gestión/Pólizas/Solicitudes/01-03-23 Sol0041 Pol QP1016937.pdf,,,,TRUE,Impreso,Folio Antiguo E014
Sol0042,Doc0085,Propuesta,Nueva,8/3/2023,Ingreso a convenio,,230308-002693,,/Gestión/Pólizas/Solicitudes/08-03-23 Sol0042 Pol 300329293.pdf,,,,TRUE,Impreso,Folio Antiguo P029
Sol0043,Doc0127,Endoso,Modificación,10/3/2023,"IVA mal Calculado.
Denbería ser 5,57; no 5,59",,15808233,,/Gestión/Pólizas/Solicitudes/10-03-23 Sol0043 Pol 1302793.pdf,,,,TRUE,Impreso,Folio Antiguo E015
Sol0044,Doc0062,Endoso,Anulación,10/3/2023,Anular desde inicio. Cliente no acepto renovación,,15808232,,/Gestión/Pólizas/Solicitudes/10-03-23 Sol0044 Pol 1301967.pdf,,,,TRUE,Impreso,Folio Antiguo E016
Sol0045,Doc0126,Endoso,Modificación,10/3/2023,"Modificar plan de pago a PAC
Inversiones Santa Fernanda Ltda.
77.868.950-2
Banco Scotiabank
Cta. Cte. 971994800
Representante legal:  Roberto Espinoza Osorio, rut 10.198.056-1",,15808234,,/Gestión/Pólizas/Solicitudes/10-03-23 Sol0045 Pol 1302802.pdf,,,,TRUE,Impreso,Folio Antiguo E017
Sol0046,Doc0086,Propuesta,Nueva,15/3/2023,Ingreso a convenio,,230315-001261,,/Gestión/Pólizas/Solicitudes/15-03-23 Sol0046 Pol 300329874.pdf,,,,TRUE,Impreso,Folio Antiguo P030
Sol0047,Doc0076,Endoso,Modificación,17/3/2023,"En Base a las condiciones del convenio las coberturas deberían ser
RC LUC = 3000
Asistencia Plus
Taller de marca",,230317-001246,,/Gestión/Pólizas/Solicitudes/17-03-23 Sol0047 Pol 300330851.pdf,,,,TRUE,Impreso,Folio Antiguo E018
Sol0048,Doc0084,Endoso,Modificación,17/3/2023,"En Base a las condiciones del convenio las coberturas deberían ser
RC LUC = 3000
Comisión 16%",,230317-001250,,/Gestión/Pólizas/Solicitudes/17-03-23 Sol0048 Pol 300330202.pdf,,,,TRUE,Impreso,Folio Antiguo E019
Sol0049,Doc0085,Endoso,Modificación,17/3/2023,"En Base a las condiciones del convenio las coberturas deberían ser
RC LUC = 3000
Asistencia Plus
Taller de marca",,230317-001264,,/Gestión/Pólizas/Solicitudes/17-03-23 Sol0049 Pol 300329293.pdf,,,,TRUE,Impreso,Folio Antiguo E020
Sol0050,Doc0086,Endoso,Modificación,17/3/2023,"En Base a las condiciones del convenio las coberturas deberían ser
RC LUC = 3000
Asistencia Plus
Taller de marca",,230317-001268,,/Gestión/Pólizas/Solicitudes/17-03-23 Sol0050 Pol 300329874.pdf,,,,TRUE,Impreso,Folio Antiguo E021
Sol0051,Doc0088,Propuesta,Nueva,3/4/2023,Ingreso a convenio,,230403-001568,,/Gestión/Pólizas/Solicitudes/03-04-23 Sol0051 Pol 300335562.pdf,,,,TRUE,Impreso,Folio Antiguo P031
Sol0052,Doc0130,Propuesta,Nueva,17/4/2023,Propuesta automática sistema Renta N°:,,1314530-1,,/Gestión/Pólizas/Solicitudes/17-04-23 Sol0052 Pol 1314530.pdf,,,,TRUE,Impreso,Folio Antiguo P032
Sol0053,Doc0131,Propuesta,Renovación,27/4/2023,Renovación con cambio de corredor,,11421111,,/Gestión/Pólizas/Solicitudes/27-04-23 Sol0053 Pol 61690517.pdf,,,,TRUE,Impreso,Folio Antiguo P033
Sol0054,Doc0131,Endoso,Modificación,8/5/2023,"Modificar Correo de contacto del cliente.
Correo correcto: Logosur9@gmail.com",,Automático Sistema,,/Gestión/Pólizas/Solicitudes/08-05-23 Sol0054 Pol 61690517.pdf,,,,TRUE,Impreso,Folio Antiguo E022
Sol0055,Doc0052,Endoso,Exclusión,6/6/2023,Excluir de póliza a solicitud del cliente,,Listo,,/Gestión/Pólizas/Solicitudes/06-06-23 Sol0055 Pol 300316206.pdf,,,,TRUE,Impreso,Folio Antiguo E023
Sol0056,Doc0090,Propuesta,Nueva,7/6/2023,Ingreso a convenio Cabrera,,No Salió,,/Gestión/Pólizas/Solicitudes/07-06-23 Sol0056 Pol 300352253.pdf,,,,TRUE,Impreso,Folio Antiguo P034
Sol0057,Doc0091,Propuesta,Nueva,8/6/2023,Ingreso a convenio Cabrera,,230608-002445,,/Gestión/Pólizas/Solicitudes/08-06-23 Sol0057 Pol 300352530.pdf,,,,TRUE,Impreso,Folio Antiguo P035
Sol0058,Doc0136,Propuesta,Renovación,9/6/2023,Renovación y cambio de corredor,,11638149,,/Gestión/Pólizas/Solicitudes/09-06-23 Sol0058 Pol 61719330.pdf,,,,TRUE,Impreso,Folio Antiguo P036
Sol0059,Doc0138,Propuesta,Nueva,9/6/2023,Nuevo Ingreso,,11566335,,/Gestión/Pólizas/Solicitudes/09-06-23 Sol0059 Pol 61714613.pdf,,,,TRUE,Impreso,Folio Antiguo P037
Sol0060,Doc0141,Propuesta,Nueva,22/6/2023,Transporte de Vehículos nuevos y usados,,25831950406,,/Gestión/Pólizas/Solicitudes/22-06-23 Sol0060 Pol 50108.pdf,,,,TRUE,Impreso,Folio Antiguo P038
Sol0061,Doc0143,Propuesta,Renovación,29/6/2023,Renovación con cambio de corredor,,11628687,,/Gestión/Pólizas/Solicitudes/29-06-23 Sol0061 Pol 16058851.pdf,,,,TRUE,Impreso,Folio Antiguo P039
Sol0062,Doc0144,Propuesta,Renovación,29/6/2023,"Renovar en Iguales condiciones, con cambio de corredor",,11628694,,/Gestión/Pólizas/Solicitudes/29-06-23 Sol0062 Pol 23032172.pdf,,,,TRUE,Impreso,Folio Antiguo P040
Sol0063,Doc0145,Propuesta,Renovación,29/6/2023,"Renovar en Iguales condiciones, con cambio de corredor",,11628696,,/Gestión/Pólizas/Solicitudes/29-06-23 Sol0063 Pol 61719244.pdf,,,,TRUE,Impreso,Folio Antiguo P041
Sol0064,Doc0146,Propuesta,Renovación,29/6/2023,"Renovar en Iguales condiciones, con cambio de corredor",,11628699,,/Gestión/Pólizas/Solicitudes/29-06-23 Sol0064 Pol 61719125.pdf,,,,TRUE,Impreso,Folio Antiguo P042
Sol0065,Doc0092,Endoso,Cancelación,30/6/2023,Cancelar seguro a contar de hoy a solicitud del cliente,,11629192,,/Gestión/Pólizas/Solicitudes/30-06-23 Sol0065 Pol 61657607.pdf,,,,TRUE,Impreso,Folio Antiguo E024
Sol0066,Doc0154,Propuesta,Nueva,3/7/2023,Nuevo Ingreso,,Emisión Directa,,/Gestión/Pólizas/Solicitudes/03-07-23 Sol0066 Pol 600006542.pdf,,,,TRUE,Impreso,Folio Antiguo P043
Sol0067,Doc0093,Propuesta,Nueva,4/7/2023,Ingreso a convenio Cabrera,,230704-000956,,/Gestión/Pólizas/Solicitudes/04-07-23 Sol0067 Pol 300359877.pdf,,,,TRUE,Impreso,Folio Antiguo P044
Sol0068,Doc0094,Propuesta,Nueva,4/7/2023,Ingreso a convenio Cabrera,,230704-001034,,/Gestión/Pólizas/Solicitudes/04-07-23 Sol0068 Pol 300359627.pdf,,,,TRUE,Impreso,Folio Antiguo P045
Sol0069,Doc0095,Propuesta,Nueva,4/7/2023,Ingreso a convenio Cabrera,,230704-001042,,/Gestión/Pólizas/Solicitudes/04-07-23 Sol0069 Pol 300359828.pdf,,,,TRUE,Impreso,Folio Antiguo P046
Sol0070,Doc0096,Propuesta,Nueva,4/7/2023,Ingreso a convenio Cabrera,,230704-001048,,/Gestión/Pólizas/Solicitudes/04-07-23 Sol0070 Pol 300359803.pdf,,,,TRUE,Impreso,Folio Antiguo P047
Sol0071,Doc0093,Endoso,Modificación,5/7/2023,"Comisión Incorrecta. Sale %13, debería ser %16
Sin movimiento de prima",,230705-003298,,/Gestión/Pólizas/Solicitudes/05-07-23 Sol0071 Pol 300359877.pdf,,,,TRUE,Impreso,Folio Antiguo E025
Sol0072,Doc0095,Endoso,Modificación,6/7/2023,"Coberturas de RC y Asistencia Incorrectas. 
RC debería ser UF 3000. Asistencia debería ser Plus. 
Sin movimiento de prima",,230706-009836,,/Gestión/Pólizas/Solicitudes/06-07-23 Sol0072 Pol 300359828.pdf,,,,TRUE,Impreso,Folio Antiguo E026
Sol0073,Doc0099,Propuesta,Nueva,7/7/2023,Ingreso a convenio Cabrera,,230707-002559,,/Gestión/Pólizas/Solicitudes/07-07-23 Sol0073 Pol 300360515.pdf,,,,TRUE,Impreso,Folio Antiguo P048
Sol0074,Doc0160,Propuesta,Nueva,10/7/2023,Renovación y cambio de corredor,,11665317,,/Gestión/Pólizas/Solicitudes/10-07-23 Sol0074 Pol 20536490.pdf,,,,TRUE,Impreso,Folio Antiguo P049
Sol0075,Doc0143,Endoso,Modificación,17/7/2023,Modificación de condiciones. Renovación salió con aumento. Condiciones de renovación indican renovar sin aumento.,,11682082,,/Gestión/Pólizas/Solicitudes/17-07-23 Sol0075 Pol 16058851.pdf,,,,TRUE,Impreso,Folio Antiguo E027
Sol0076,Doc0156,Propuesta,Nueva,1/8/2023,"Emisión de póliza bajo nuevo Corredor, con condiciones de póliza n° 20524634
Se incluye correo de respaldo",,11732199,,/Gestión/Pólizas/Solicitudes/01-08-23 Sol0076 Pol 20537302.pdf,,,,TRUE,Impreso,Folio Antiguo P050
Sol0077,Doc0146,Endoso,Modificación,1/8/2023,"Modificación de plan de pago.
Póliza fue emitida en 3 cuotas por equivocación.
Ya habiéndose pagado una cuota, dividir el resto en 9 a contar del 25-09",,CL_2023_90723,,/Gestión/Pólizas/Solicitudes/01-08-23 Sol0077 Pol 61719125.pdf,,,,TRUE,Impreso,Folio Antiguo E028
Sol0078,Doc0148,Endoso,Exclusión,2/8/2023,Exclusión a solicitud del asegurado,,Enviado por correo a gaveta virtual,,/Gestión/Pólizas/Solicitudes/02-08-23 Sol0078 Pol 61719125.pdf,,,,TRUE,Impreso,Folio Antiguo E029
Sol0079,Doc0151,Endoso,Exclusión,2/8/2023,Exclusión a solicitud del asegurado,,Enviado por correo a gaveta virtual,,/Gestión/Pólizas/Solicitudes/02-08-23 Sol0079 Pol 61719125.pdf,,,,TRUE,Impreso,Folio Antiguo E030
Sol0080,Doc0149,Endoso,Exclusión,2/8/2023,Exclusión a solicitud del asegurado,,Enviado por correo a gaveta virtual,,/Gestión/Pólizas/Solicitudes/02-08-23 Sol0080 Pol 16058851.pdf,,,,TRUE,Impreso,Folio Antiguo E031
Sol0081,Doc0143,Endoso,Inclusión,2/8/2023,Inclusión a solicitud del asegurado,,11739365,,/Gestión/Pólizas/Solicitudes/02-08-23 Sol0081 Pol 16058851.pdf,,,,TRUE,Impreso,Folio Antiguo E032
Sol0082,Doc0161,Propuesta,Renovación,4/8/2023,"Renovación Pol EP251388 con iguales condiciones y cambio de corredor. 
Se adjunta respaldo de condiciones y carta de asignación de corredor",,15244561,,/Gestión/Pólizas/Solicitudes/04-08-23 Sol0082 Pol QP1066578.pdf,,,,TRUE,Impreso,Folio Antiguo P051
Sol0083,Doc0147,Endoso,Inclusión,7/8/2023,Inclusión a solicitud del asegurado,,11743749,,/Gestión/Pólizas/Solicitudes/07-08-23 Sol0083 Pol 61719125.pdf,,,,TRUE,Impreso,Folio Antiguo E033
Sol0084,Doc0150,Endoso,Inclusión,7/8/2023,Inclusión a solicitud del asegurado,,11743754,,/Gestión/Pólizas/Solicitudes/07-08-23 Sol0084 Pol 61719125.pdf,,,,TRUE,Impreso,Folio Antiguo E034
Sol0085,Doc0152,Endoso,Inclusión,7/8/2023,Inclusión a solicitud del asegurado,,11743760,,/Gestión/Pólizas/Solicitudes/07-08-23 Sol0085 Pol 61719125.pdf,,,,TRUE,Impreso,Folio Antiguo E035
Sol0086,Doc0100,Endoso,Cancelación,8/8/2023,"Cancelación por venta de materia.
Se adjunta contrato compra/venta",,15892307,,/Gestión/Pólizas/Solicitudes/08-08-23 Sol0086 Pol 1299667.pdf,,,,TRUE,Impreso,Folio Antiguo E036
Sol0087,Doc0163,Propuesta,Nueva,17/8/2023,Se adjunta cotización y correo de aceptación del cliente,,Directo,,/Gestión/Pólizas/Solicitudes/17-08-23 Sol0087 Pol 50513.pdf,,,,TRUE,Impreso,Folio Antiguo P052
Sol0088,Doc0103,Propuesta,Nueva,22/8/2023,"Se adjunta cotización y correo de aceptación del cliente
Tambíen se adjuntan documentos respaldando el cambio de motor, para efectos de la autoinspección. El auto no está modificado, es 100% original.",,230822-001273,,/Gestión/Pólizas/Solicitudes/22-08-23 Sol0088 Pol 300369994.pdf,,,,TRUE,Impreso,Folio Antiguo P053
Sol0089,Doc0104,Propuesta,Nueva,22/8/2023,Se adjunta cotización y correo de aceptación del cliente,,230822-001420,,/Gestión/Pólizas/Solicitudes/22-08-23 Sol0089 Pol 300375806.pdf,,,,TRUE,Impreso,Folio Antiguo P054
Sol0090,Doc0104,Endoso,Modificación,24/8/2023,"Condiciones incorrectas. Deberían ser las condiciones del convenio Cabrera.
RC 3000
Taller de Marca
Asistencia Plus
Comisión 16%",,230824-000874,,/Gestión/Pólizas/Solicitudes/24-08-23 Sol0090 Pol 300375806.pdf,,,,TRUE,Impreso,Folio Antiguo E037
Sol0091,Doc0103,Endoso,Modificación,25/8/2023,"Condiciones incorrectas. Deberían ser las condiciones del convenio Cabrera.
RC 3000
Taller de Marca
Asistencia Plus
Comisión 16%",,230825-000312,,/Gestión/Pólizas/Solicitudes/25-08-23 Sol0091 Pol 300369994.pdf,,,,TRUE,Impreso,Folio Antiguo E038
Sol0092,Doc0101,Endoso,Cancelación,31/8/2023,Cancelación a solicitud del asegurado,,230831-000861,,/Gestión/Pólizas/Solicitudes/31-08-23 Sol0092 Pol 300359877.pdf,,,,TRUE,Impreso,Folio Antiguo E039
Sol0093,Doc0143,Endoso,Cancelación,31/8/2023,Se cancela por cambio de compañía debido al aumento en las condiciones de renovación.,,11847571,,/Gestión/Pólizas/Solicitudes/31-08-23 Sol0093 Pol 16058851.pdf,,,,TRUE,Impreso,Folio Antiguo E041
Sol0094,Doc0106,Propuesta,Nueva,5/9/2023,Se adjunta cotización y correo de aceptación del cliente,,230905-002164,,/Gestión/Pólizas/Solicitudes/05-09-23 Sol0094 Pol 300376188.pdf,,,,TRUE,Impreso,Folio Antiguo P055
Sol0095,Doc0171,Propuesta,Renovación,7/9/2023,Se renueva en iguales condiciones,,8741297,,/Gestión/Pólizas/Solicitudes/07-09-23 Sol0095 Pol 1354701.pdf,,,,TRUE,Impreso,Folio Antiguo P056
Sol0096,Doc0107,Propuesta,Nueva,20/9/2023,Ingreso a convenio Cabrera. Se incluye correo de aceptación y cotización,,"230920-002370
230927-000941",,/Gestión/Pólizas/Solicitudes/20-09-23 Sol0096 Pol 300377176.pdf,,,,TRUE,Impreso,Folio Antiguo P057
Sol0097,Doc0105,Endoso,Cancelación,20/9/2023,"Cancelar por venta de materia, a contar del 30-08-23.
Se adjunta contrato de compraventa",,15912597,,/Gestión/Pólizas/Solicitudes/20-09-23 Sol0097 Pol 1301966.pdf,,,,TRUE,Impreso,Folio Antiguo E040
Sol0098,Doc0102,Endoso,Cancelación,2/10/2023,Cancelación a solicitud del asegurado,,231002-000590,,/Gestión/Pólizas/Solicitudes/02-10-23 Sol0098 Pol 300359627.pdf,,,,TRUE,Impreso,Folio Antiguo E042
Sol0099,Doc0108,Propuesta,Nueva,5/10/2023,Ingreso a convenio Cabrera. Se incluye correo de aceptación y cotización,,231005-002161,,/Gestión/Pólizas/Solicitudes/05-10-23 Sol0099 Pol 300383836.pdf,,,,TRUE,Impreso,Folio Antiguo P058
Sol0100,Doc0137,Endoso,Cancelación,6/10/2023,Cancelación a solicitud del asegurado.,,11877452,,/Gestión/Pólizas/Solicitudes/06-10-23 Sol0100 Pol 61719330.pdf,,,,TRUE,Impreso,Folio Antiguo E043
Sol0101,Doc0109,Endoso,Cancelación,23/10/2023,Cancelación a solicitud del asegurado por venta de materia,,231024-000202,,/Gestión/Pólizas/Solicitudes/23-10-23 Sol0101 Pol 300319760.pdf,,,,TRUE,Impreso,Folio Antiguo E044
Sol0102,Doc0177,Propuesta,Nueva,25/10/2023,Se adjunta cotización y aceptación del cliente,,231025-000960,,/Gestión/Pólizas/Solicitudes/25-10-23 Sol0102 Pol 300393159.pdf,,,,TRUE,Impreso,Folio Antiguo P059
Sol0103,Doc0178,Propuesta,Nueva,25/10/2023,Se adjunta cotización y aceptación del cliente,,231025-000974,,/Gestión/Pólizas/Solicitudes/25-10-23 Sol0103 Pol 300389969.pdf,,,,TRUE,Impreso,Folio Antiguo P060
Sol0104,Doc0185,Propuesta,Nueva,7/11/2023,Se adjunta cotización y aceptación del cliente,,11947687,,/Gestión/Pólizas/Solicitudes/07-11-23 Sol0104 Pol 20547413.pdf,,,,TRUE,Impreso,Folio Antiguo P061
Sol0105,Doc0192,Propuesta,Nueva,22/11/2023,Se adjunta cotización y aceptación del cliente,,11968150,,/Gestión/Pólizas/Solicitudes/22-11-23 Sol0105 Pol 20549276.pdf,,,,TRUE,Impreso,Folio Antiguo P062
Sol0106,Doc0187,Propuesta,Nueva,23/11/2023,Se adjuntan condiciones de renovación y carta asignacion corredor,,11975578,,/Gestión/Pólizas/Solicitudes/23-11-23 Sol0106 Pol 61772032.pdf,,,,TRUE,Impreso,Folio Antiguo P063
Sol0107,Doc0197,Propuesta,Nueva,24/11/2023,Se adjuntan condiciones y aceptación del cliente,,enviado por correo 24-11,,/Gestión/Pólizas/Solicitudes/24-11-23 Sol0107 Pol 20549601.pdf,,,,TRUE,Impreso,Folio Antiguo P064
Sol0108,Doc0189,Propuesta,Nueva,27/11/2023,"Reemplaza Póliza QP1080456 por cambio de corredor.
Se incluye carta de asignación firmada",,Enviado por correo 27-11,,/Gestión/Pólizas/Solicitudes/27-11-23 Sol0108 Pol QP1089859.pdf,,,,TRUE,Impreso,Folio Antiguo P065
Sol0109,Doc0189,Endoso,Anulación,27/11/2023,"Anular desde inicio por cambio de corredor.
Se incluye carta de asignación",,Enviado por correo 27-11,,/Gestión/Pólizas/Solicitudes/27-11-23 Sol0109 Pol QP1089859.pdf,,,,TRUE,Impreso,Folio Antiguo E045
Sol0110,Doc0187,Endoso,Modificación,27/11/2023,"A solicitud del cliente, por favor cambiar Asegurado a nombre de la Cónyuge.
Se realizó una transferencia de dominio sin pago en el R. Civil.",,11979524,,/Gestión/Pólizas/Solicitudes/27-11-23 Sol0110 Pol 61772032.pdf,,,,TRUE,Impreso,Folio Antiguo E046
Sol0111,Doc0197,Endoso,Modificación,29/11/2023,Modificar plan de pago para que el vencimiento de la 1era cuota sea en Enero,,Nulo,,/Gestión/Pólizas/Solicitudes/29-11-23 Sol0111 Pol 20549601.pdf,,,,TRUE,Impreso,Folio Antiguo E047
Sol0112,Doc0211,Endoso,Anulación,6/12/2023,Anular póliza desde inicio a solicitud del asegurado,,231206-000682,,/Gestión/Pólizas/Solicitudes/06-12-23 Sol0112 Pol 23504189.pdf,,,,TRUE,Impreso,Folio Antiguo E048
Sol0113,Doc0203,Propuesta,Nueva,20/12/2023,Se adjuntan condiciones de renovación y carta asignacion corredor,,12024540,,/Gestión/Pólizas/Solicitudes/20-12-23 Sol0113 Pol 61785251.pdf,,,,TRUE,Impreso,Folio Antiguo P066
Sol0114,Doc0110,Endoso,Cancelación,21/12/2023,"Se cancela a contar de hoy, a solicitud del cliente, por venta de materia. Se incluye comprobante de venta.",,231221-001464,,/Gestión/Pólizas/Solicitudes/21-12-23 Sol0114 Pol 300316457.pdf,,,,TRUE,Impreso,Folio Antiguo E049
Sol0115,Doc0209,Endoso,Modificación,3/1/2024,Incluir número de departamento en la dirección del riesgo. Depto 313,,15754605,,/Gestión/Pólizas/Solicitudes/03-01-24 Sol0115 Pol QP1083594.pdf,,,,TRUE,Impreso,Folio Antiguo E050
Sol0116,Doc0220,Propuesta,Nueva,5/1/2024,Se incluye condiciones y aceptación del cliente,,Enviado por correo el 04-01-24,,/Gestión/Pólizas/Solicitudes/05-01-24 Sol0116 Pol 20553891.pdf,,,,TRUE,Impreso,Folio Antiguo P067
Sol0117,Doc0128,Endoso,Cancelación,5/1/2024,"Cancelar por venta de materia, a contar del 04-01-24. Se adjunta correo cliente.",,15973752,,/Gestión/Pólizas/Solicitudes/05-01-24 Sol0117 Pol 1302793.pdf,,,,TRUE,Impreso,Folio Antiguo E051
Sol0118,Doc0256,Endoso,Anulación,12/1/2024,Anular desde inicio a pedido del cliente,,240112-000939,,/Gestión/Pólizas/Solicitudes/12-01-24 Sol0118 Pol 300404743.pdf,,,,TRUE,Impreso,Folio Antiguo E052
Sol0119,Doc0111,Endoso,Cancelación,16/1/2024,Cancelar por venta de materia a contar del 16-01-24,,15980751,,/Gestión/Pólizas/Solicitudes/16-01-24 Sol0119 Pol 1299668.pdf,,,,TRUE,Impreso,Folio Antiguo E053
Sol0120,Doc0112,Propuesta,Nueva,17/1/2024,Se incluye condiciones y aceptación del cliente,,240117-000745,,/Gestión/Pólizas/Solicitudes/17-01-24 Sol0120 Pol 300406539.pdf,,,,TRUE,Impreso,Folio Antiguo P068
Sol0121,Doc0112,Propuesta,Nueva,17/1/2024,Se incluye condiciones y aceptación del cliente,,240117-002291,,/Gestión/Pólizas/Solicitudes/17-01-24 Sol0121 Pol 300406539.pdf,,,,TRUE,Impreso,Folio Antiguo P069
Sol0122,Doc0231,Endoso,Anulación,17/1/2024,Anular desde inicio a pedido del cliente,,240117-001157,,/Gestión/Pólizas/Solicitudes/17-01-24 Sol0122 Pol 300404740.pdf,,,,TRUE,Impreso,Folio Antiguo E054
Sol0123,Doc0232,Endoso,Anulación,17/1/2024,Anular desde inicio a pedido del cliente,,240117-001158,,/Gestión/Pólizas/Solicitudes/17-01-24 Sol0123 Pol 300404738.pdf,,,,TRUE,Impreso,Folio Antiguo E055
Sol0124,Doc0233,Propuesta,Renovación,18/1/2024,Renovar en iguales condiciones,,8804683-1,,/Gestión/Pólizas/Solicitudes/18-01-24 Sol0124 Pol 1389937.pdf,,,,TRUE,Impreso,Folio Antiguo P070
Sol0125,Doc0222,Propuesta,Nueva,22/1/2024,"Se incluye condiciones y aceptación del cliente.
Continuidad de Cobertura Póliza 300316206 en Reale Seguros.",,15844475,,/Gestión/Pólizas/Solicitudes/22-01-24 Sol0125 Pol QP1097955.pdf,,,,TRUE,Impreso,Folio Antiguo P071
Sol0126,Doc0234,Propuesta,Renovación,22/1/2024,"Renovar con el aumento estipulado.
Se incluye aceptación Cliente",,8804686-1,,/Gestión/Pólizas/Solicitudes/22-01-24 Sol0126 Pol 1390060.pdf,,,,TRUE,Impreso,Folio Antiguo P072
Sol0127,Doc0235,Propuesta,Renovación,22/1/2024,Renovar en iguales condiciones,,8804687-1,,/Gestión/Pólizas/Solicitudes/22-01-24 Sol0127 Pol 1390061.pdf,,,,TRUE,Impreso,Folio Antiguo P073
Sol0128,Doc0223,Propuesta,Renovación,23/1/2024,"Renovar con el aumento estipulado.
Se incluye aceptación Cliente",,240123-000235,,/Gestión/Pólizas/Solicitudes/23-01-24 Sol0128 Pol 100064919.pdf,,,,TRUE,Impreso,Folio Antiguo P074
Sol0129,Doc0259,Endoso,Anulación,23/1/2024,Anular desde inicio a pedido del cliente,,240123-000200,,/Gestión/Pólizas/Solicitudes/23-01-24 Sol0129 Pol 300404744.pdf,,,,TRUE,Impreso,Folio Antiguo E056
Sol0130,Doc0260,Endoso,Anulación,23/1/2024,Anular desde inicio a pedido del cliente,,240123-000255,,/Gestión/Pólizas/Solicitudes/23-01-24 Sol0130 Pol 300404746.pdf,,,,TRUE,Impreso,Folio Antiguo E057
Sol0131,Doc0271,Propuesta,Nueva,25/1/2024,"Se incluye cotizacipon, aceptación del cliente y Factura 93674.",,15986111-1,,/Gestión/Pólizas/Solicitudes/25-01-24 Sol0131 Pol 1390844.pdf,,,,TRUE,Impreso,Folio Antiguo P075
Sol0132,Doc0227,Propuesta,Renovación,29/1/2024,"Renovar en iguales condiciones.
Se adjunta cotización original",,240129-000999,,/Gestión/Pólizas/Solicitudes/29-01-24 Sol0132 Pol 300407426.pdf,,,,TRUE,Impreso,Folio Antiguo P076
Sol0133,Doc0245,Endoso,Modificación,29/1/2024,Modificar Plan de pago a 10 cuotas,,240129-000667,,/Gestión/Pólizas/Solicitudes/29-01-24 Sol0133 Pol 300404749.pdf,,,,TRUE,Impreso,Folio Antiguo E059
Sol0134,Doc0240,Endoso,Modificación,29/1/2024,Modificar Plan de pago a 10 cuotas,,240129-000860,,/Gestión/Pólizas/Solicitudes/29-01-24 Sol0134 Pol 300404750.pdf,,,,TRUE,Impreso,Folio Antiguo E060
Sol0135,Doc0226,Endoso,Modificación,29/1/2024,Modificar Plan de pago a 10 cuotas,,240129-000898,,/Gestión/Pólizas/Solicitudes/29-01-24 Sol0135 Pol 300404752.pdf,,,,TRUE,Impreso,Folio Antiguo E061
Sol0136,Doc0242,Endoso,Modificación,29/1/2024,"Modificar Correo de contacto.
Correo correcto: folmedon@hotmail.com",,240129-001118,,/Gestión/Pólizas/Solicitudes/29-01-24 Sol0136 Pol 300404737.pdf,,,,TRUE,Impreso,Folio Antiguo E062
Sol0137,Doc0233,Endoso,Modificación,29/1/2024,"Modificar lo siguiente:
Comisión debería ser de 15%, no 12%.
Correo de contacto debería ser ilara@tacchile.cl",,15987588,,/Gestión/Pólizas/Solicitudes/29-01-24 Sol0137 Pol 1389937.pdf,,,,TRUE,Impreso,Folio Antiguo E063
Sol0138,Doc0234,Endoso,Modificación,29/1/2024,Modificar correo. Debería ser rodyusa1964@gmail.com,,15987618,,/Gestión/Pólizas/Solicitudes/29-01-24 Sol0138 Pol 1390060.pdf,,,,TRUE,Impreso,Folio Antiguo E064
Sol0139,Doc0223,Propuesta,Renovación,30/1/2024,"Renovar con el aumento estipulado.
Se incluye aceptación Cliente",,240130-000640,,/Gestión/Pólizas/Solicitudes/30-01-24 Sol0139 Pol 100064919.pdf,,,,TRUE,Impreso,Folio Antiguo P077
Sol0140,Doc0218,Endoso,Anulación,30/1/2024,"Anular desde inicio por cambio de póliza, ya que hubo un error en la vigencia",,240130-000620,,/Gestión/Pólizas/Solicitudes/30-01-24 Sol0140 Pol 100064730.pdf,,,,TRUE,Impreso,Folio Antiguo E066
Sol0141,Doc0254,Propuesta,Renovación,31/1/2024,"Renovar en iguales condiciones.
Se adjuntan condiciones",,8806048-1,,/Gestión/Pólizas/Solicitudes/31-01-24 Sol0141 Pol 1392087.pdf,,,,TRUE,Impreso,Folio Antiguo P078
Sol0142,Doc0261,Endoso,Anulación,31/1/2024,Anular desde inicio a pedido del cliente,,240131-000626,,/Gestión/Pólizas/Solicitudes/31-01-24 Sol0142 Pol 300404741.pdf,,,,TRUE,Impreso,Folio Antiguo E067
Sol0143,Doc0255,Endoso,Modificación,31/1/2024,Modificar Plan de pago para quedar en 10 cuotas,,Enviado a Guisella Sepulveda,,/Gestión/Pólizas/Solicitudes/31-01-24 Sol0143 Pol 300404751.pdf,,,,TRUE,Impreso,Folio Antiguo E068
Sol0144,Doc0273,Propuesta,Nueva,8/2/2024,Se incluye Cotización y Aceptación del cliente,,240208-001707,,/Gestión/Pólizas/Solicitudes/08-02-24 Sol0144 Pol 500008295.pdf,,,,TRUE,Impreso,Folio Antiguo P079
Sol0145,Doc0277,Propuesta,Nueva,28/2/2024,"Se incluye Factura N°127348, Cotización y Aceptación del cliente
PAT: Banco Edwards, Master 5228 3262 0143 1990, 11/26",,"12198515
12198831",,/Gestión/Pólizas/Solicitudes/28-02-24 Sol0145 Pol 61806455.pdf,,,,TRUE,Impreso,Folio Antiguo P080
Sol0146,Doc0275,Propuesta,Nueva,28/2/2024,"Se incluye cotización, ajuste de prima y aceptación del cliente.
PAT: Santander, Master 5218 9210 1033 4419, 12/27",,12198741,,/Gestión/Pólizas/Solicitudes/28-02-24 Sol0146 Pol 61807008.pdf,,,,TRUE,Impreso,Folio Antiguo P081
Sol0147,Doc0276,Propuesta,Nueva,28/2/2024,"Se incluye cotización, ajuste de prima y aceptación del cliente.
PAT: Santander, Master 5218 9210 1033 4419, 12/27",,12198743,,/Gestión/Pólizas/Solicitudes/28-02-24 Sol0147 Pol 61806743.pdf,,,,TRUE,Impreso,Folio Antiguo P082
Sol0148,Doc0282,Propuesta,Renovación,4/3/2024,Se incluye condiciones y aceptación de renovación del cliente,,8811726-1,,/Gestión/Pólizas/Solicitudes/04-03-24 Sol0148 Pol 1400020.pdf,,,,TRUE,Impreso,Folio Antiguo P083
Sol0149,Doc0283,Propuesta,Renovación,4/3/2024,Se incluye condiciones y aceptación de renovación del cliente,,8811729-1,,/Gestión/Pólizas/Solicitudes/04-03-24 Sol0149 Pol 1400018.pdf,,,,TRUE,Impreso,Folio Antiguo P084
Sol0150,Doc0293,Propuesta,Nueva,5/4/2024,"Se incluye cotización, aceptación cliente, y correo de confirmación de la camioneta en consecionaria.",,12268156,,/Gestión/Pólizas/Solicitudes/05-04-24 Sol0150 Pol 61821498.pdf,,,,TRUE,Impreso,Folio Antiguo P085
Sol0151,Doc0179,Endoso,Cancelación,9/4/2024,Cancelar a solicitud del asegurado,,240409-000839,,/Gestión/Pólizas/Solicitudes/09-04-24 Sol0151 Pol 300393159.pdf,,,,TRUE,Impreso,Folio Antiguo E069
Sol0152,Doc0297,Propuesta,Renovación,15/4/2024,"Renovar con modificaciones de prima estipuladas. Resto de condiciones se mantienen.
Se incluye respaldo",,8818742-1,,/Gestión/Pólizas/Solicitudes/15-04-24 Sol0152 Pol 1415545.pdf,,,,TRUE,Impreso,Folio Antiguo P086
Sol0153,Doc0262,Endoso,Cancelación,3/5/2024,Cancelar por venta de Materia a contar del 25-04. Se adjunta contrato de Venta.,,174356,,/Gestión/Pólizas/Solicitudes/03-05-24 Sol0153 Pol 24500634.pdf,,,,TRUE,Impreso,Folio Antiguo E072
Sol0154,Doc0133,Endoso,Anulación,9/5/2024,Anular Póliza a solicitud del cliente,,16231108,,/Gestión/Pólizas/Solicitudes/09-05-24 Sol0154 Pol QP1036583.pdf,,,,TRUE,Impreso,Folio Antiguo E073
Sol0155,Doc0302,Endoso,Modificación,4/6/2024,"Modificar Domicilio.
Av Central Gonzalo Perez Llona 140, depto 1004, Maipú.",,Enviado Por Correo a la Clau,,/Gestión/Pólizas/Solicitudes/04-06-24 Sol0155 Pol 61830155.pdf,,,,TRUE,Impreso,Folio Antiguo E074
Sol0156,Doc0206,Endoso,Cancelación,6/6/2024,"Cancela a contar del 04-06, por venta de materia.",,181946,,/Gestión/Pólizas/Solicitudes/06-06-24 Sol0156 Pol 23503921.pdf,,,,TRUE,Impreso,Folio Antiguo E075
Sol0157,Doc0306,Endoso,Modificación,11/6/2024,"Modificar domicilio. Dice piso 2, debería decir piso 1.",,12467639,,/Gestión/Pólizas/Solicitudes/11-06-24 Sol0157 Pol 20571230.pdf,,,,TRUE,Impreso,Folio Antiguo E076
Sol0158,Doc0313,Propuesta,Nueva,13/6/2024,Se adjunta cortización y aceptación del Cliente,,Enviado por Correo a Nicol Gonzalez,,/Gestión/Pólizas/Solicitudes/13-06-24 Sol0158 Pol 20109730.pdf,,,,TRUE,Impreso,Folio Antiguo P087
Sol0159,Doc0316,Propuesta,Nueva,24/6/2024,"Se adjunta cotización, aceptación del cliente y respaldo de promoción mes de Diciembre gratis.",,Enviado a Fernanda Araya,,/Gestión/Pólizas/Solicitudes/24-06-24 Sol0159 Pol 9739169.pdf,,,,TRUE,Impreso,Folio Antiguo P088
Sol0160,Doc0318,Propuesta,Renovación,24/6/2024,"Se renueva en iguales condiciones, con cambio de contrantante.",,Enviado Por correo a sldprospectos@liberty.cl,,/Gestión/Pólizas/Solicitudes/24-06-24 Sol0160 Pol 23033214.pdf,,,,TRUE,Impreso,Folio Antiguo P089
Sol0161,Doc0319,Propuesta,Renovación,24/6/2024,"Se renueva en iguales condiciones, con cambio de contrantante.
Prima de ingreso 1UF
Vehículos:
Hino XZU 8.5 SL 2014 FYYT59
Volkswagen Delivery 10.160 2018 KHHX99
Volkswagen Delivery 9170 2020 LPCR57
Mitsubishi Fuso Canter 915 2022 RLSV86
DAF XF 105 FTS 2018 KHSW22
DAF XF 105 FTS 2019 KZZR76
DAF XF 480 FTS SC E5 2023 SVRB30
DAF XF 480 FTS SC E5 2023 SVRB31
MAN TGX 28.480 BLS 2023 SWPG51
Great Dane Frigorifico 2004 JH4752
Trailmobile Frigorifico 2001 JH4745
Utility Reefer 2013 JP1866",,Enviado a Claudia . Sistema no funciona,,/Gestión/Pólizas/Solicitudes/24-06-24 Sol0161 Pol 61850370.pdf,,,,TRUE,Impreso,Folio Antiguo P090
Sol0162,Doc0320,Propuesta,Renovación,24/6/2024,Se renueva con aumento del 15% y cambio de contrantante.,,Enviado a Claudia . Sistema no funciona,,/Gestión/Pólizas/Solicitudes/24-06-24 Sol0162 Pol 61848950.pdf,,,,TRUE,Impreso,Folio Antiguo P091
Sol0163,Doc0263,Endoso,Cancelación,24/6/2024,Cancelar. Pol reemplazada por pol 9739169,,Folio 4507570,,/Gestión/Pólizas/Solicitudes/24-06-24 Sol0163 Pol 9729875.pdf,,,,TRUE,Impreso,Folio Antiguo E077
Sol0164,Doc0321,Propuesta,Renovación,27/6/2024,Se renueva en iguales condiciones,,240627-000799,,/Gestión/Pólizas/Solicitudes/27-06-24 Sol0164 Pol 600008427.pdf,,,,TRUE,Impreso,Folio Antiguo P092
Sol0165,Doc0323,Propuesta,Renovación,3/7/2024,Se renueva en iguales condiciones,,12505271,,/Gestión/Pólizas/Solicitudes/03-07-24 Sol0165 Pol 20576575.pdf,,,,TRUE,Impreso,Folio Antiguo P093
Sol0166,Doc0306,Endoso,Anulación,17/7/2024,"Anular a solicitud del asegurado, argumentando que el seguro no le sirve.
Se incluye respaldo.",,12541301,,/Gestión/Pólizas/Solicitudes/17-07-24 Sol0166 Pol 20571230.pdf,,,,TRUE,Impreso,Folio Antiguo E078
Sol0167,Doc0265,Endoso,Cancelación,5/8/2024,Cancelar a contar del 31-07-24 por cambio de compañía,,194253,,/Gestión/Pólizas/Solicitudes/05-08-24 Sol0167 Pol 24500429.pdf,,,,TRUE,Impreso,Folio Antiguo E079
Sol0168,Doc0195,Endoso,Cancelación,5/8/2024,Cancelar a contar del 31-07-24 por cambio de compañía,,194422,,/Gestión/Pólizas/Solicitudes/05-08-24 Sol0168 Pol 23503800.pdf,,,,TRUE,Impreso,Folio Antiguo E080
Sol0169,Doc0266,Endoso,Cancelación,8/8/2024,Cancelar a contar del 31-07-24 por cambio de compañía,,195153,,/Gestión/Pólizas/Solicitudes/08-08-24 Sol0169 Pol 24500427.pdf,,,,TRUE,Impreso,Folio Antiguo E081
Sol0170,Doc0330,Propuesta,Renovación,12/8/2024,"Se renueva en iguales condiciones, con cambio de contratante",,Enviada por correo a Nathaly y Viviana,,/Gestión/Pólizas/Solicitudes/12-08-24 Sol0170 Pol 52819.pdf,,,,TRUE,Impreso,Folio Antiguo P094
Sol0171,Doc0267,Endoso,Cancelación,13/8/2024,Cancelar a contar del 08-08-24 por cambio de compañía,,195916,,/Gestión/Pólizas/Solicitudes/13-08-24 Sol0171 Pol 24500437.pdf,,,,TRUE,Impreso,Folio Antiguo E082
Sol0172,Doc0264,Endoso,Cancelación,26/8/2024,Cancelar a contar del 23/07 por venta de materia. Se adjunta contrato compra/venta y correo del cliente.,,198345,,/Gestión/Pólizas/Solicitudes/26-08-24 Sol0172 Pol 24500642.pdf,,,,TRUE,Impreso,Folio Antiguo E083
Sol0173,Doc0201,Endoso,Cancelación,29/8/2024,Cancelar a contar de hoy por cambio de Compañía.,,pendiente,,/Gestión/Pólizas/Solicitudes/29-08-24 Sol0173 Pol 6520875.pdf,,,,TRUE,Impreso,Folio Antiguo E084
Sol0174,Doc0268,Endoso,Cancelación,9/9/2024,Cancelar a contar del 07-09 por cambio de compañía,,240909-000988,,/Gestión/Pólizas/Solicitudes/09-09-24 Sol0174 Pol 300404749.pdf,,,,TRUE,Impreso,Folio Antiguo E085
Sol0175,Doc0350,Propuesta,Renovación,29/10/2024,Se renueva en iguales condiciones,,12757393,,/Gestión/Pólizas/Solicitudes/29-10-24 Sol0175 Pol 61891416.pdf,,,,TRUE,Impreso,Folio Antiguo P095
Sol0176,Doc0367,Propuesta,Renovación,12/11/2024,Se renueva en iguales condiciones,,16861371,,/Gestión/Pólizas/Solicitudes/12-11-24 Sol0176 Pol QP1142580.pdf,,,,TRUE,Impreso,Folio Antiguo P096
Sol0177,Doc0366,Propuesta,Renovación,12/11/2024,Se renueva en iguales condiciones,,12774784,,/Gestión/Pólizas/Solicitudes/12-11-24 Sol0177 Pol 20590591.pdf,,,,TRUE,Impreso,Folio Antiguo P097
Sol0178,Doc0356,Endoso,Anulación,15/11/2024,Anular por cambio a póliza QP1143522,,16876405,,/Gestión/Pólizas/Solicitudes/15-11-24 Sol0178 Pol QP1136988.pdf,,,,TRUE,Impreso,Folio Antiguo E086
Sol0179,Doc0366,Endoso,Modificación,18/11/2024,"A solicitud del asegurado, modificar el plan de pago para que la primera cuota sea el 05 o 10 de Enero/25",,CL_2024_235393,,/Gestión/Pólizas/Solicitudes/18-11-24 Sol0179 Pol 20590591.pdf,,,,TRUE,Impreso,Folio Antiguo E087
Sol0180,Doc0367,Endoso,Modificación,18/11/2024,"A solicitud del asegurado, modificar el plan de pago para que la primera cuota sea el 05 o 10 de Enero/25",,16893209,825522,/Gestión/Pólizas/Solicitudes/18-11-24 Sol0180 Pol QP1142580.pdf,,,,TRUE,Impreso,Folio Antiguo E088
Sol0181,Doc0368,Endoso,Modificación,18/11/2024,"A solicitud del asegurado, modificar el plan de pago para que la primera cuota sea el 05 o 10 de Enero/25",,"Enviado por correo a Rosa Muñoz, con copia a Nathaly y Mabel",,/Gestión/Pólizas/Solicitudes/18-11-24 Sol0181 Pol 93574.pdf,,,,TRUE,Impreso,Folio Antiguo E089
Sol0182,Doc0357,Endoso,Anulación,18/11/2024,Anular a solicitud del asegurado,,16882652,,/Gestión/Pólizas/Solicitudes/18-11-24 Sol0182 Pol QP1138833.pdf,,,,TRUE,Impreso,Folio Antiguo E090
Sol0183,Doc0362,Endoso,Anulación,19/11/2024,Anular por cambio a póliza QP1143884,,16891523,,/Gestión/Pólizas/Solicitudes/19-11-24 Sol0183 Pol QP1140113.pdf,,,,TRUE,Impreso,Folio Antiguo E091
Sol0184,Doc0365,Propuesta,Renovación,20/11/2024,Se renueva en iguales condiciones,,Enviado a Nathaly con copia a Mabel,,/Gestión/Pólizas/Solicitudes/20-11-24 Sol0184 Pol 526675.pdf,,,,TRUE,Impreso,Folio Antiguo P098
Sol0185,Doc0367,Endoso,Modificación,12/12/2024,"Modificar comuna.
Debería decir Las Condes, no Santiago.",,16973565,829724,/Gestión/Pólizas/Solicitudes/12-12-24 Sol0185 Pol QP1142580.pdf,,,,TRUE,Impreso,Folio Antiguo E092
Sol0186,Doc0371,Endoso,Modificación,6/1/2025,Incluir número de departamento en la dirección del riesgo. Depto 313,,17047695,831770,/Gestión/Pólizas/Solicitudes/06-01-25 Sol0186 Pol QP1144094.pdf,,,,TRUE,Impreso,Folio Antiguo E093
Sol0187,Doc0352,Endoso,Cancelación,7/1/2025,Cancelar a contar del 27-12-24 por venta de manteria.,,12885043,,/Gestión/Pólizas/Solicitudes/07-01-25 Sol0187 Pol 61890467.pdf,,,,TRUE,Impreso,Folio Antiguo E094
Sol0188,Doc0374,Endoso,Modificación,7/1/2025,"Modificar direccion personal del cliente y agregar patente, TFTY54",,17052009,QE831860,/Gestión/Pólizas/Solicitudes/07-01-25 Sol0188 Pol QP1142157.pdf,,,,TRUE,Impreso,Folio Antiguo E095
Sol0189,Doc0220,Endoso,Modificación,8/1/2025,"Prorrogar póliza por 31 días, debido a falta de condiciones de renovación",,12887510,,/Gestión/Pólizas/Solicitudes/08-01-25 Sol0189 Pol 20553891.pdf,,,,TRUE,Impreso,Folio Antiguo E096
Sol0190,Doc0386,Propuesta,Renovación,10/1/2025,Se renueva en iguales condiciones,,17066734,,/Gestión/Pólizas/Solicitudes/10-01-25 Sol0190 Pol QP1151951.pdf,,,,TRUE,Impreso,Folio Antiguo P099
Sol0191,Doc0410,Endoso,Anulación,14/1/2025,Anular desde inicio a pedido del cliente,,250114-000584,,/Gestión/Pólizas/Solicitudes/14-01-25 Sol0191 Pol 300480459.pdf,,,,TRUE,Impreso,Folio Antiguo E097
Sol0192,Doc0385,Endoso,Anulación,14/1/2025,Anular desde inicio por cambio a póliza QP1152906,,17078336,,/Gestión/Pólizas/Solicitudes/14-01-25 Sol0192 Pol QP1149985.pdf,,,,TRUE,Impreso,Folio Antiguo E098
Sol0193,Doc0390,Propuesta,Renovación,16/1/2025,Se renueva en iguales condiciones,,250113-000678,,/Gestión/Pólizas/Solicitudes/16-01-25 Sol0193 Pol 100076830.pdf,,,,TRUE,Impreso,Folio Antiguo P100
Sol0194,Doc0414,Endoso,Anulación,22/1/2025,Anular desde inicio por cambio a póliza 8193187,,0,,/Gestión/Pólizas/Solicitudes/22-01-25 Sol0194 Pol 302039.pdf,,,,TRUE,Impreso,Folio Antiguo E099
Sol0195,Doc0415,Endoso,Anulación,22/1/2025,Anular desde inicio por cambio a póliza 8193188,,0,,/Gestión/Pólizas/Solicitudes/22-01-25 Sol0195 Pol 302040.pdf,,,,TRUE,Impreso,Folio Antiguo E100
Sol0196,Doc0269,Endoso,Cancelación,27/1/2025,Cancelar a contar del 23-01-25 a solicitud del asegurado,,17089105,,/Gestión/Pólizas/Solicitudes/27-01-25 Sol0196 Pol 3055132.pdf,,,,TRUE,Impreso,Folio Antiguo E101
Sol0197,Doc0420,Endoso,Anulación,27/1/2025,Anular desde inicio por cancelación de póliza original,,17089107,,/Gestión/Pólizas/Solicitudes/27-01-25 Sol0197 Pol 3064744.pdf,,,,TRUE,Impreso,Folio Antiguo E102
Sol0198,Doc0419,Endoso,Anulación,27/1/2025,Anular desde inicio a solicitud del asegurado,,250130-001923,,/Gestión/Pólizas/Solicitudes/27-01-25 Sol0198 Pol 300479694.pdf,,,,TRUE,Impreso,Folio Antiguo E103
Sol0199,Doc0418,Endoso,Anulación,27/1/2025,Anular desde inicio a solicitud del asegurado,,250130-001928,,/Gestión/Pólizas/Solicitudes/27-01-25 Sol0199 Pol 300479690.pdf,,,,TRUE,Impreso,Folio Antiguo E104
Sol0200,Doc0423,Endoso,Anulación,28/1/2025,Anular desde inicio a solicitud del asegurado,,231718,,/Gestión/Pólizas/Solicitudes/28-01-25 Sol0200 Pol 24149330.pdf,,,,TRUE,Impreso,Folio Antiguo E105
Sol0201,Doc0424,Endoso,Anulación,28/1/2025,Anular desde inicio a solicitud del asegurado,,231720,,/Gestión/Pólizas/Solicitudes/28-01-25 Sol0201 Pol 24149329.pdf,,,,TRUE,Impreso,Folio Antiguo E106
Sol0202,Doc0329,Endoso,Cancelación,28/1/2025,Cancelar a contar del 22-01-25 por venta de materia.,,0,,/Gestión/Pólizas/Solicitudes/28-01-25 Sol0202 Pol 7820575.pdf,,,,TRUE,Impreso,Folio Antiguo E107
Sol0203,Doc0343,Endoso,Cancelación,28/1/2025,Cancelar a contar del 27-01 por cambio de póliza.,,0,,/Gestión/Pólizas/Solicitudes/28-01-25 Sol0203 Pol 262737.pdf,,,,TRUE,Impreso,Folio Antiguo E108
Sol0204,Doc0425,Endoso,Anulación,30/1/2025,Anular desde inicio a solicitud del asegurado,,250130-001985,,/Gestión/Pólizas/Solicitudes/30-01-25 Sol0204 Pol 300479692.pdf,,,,TRUE,Impreso,Folio Antiguo E109
Sol0205,Doc0428,Propuesta,Renovación,3/2/2025,Se renueva en iguales condiciones,,250203-001289,,/Gestión/Pólizas/Solicitudes/03-02-25 Sol0205 Pol 500011335.pdf,,,,TRUE,Impreso,Folio Antiguo P101
Sol0206,Doc0272,Endoso,Modificación,6/2/2025,"Prorrogar por 30 días.
Se aumenta el deducible para rotura de cañerías:(CAD120130530) 10% de la pérdida con un mín de UF10",,12937014,,/Gestión/Pólizas/Solicitudes/06-02-25 Sol0206 Pol 20553891.pdf,,,,TRUE,Impreso,Folio Antiguo E110
Sol0207,Doc0387,Endoso,Inclusión,7/2/2025,Incluir en base a la cotización adjunta,,17170048,,/Gestión/Pólizas/Solicitudes/07-02-25 Sol0207 Pol QP1151951.pdf,,,,TRUE,Impreso,Folio Antiguo E111
Sol0208,Doc0303,Endoso,Cancelación,13/2/2025,Cancelar a solicitud del asegurado,,12949967,,/Gestión/Pólizas/Solicitudes/13-02-25 Sol0208 Pol 61830155.pdf,,,,TRUE,Impreso,Folio Antiguo E112
Sol0209,Doc0439,Endoso,Anulación,27/2/2025,Anular por cambio a Pol QP1159614,,Enviado a Carlos Fuentes,,/Gestión/Pólizas/Solicitudes/27-02-25 Sol0209 Pol QP192549.pdf,,,,TRUE,Impreso,Folio Antiguo E113
Sol0210,Doc0426,Endoso,Cancelación,28/2/2025,Cancelar a contar del 27-02-25 por solicitud del asegurado.,,250228-000970,,/Gestión/Pólizas/Solicitudes/28-02-25 Sol0210 Pol 300479693.pdf,,,,TRUE,Impreso,Folio Antiguo E114
Sol0211,Doc0282,Propuesta,Renovación,7/3/2025,Se renueva en iguales condiciones,,8876965-1,,/Gestión/Pólizas/Solicitudes/07-03-25 Sol0211 Pol 1400020.pdf,,,,TRUE,Impreso,Folio Antiguo P102
Sol0212,Doc0441,Propuesta,Renovación,7/3/2025,Se renueva en iguales condiciones,,8877069-1,,/Gestión/Pólizas/Solicitudes/07-03-25 Sol0212 Pol 1506581.pdf,,,,TRUE,Impreso,Folio Antiguo P103
Sol0213,Doc0284,Endoso,Modificación,7/3/2025,Prorrogar por 30 días debido a falta de condiciones por siniestro abierto.,,12986228,,/Gestión/Pólizas/Solicitudes/07-03-25 Sol0213 Pol 20553891.pdf,,,,TRUE,Impreso,Folio Antiguo E115
Sol0214,Doc0443,Propuesta,Renovación,17/3/2025,Se renueva en iguales condiciones,,Enviado por correo a Lorena Castro,,/Gestión/Pólizas/Solicitudes/17-03-25 Sol0214 Pol 95423.pdf,,,,TRUE,Impreso,Folio Antiguo P104
Sol0215,Doc0313,Endoso,Modificación,18/3/2025,"Se modifica clausula de vía pública acontar del 11-03-2025.
Se adjuntan detalles de modificación en hoja 2",,Enviado por correo a frontdesk@sbins.cl y a francisco tello,1,/Gestión/Pólizas/Solicitudes/18-03-25 Sol0215 Pol 20109730.pdf,,,,TRUE,Impreso,Folio Antiguo E116
Sol0216,Doc0453,Endoso,Cancelación,26/3/2025,Se cancela a solicitud del asegurado,,13010360,,/Gestión/Pólizas/Solicitudes/26-03-25 Sol0216 Pol 61891416.pdf,,,,TRUE,Impreso,Folio Antiguo E117
Sol0217,Doc0454,Propuesta,Renovación,3/4/2025,"Se renueva con aumento de tasa exenta y modificación en cláusula de cañerias
Se adjuntan condiciones de renovación en correo",,13032896,,/Gestión/Pólizas/Solicitudes/03-04-25 Sol0217 Pol 20607039.pdf,,,,TRUE,Impreso,Folio Antiguo P105
Sol0218,Doc0456,Propuesta,Renovación,7/4/2025,"Se renueva en iguales condiciones
Se incluyen condiciones",,8882472-1,,/Gestión/Pólizas/Solicitudes/07-04-25 Sol0218 Pol 1515344.pdf,,,,TRUE,Impreso,Folio Antiguo P106
Sol0219,Doc0470,Endoso,Anulación,14/4/2025,Anular por duplicidad con póliza 95423,,Portal,,/Gestión/Pólizas/Solicitudes/14-04-25 Sol0219 Pol 95440.pdf,,,,TRUE,Impreso,Folio Antiguo E118
Sol0220,Doc0456,Endoso,Modificación,21/4/2025,Comisión Incorrecta. Debería ser 18% para afecta y exenta,,17140644,Nulo,/Gestión/Pólizas/Solicitudes/21-04-25 Sol0220 Pol 1515344.pdf,,,,TRUE,Impreso,
Sol0221,Doc0478,Endoso,Anulación,23/4/2025,Anular a solicitud del asegurado,,254283,,/Gestión/Pólizas/Solicitudes/23-04-25 Sol0221 Pol 25019949.pdf,,,,TRUE,Impreso,
Sol0222,Doc0477,Endoso,Anulación,24/4/2025,Anular por cambio a pol QP1166435,,17476452,,/Gestión/Pólizas/Solicitudes/24-04-25 Sol0222 Pol OP193959.pdf,,,,TRUE,Impreso,
Sol0223,Doc0454,Endoso,Modificación,25/4/2025,Modificar plan de pago. Deben ser 12 cuotas no 10.,,CL_2025_290136,,/Gestión/Pólizas/Solicitudes/25-04-25 Sol0223 Pol 20607039.pdf,,,,TRUE,Impreso,
Sol0224,Doc0485,Propuesta,Renovación,28/4/2025,"Emitir póliza según cotización adjunta
PAC Banco Scotiabank 971780894",,17144934-1,,/Gestión/Pólizas/Solicitudes/28-04-25 Sol0224 Pol 1521285.pdf,,,,TRUE,Impreso,
Sol0225,Doc0487,Endoso,Cancelación,2/5/2025,Cancelar a solicitud del asegurado,,255629,,/Gestión/Pólizas/Solicitudes/02-05-25 Sol0225 Pol 24505496.pdf,,,,TRUE,Impreso,
Sol0226,Doc0491,Propuesta,Nueva,15/5/2025,Emitir Póliza según condiciones adjuntas,,-,,/Gestión/Pólizas/Solicitudes/15-05-25 Sol0226 Pol 380597.pdf,,,,TRUE,Impreso,
Sol0227,Doc0494,Endoso,Anulación,2/6/2025,"Anular desde inicio por cambio de compañía.
Se adjunta Carátula con fechas.",,250602-000486,,/Gestión/Pólizas/Solicitudes/02-06-25 Sol0227 Pol 300500049.pdf,,,,TRUE,Impreso,
Sol0228,Doc0495,Endoso,Cancelación,2/6/2025,"Cancelar a contar del 16-05-25, por cambio de compañía.
Se incluye carátula con fechas",,262176,,/Gestión/Pólizas/Solicitudes/02-06-25 Sol0228 Pol 24142385.pdf,,,,TRUE,Impreso,
Sol0229,Doc0496,Endoso,Cancelación,2/6/2025,"Cancelar a contar del 16-05-25, por cambio de compañía.
Se incluye carátula con fechas",,250602-000637,,/Gestión/Pólizas/Solicitudes/02-06-25 Sol0229 Pol 300479734.pdf,,,,TRUE,Impreso,
Sol0230,Doc0500,Propuesta,Renovación,4/6/2025,Renovar en iguales condiciones,,17612238,,/Gestión/Pólizas/Solicitudes/04-06-25 Sol0230 Pol OP199241.pdf,,,,TRUE,Impreso,
Sol0231,Doc0503,Propuesta,Renovación,13/6/2025,Renovar según condiciones adjuntas,,101845,,/Gestión/Pólizas/Solicitudes/13-06-25 Sol0231 Pol 20116915.pdf,,,,TRUE,Impreso,
Sol0232,Doc0508,Endoso,Anulación,19/6/2025,Anular desde inicio por cambio,,267314,,/Gestión/Pólizas/Solicitudes/19-06-25 Sol0232 Pol 25538038.pdf,,,,TRUE,Impreso,
Sol0233,Doc0509,Propuesta,Renovación,19/6/2025,Renovar en iguales condiciones,,13140479,,/Gestión/Pólizas/Solicitudes/19-06-25 Sol0233 Pol 23034022.pdf,,,,TRUE,Impreso,
Sol0234,Doc0510,Propuesta,Renovación,19/6/2025,Renovar en iguales condiciones,,13140483,,/Gestión/Pólizas/Solicitudes/19-06-25 Sol0234 Pol 61951634.pdf,,,,TRUE,Impreso,
Sol0235,Doc0511,Propuesta,Renovación,19/6/2025,Renovar en iguales condiciones,,13140486,,/Gestión/Pólizas/Solicitudes/19-06-25 Sol0235 Pol 61951791.pdf,,,,TRUE,Impreso,
Sol0236,Doc0518,Propuesta,Renovación,27/6/2025,"Renovar en iguales condiciones.
Se incluyen Condiciones de renovación",,250627-000767,,/Gestión/Pólizas/Solicitudes/27-06-25 Sol0236 Pol 600011078.pdf,,,,TRUE,Impreso,
Sol0237,Doc0519,Endoso,Cancelación,27/6/2025,Cancelar a contar de hoy a solicitud del asegurado,,17699939,,/Gestión/Pólizas/Solicitudes/27-06-25 Sol0237 Pol QP1171318.pdf,,,,TRUE,Impreso,
Sol0238,Doc0524,Endoso,Cancelación,7/7/2025,Cancelar a contar del 05-07  a solicitur del asegurado,,17734323,,/Gestión/Pólizas/Solicitudes/Folios//Sol0238.PDF Folio.202408.pdf,,,,TRUE,,
Sol0239,Doc0529,Endoso,Cancelación,23/7/2025,Cancelar a contar del 22-07 a solicitud del asegurado,,13180246,,/Gestión/Pólizas/Solicitudes/23-07-25 Sol0239 Pol 61870646.pdf,,,,TRUE,Impreso,
Sol0240,Doc0530,Propuesta,Renovación,29/7/2025,Renovar en iguales condiciones,,1501175405,,/Gestión/Pólizas/Solicitudes/29-07-25 Sol0240 Pol 54727.pdf,,,,TRUE,Impreso,
Sol0241,Doc0531,Endoso,Cancelación,29/7/2025,Cancelar a partir del 28-07 a solicitud del asegurado por venta de materia.,,CAS-04601600,,/Gestión/Pólizas/Solicitudes/29-07-25 Sol0241 Pol 373024.pdf,,,,TRUE,Impreso,
Sol0242,Doc0533,Endoso,Cancelación,29/7/2025,Cancelas a contar del 29-07 por venta de la materia,,Enviado a cristina mora por error en portal,,/Gestión/Pólizas/Solicitudes/29-07-25 Sol0242 Pol 7820461.pdf,,,,TRUE,Impreso,
Sol0243,Doc0534,Endoso,Anulación,29/7/2025,Anular desde inicio por venta de materia,,Enviado a cristina mora por error en portal,,/Gestión/Pólizas/Solicitudes/29-07-25 Sol0243 Pol 8384078.pdf,,,,TRUE,Impreso,
Sol0244,Doc0537,Endoso,Cancelación,25/8/2025,"Cancelar a Partir del 21/08, a solicitud del asegurado",,13216325,,/Gestión/Pólizas/Solicitudes/25-08-25 Sol0244 Pol 61921211.pdf,,,,TRUE,Impreso,
Sol0245,Doc0538,Endoso,Cancelación,25/8/2025,"Cancelar a Partir del 21/08, a solicitud del asegurado",,13216340,,/Gestión/Pólizas/Solicitudes/25-08-25 Sol0245 Pol 61921212.pdf,,,,TRUE,Impreso,
072e767e,497e0c55,Endoso,Cancelación,8/10/2025,Cancelar desde el 07/10 a solicitud del Asegurado,,Enviado a Ana con copia a Valentina,,/Gestión/Pólizas/Solicitudes/08-10-25 Sol0246 Pol 144045932.pdf,,,,,Impreso,
f4c98f26,0b926cad,Endoso,Anulación,27/10/2025,Anular desde inicio,,251027-001017,,/Gestión/Pólizas/Solicitudes/27-10-25 Sol0247 Pol 300527206.pdf,,,,TRUE,Impreso,
e5d2b9a4,8327a4af,Propuesta,Renovación,28/10/2025,Renovar en iguales condiciones.,,13320979,,/Gestión/Pólizas/Solicitudes/28-10-25 Sol0248 Pol Pendiente.pdf,,,,TRUE,Impreso,
70d6555e,293463d0,Endoso,Cancelación,29/10/2025,Cancelar a Solictud de Contratante a contar del 10/28/2025,,18157363,,/Gestión/Pólizas/Solicitudes/29-10-25 Sol0249 Pol QP1186423.pdf,,,,TRUE,Impreso,
012cd4ac,938b5ef3,Endoso,Anulación,12/11/2025,Anular desde inicio por cambio de asegurado,,Enviado a Cristina Mora con copia a Jessica Navarro,,/Gestión/Pólizas/Solicitudes/12-11-25 Sol0250 Pol 7032178.pdf,,,,TRUE,Impreso,
4bd5b73d,90c88dd8,Endoso,Anulación,12/11/2025,Anular desde inicio,,18207784,,/Gestión/Pólizas/Solicitudes/12-11-25 Sol0251 Pol QP1195676.pdf,,,,TRUE,Impreso,
4ac5437e,30b808cd,Endoso,Modificación,14/11/2025,"Corregir dirección
Dirección Correcta: Burgos 80 oficina 601, Las Condes",,CL30082,,/Gestión/Pólizas/Solicitudes/14-11-25 Sol0252 Pol 20628146.pdf,/Gestión/Pólizas/Solicitudes/4ac5437e.PDF Endoso.200939.pdf,,,TRUE,Impreso,
07b87a65,b5990e75,Endoso,Exclusión,21/11/2025,Exlcuir materia a contar del 23/10/25 a solicitud del asegurado,,18243568,,/Gestión/Pólizas/Solicitudes/21-11-25 Sol0253 Pol QP1163548.pdf,,,,TRUE,Impreso,
44a0c769,fc5ced12,Propuesta,Renovación,24/11/2025,Renovar en iguales condiciones,,18248993,,/Gestión/Pólizas/Solicitudes/24-11-25 Sol0254 Pol Pendiente.pdf,,,FALSE,TRUE,Impreso,
1206c35d,ea7a8d52,Endoso,Anulación,26/11/2025,Anular desde inicio por cambio,,13344487,,/Gestión/Pólizas/Solicitudes/26-11-25 Sol0255 Pol 20627638.pdf,,,,TRUE,Impreso,
1781d4da,5757f9b8,Propuesta,Renovación,26/11/2025,Renovar en iguales condiciones,,Enviado por correo a Lorena Castro,,/Gestión/Pólizas/Solicitudes/26-11-25 Sol0256 Pol Pendiente.pdf,,,,TRUE,Impreso,
ac659185,8d83795e,Simple,Devolución Prima,1/12/2025,Devolución UF2.61,,18275575,,/Gestión/Pólizas/Solicitudes/01-12-25 Sol0257 Pol QP1186423.pdf,,,,TRUE,Impreso,
9852a456,497e0c55,Simple,Devolución Prima,3/12/2025,"Devolución por UF1,29",,Correo Devolución Prima,,/Gestión/Pólizas/Solicitudes/03-12-25 Sol0258 Pol 144045932.pdf,,/Gestión/Pólizas/Solicitudes/9852a456.PDF Recibo.154917.pdf,FALSE,TRUE,Impreso,
fb85cb65,30b808cd,Endoso,Modificación,3/12/2025,"Modificar dirección comercial del contratante y asegurado.
Dirección correcta es Burgos 80, Oficina 601, Las Condes",,13349325,,/Gestión/Pólizas/Solicitudes/03-12-25 Sol0259 Pol 20628146.pdf,/Gestión/Pólizas/Solicitudes/fb85cb65.PDF Endoso.172236.pdf,/Gestión/Pólizas/Solicitudes/fb85cb65.PDF Recibo.200922.pdf,,TRUE,Impreso,
bad5c02e,71e447d1,Endoso,Cancelación,4/12/2025,Cancelar a solicitud del asegurado por cambio,,18293335,,/Gestión/Pólizas/Solicitudes/04-12-25 Sol0260 Pol OP204792.pdf,,,,TRUE,Impreso,
d7f56a5b,85e4e92b,Endoso,Modificación,15/12/2025,"Modificar día de pago del 05 al 25, para facilitar el pago en cheque del cliente.",,CL42376,,/Gestión/Pólizas/Solicitudes/15-12-25 Sol0261 Pol 99249.pdf,,,,TRUE,Impreso,
ec6e81e9,fc5ced12,Endoso,Modificación,15/12/2025,"Modificar Plan de pago para que la primera cuota sea el 25/01/2026
El cliente emite Cheques para pagar, y se demora como 20 días en emitirlo, por lo que necesita que los días de pago sean los 20 o 25",,18323645,,/Gestión/Pólizas/Solicitudes/15-12-25 Sol0262 Pol OP214827.pdf,,,,TRUE,Impreso,
debcbb64,eed524b8,Endoso,Modificación,15/12/2025,"Modificar Plan de pago para que la primera cuota sea el 25/01/2026
El cliente emite Cheques para pagar, y se demora como 20 días en emitirlo, por lo que necesita que los días de pago sean los 20 o 25",,18323671,,/Gestión/Pólizas/Solicitudes/15-12-25 Sol0263 Pol QP1200350.pdf,,,,TRUE,Impreso,
d0830183,0980ba0c,Endoso,Modificación,15/12/2025,"Modificar Plan de pago para que la primera cuota sea el 25/01/2026
El cliente emite Cheques para pagar, y se demora como 20 días en emitirlo, por lo que necesita que los días de pago sean los 20 o 25",,18323736,,/Gestión/Pólizas/Solicitudes/15-12-25 Sol0264 Pol QP1200364.pdf,,,,TRUE,Impreso,
34f7cefb,Doc0530,Endoso,Modificación,19/12/2025,"Modificar Pagador para item 4.
El rut del contratante es el pagador de todos los items.",4,Gaveta Virtual,,/Gestión/Pólizas/Solicitudes/19-12-25 Sol0266 Pol 54727.pdf,,,,TRUE,Impreso,
8673102b,3fc26c10,Endoso,Anulación,2/1/2026,Anular desde inicio por cambio a pol 86158,1,Enviado a Mesadeentrada.ch@chubb.com,,/Gestión/Pólizas/Solicitudes/02-01-26 Sol0266 Pol 86075.pdf,,,,TRUE,Impreso,
d5e5b434,e2cda8ba,Endoso,Anulación,13/1/2026,"Anular desde inicio.
Fue reemplazada por pol QP1208490",1,18422838,,/Gestión/Pólizas/Solicitudes/13-01-26 Sol0269 Pol QP1203768.pdf,,,,TRUE,Impreso,
3aef84f2,bcc0b1ff,Endoso,Anulación,14/1/2026,"Anular desde inicio.
Pol reemplazada por pol QP1208728",1,18426205,,/Gestión/Pólizas/Solicitudes/14-01-26 Sol0270 Pol QP1204063.pdf,,,,TRUE,Impreso,
7166f63b,99eeb447,Endoso,Anulación,14/1/2026,"Anular desde inicio.
Reemplazada por pol QP1208733",1,18426311,,/Gestión/Pólizas/Solicitudes/14-01-26 Sol0271 Pol QP1203723.pdf,,,,TRUE,Impreso,
a2292ed9,6b049452,Endoso,Anulación,14/1/2026,"Anular desde inicio.
Reemplazada por pol QP1208737",1,18426483,,/Gestión/Pólizas/Solicitudes/14-01-26 Sol0272 Pol QP1203672.pdf,,,,TRUE,Impreso,
bc2e1bde,79298a4b,Endoso,Anulación,14/1/2026,"Anular desde inicio.
Reemplazada por Pol QP1208745",1,18426839,,/Gestión/Pólizas/Solicitudes/14-01-26 Sol0273 Pol QP1203731.pdf,,,,TRUE,Impreso,
fb2bbe0c,581c4a47,Endoso,Anulación,14/1/2026,"Anular desde inicio.
Reemplazada por Pol QP1208750",1,18427009,,/Gestión/Pólizas/Solicitudes/14-01-26 Sol0274 Pol QP1204065.pdf,,,,TRUE,Impreso,
88c735fe,fa6db85e,Endoso,Anulación,14/1/2026,"Anular desde inicio.
Reemplazada por Pol 7058500",1,108936,,/Gestión/Pólizas/Solicitudes/14-01-26 Sol0275 Pol 7068955.pdf,,,,TRUE,Impreso,
8b1c520e,5e5103f5,Endoso,Cancelación,16/1/2026,Cancelada por no pago. se envió cotización para nuevo seguro,,Automático,,/Gestión/Pólizas/Solicitudes/16-01-26 Sol0274 Pol QP1199223.pdf,,,,TRUE,Impreso,
57391d6b,13594cc3,Endoso,Anulación,19/1/2026,"Anular desde inicio.
Reemplazada por póliza QP1209126",1,18441225,,/Gestión/Pólizas/Solicitudes/19-01-26 Sol0277 Pol QP1203812.pdf,,,,TRUE,Impreso,
0cbd07e9,6bedbb5f,Propuesta,Renovación,19/1/2026,Renovar en iguales condiciones,15,18443527,,/Gestión/Pólizas/Solicitudes/19-01-26 Sol0278 Pol Pendiente.pdf,,,,TRUE,Impreso,
d3f7a48a,8c11979c,Propuesta,Renovación,26/1/2026,Renovar en iguales condiciones,1,260127-000693,,/Gestión/Pólizas/Solicitudes/26-01-26 Sol0279 Pol Pendiente.pdf,,,,TRUE,Impreso,
5e7be380,dab3b776,Endoso,Anulación,30/1/2026,"Anular desde inicio.
Reemplazada por Pol QP1210435",1,18490731,,/Gestión/Pólizas/Solicitudes/30-01-26 Sol0278 Pol OP218891.pdf,,,,TRUE,Impreso,
aae5a073,11008863,Endoso,Anulación,2/2/2026,"Anular desde inicio.
Anulada por Pérdida total. Motor fundió durante la vigencia de la pol anterior",1,323215,,/Gestión/Pólizas/Solicitudes/02-02-26 Sol0279 Pol 25108551.pdf,,,,TRUE,Impreso,
3148f716,72ce25cc,Endoso,Cancelación,2/2/2026,debe ser Anulada por venta materia,,Ok,,/Gestión/Pólizas/Solicitudes/02-02-26 Sol0280 Pol 432464.pdf,,,,TRUE,Impreso,
cbbc029a,af8abc50,Endoso,Anulación,26/2/2026,"Anular desde inicio.
Reemplazada por pol QP1213941",1,18593143,,/Gestión/Pólizas/Solicitudes/26-02-26 Sol0281 Pol QP1209527.pdf,,,,TRUE,Impreso,
b203d99c,b0ae2e2d,Propuesta,Renovación,26/2/2026,Renovar en iguales condiciones,1,8943292,,/Gestión/Pólizas/Solicitudes/26-02-26 Sol0282 Pol Pendiente.pdf,,,,TRUE,Impreso,
88278c0e,5645a256,Propuesta,Renovación,26/2/2026,Renovar en iguales condiciones,1,8943295,,/Gestión/Pólizas/Solicitudes/26-02-26 Sol0283 Pol Pendiente.pdf,,,,TRUE,Impreso,
1a1ec0c4,630fc3e6,Endoso,Modificación,26/2/2026,"Por favor modificar plan de pago.
La cantidad de cuotas correctas es 12, no 9.",1,145293,,/Gestión/Pólizas/Solicitudes/26-02-26 Sol0284 Pol 26010122.pdf,,,,TRUE,Impreso,
9e0e5910,a6c31c88,Endoso,Modificación,27/2/2026,"Por favor, modificar motor para que incluya los signos ""#"" de la siguiente forma. #FORD56#.
Se incluye respaldo.",1,18600248,,/Gestión/Pólizas/Solicitudes/27-02-26 Sol0285 Pol QP1213748.pdf,,,,FALSE,Impreso,
a004a8f7,53ea5615,Endoso,Cancelación,2/3/2026,Cancelar a contar del 27/02/26 por cambio a pol 8147129.,1,205121,,/Gestión/Pólizas/Solicitudes/02-03-26 Sol0286 Pol 7068974.pdf,,,,TRUE,Impreso,
97559585,Doc0530,Endoso,Modificación,2/3/2026,Dejar al rut 76.472.531-k como pagador de todos los items de la póliza,,"1501233905, 1501233906, 1501233907, 1501233908, 1501233989, 1501233990",,/Gestión/Pólizas/Solicitudes/02-03-26 Sol0287 Pol 54727.pdf,,,,TRUE,Impreso,
4fe1820c,54d9e8bd,Endoso,Anulación,3/3/2026,"Anular desde inicio.
Anular por cambio a pol QP1214110",1,18612769,,/Gestión/Pólizas/Solicitudes/03-03-26 Sol0288 Pol QP1213205.pdf,,,,TRUE,Impreso,
fcc51d10,d0c1843c,Endoso,Anulación,4/3/2026,"Anular desde inicio.
Anular por cambio a pol QP1214266",1,18617450,,/Gestión/Pólizas/Solicitudes/04-03-26 Sol0289 Pol QP1213214.pdf,,,,TRUE,Impreso,
57fb6b0d,78df28f8,Endoso,Anulación,5/3/2026,"Anular desde inicio.
Anulada por cambio a pol QP1214327",1,18622509,,/Gestión/Pólizas/Solicitudes/05-03-26 Sol0290 Pol OP219572.pdf,,,,TRUE,Impreso,
772c1110,e6c2cfb5,Endoso,Cancelación,9/3/2026,Cancelar a solicitud de la Cliente,,220890,,/Gestión/Pólizas/Solicitudes/09-03-26 Sol0293 Pol 7068863.pdf,,,,TRUE,Impreso,
d10167df,88e138d1,Endoso,Cancelación,16/3/2026,Cancelada por venta de materia a contar del 14/03/26,,237116,,/Gestión/Pólizas/Solicitudes/16-03-26 Sol0294 Pol 8384075.pdf,,,,TRUE,Impreso,
264b0096,c2e67288,Endoso,Cancelación,17/3/2026,Cancelar por venta de materia,,334990,,/Gestión/Pólizas/Solicitudes/17-03-26 Sol0295 Pol 25100136.pdf,,,,TRUE,Impreso,
f8700163,f02b31e5,Endoso,Modificación,19/3/2026,"Modificar plan de pago.
Cliente quiere pagar al contado",1,18683373,,/Gestión/Pólizas/Solicitudes/19-03-26 Sol0296 Pol QP1214110.pdf,,,,TRUE,Impreso,
cb5f5aab,bd0ccb5e,Endoso,Cancelación,19/3/2026,A solucitud del cliente por refinanciamiento hipotecario,,Enviada por correo a mesa central,,/Gestión/Pólizas/Solicitudes/19-03-26 Sol0298 Pol 144062654.pdf,,,,TRUE,Impreso,
fd5d97f7,eb9b23cd,Propuesta,Renovación,1/4/2026,Renovar con el aumento del 20% según estipulado,1,Enviado a Gaveta Virtual,,/Gestión/Pólizas/Solicitudes/01-04-26 Sol0299 Pol Pendiente.pdf,,,,TRUE,Impreso,
64f4b1b8,6ebba3d1,Endoso,Anulación,2/4/2026,"Anular desde inicio.
Anular por cambio a pol 8157768",1,279003,,/Gestión/Pólizas/Solicitudes/02-04-26 Sol0297 Pol 8150862.pdf,,,,TRUE,Impreso,
04effff3,21874ae5,Propuesta,Renovación,10/4/2026,Renovar en iguales condiciones,1,8952031,,/Gestión/Pólizas/Solicitudes/10-04-26 Sol0298 Pol Pendiente.pdf,,,,TRUE,Impreso,
3b40d779,22049f94,Propuesta,Renovación,10/4/2026,Renovar en iguales condiciones,1,8952032,,/Gestión/Pólizas/Solicitudes/10-04-26 Sol0299 Pol Pendiente.pdf,,,,TRUE,Impreso,
f51f0706,edce6881,Endoso,Anulación,20/4/2026,"Anular desde inicio.
Anular desde inicio por cambio del cliente",1,344929,,/Gestión/Pólizas/Solicitudes/20-04-26 Sol0300 Pol 26022656.pdf,,,,,Impreso,
175f3ff3,d42cca33,Endoso,Anulación,20/4/2026,"Anular desde inicio.
Anular por cambio a pol QP1218233",1,18826226,,/Gestión/Pólizas/Solicitudes/20-04-26 Sol0301 Pol QP1216937.pdf,,,,,Impreso,
a1046910,727a6cb7,Propuesta,Nueva,28/4/2026,Emitir Pol en base a cotización,1,17352036,,/Gestión/Pólizas/Solicitudes/28-04-26 Sol0302 Pol Pendiente.pdf,,,,,Impreso,
,,,,,,,,,,,,,FALSE,,
,,,,,,,,,,,,,FALSE,,
,,,,,,,,,,,,,FALSE,,
,,,,,,,,,,,,,FALSE,,
,,,,,,,,,,,,,FALSE,,
,,,,,,,,,,,,,FALSE,,
,,,,,,,,,,,,,FALSE,,
,,,,,,,,,,,,,FALSE,,
,,,,,,,,,,,,,FALSE,,
,,,,,,,,,,,,,FALSE,,
,,,,,,,,,,,,,FALSE,,
,,,,,,,,,,,,,FALSE,,
,,,,,,,,,,,,,FALSE,,
,,,,,,,,,,,,,FALSE,,
,,,,,,,,,,,,,FALSE,,
,,,,,,,,,,,,,FALSE,,
,,,,,,,,,,,,,FALSE,,
,,,,,,,,,,,,,FALSE,,
,,,,,,,,,,,,,FALSE,,
,,,,,,,,,,,,,FALSE,,
,,,,,,,,,,,,,FALSE,,
,,,,,,,,,,,,,FALSE,,
,,,,,,,,,,,,,FALSE,,
,,,,,,,,,,,,,FALSE,,
,,,,,,,,,,,,,FALSE,,
,,,,,,,,,,,,,FALSE,,
,,,,,,,,,,,,,FALSE,,
,,,,,,,,,,,,,FALSE,,
,,,,,,,,,,,,,FALSE,,
,,,,,,,,,,,,,FALSE,,
,,,,,,,,,,,,,FALSE,,
,,,,,,,,,,,,,FALSE,,
,,,,,,,,,,,,,FALSE,,
,,,,,,,,,,,,,FALSE,,
,,,,,,,,,,,,,FALSE,,
,,,,,,,,,,,,,FALSE,,
,,,,,,,,,,,,,FALSE,,
,,,,,,,,,,,,,FALSE,,
,,,,,,,,,,,,,FALSE,,
,,,,,,,,,,,,,FALSE,,
,,,,,,,,,,,,,FALSE,,
,,,,,,,,,,,,,FALSE,,
,,,,,,,,,,,,,FALSE,,
,,,,,,,,,,,,,FALSE,,
,,,,,,,,,,,,,FALSE,,
,,,,,,,,,,,,,FALSE,,
,,,,,,,,,,,,,FALSE,,
,,,,,,,,,,,,,FALSE,,
,,,,,,,,,,,,,FALSE,,
,,,,,,,,,,,,,FALSE,,
,,,,,,,,,,,,,FALSE,,
,,,,,,,,,,,,,FALSE,,
,,,,,,,,,,,,,FALSE,,
,,,,,,,,,,,,,FALSE,,
,,,,,,,,,,,,,FALSE,,
,,,,,,,,,,,,,FALSE,,
,,,,,,,,,,,,,FALSE,,
,,,,,,,,,,,,,FALSE,,
,,,,,,,,,,,,,FALSE,,
,,,,,,,,,,,,,FALSE,,
,,,,,,,,,,,,,FALSE,,
,,,,,,,,,,,,,FALSE,,
,,,,,,,,,,,,,FALSE,,
,,,,,,,,,,,,,FALSE,,
,,,,,,,,,,,,,FALSE,,
,,,,,,,,,,,,,FALSE,,
,,,,,,,,,,,,,FALSE,,
,,,,,,,,,,,,,FALSE,,
,,,,,,,,,,,,,FALSE,,
,,,,,,,,,,,,,FALSE,,
,,,,,,,,,,,,,FALSE,,
,,,,,,,,,,,,,FALSE,,
,,,,,,,,,,,,,FALSE,,
,,,,,,,,,,,,,FALSE,,
,,,,,,,,,,,,,FALSE,,
,,,,,,,,,,,,,FALSE,,
,,,,,,,,,,,,,FALSE,,
,,,,,,,,,,,,,FALSE,,
,,,,,,,,,,,,,FALSE,,
,,,,,,,,,,,,,FALSE,,
,,,,,,,,,,,,,FALSE,,
,,,,,,,,,,,,,FALSE,,
,,,,,,,,,,,,,FALSE,,
,,,,,,,,,,,,,FALSE,,
,,,,,,,,,,,,,FALSE,,
,,,,,,,,,,,,,FALSE,,
,,,,,,,,,,,,,FALSE,,
,,,,,,,,,,,,,FALSE,,
,,,,,,,,,,,,,FALSE,,
,,,,,,,,,,,,,FALSE,,
,,,,,,,,,,,,,FALSE,,
,,,,,,,,,,,,,FALSE,,
,,,,,,,,,,,,,FALSE,,
,,,,,,,,,,,,,FALSE,,
,,,,,,,,,,,,,FALSE,,
,,,,,,,,,,,,,FALSE,,
,,,,,,,,,,,,,FALSE,,
,,,,,,,,,,,,,FALSE,,
,,,,,,,,,,,,,FALSE,,
,,,,,,,,,,,,,FALSE,,
,,,,,,,,,,,,,FALSE,,
,,,,,,,,,,,,,FALSE,,
,,,,,,,,,,,,,FALSE,,
,,,,,,,,,,,,,FALSE,,
,,,,,,,,,,,,,FALSE,,
,,,,,,,,,,,,,FALSE,,
,,,,,,,,,,,,,FALSE,,
,,,,,,,,,,,,,FALSE,,
,,,,,,,,,,,,,FALSE,,
,,,,,,,,,,,,,FALSE,,
,,,,,,,,,,,,,FALSE,,
,,,,,,,,,,,,,FALSE,,
,,,,,,,,,,,,,FALSE,,
,,,,,,,,,,,,,FALSE,,
,,,,,,,,,,,,,FALSE,,
,,,,,,,,,,,,,FALSE,,
,,,,,,,,,,,,,FALSE,,
,,,,,,,,,,,,,FALSE,,
,,,,,,,,,,,,,FALSE,,
,,,,,,,,,,,,,FALSE,,
,,,,,,,,,,,,,FALSE,,
,,,,,,,,,,,,,FALSE,,
,,,,,,,,,,,,,FALSE,,
,,,,,,,,,,,,,FALSE,,
,,,,,,,,,,,,,FALSE,,
,,,,,,,,,,,,,FALSE,,
,,,,,,,,,,,,,FALSE,,
,,,,,,,,,,,,,FALSE,,
,,,,,,,,,,,,,FALSE,,
,,,,,,,,,,,,,FALSE,,
,,,,,,,,,,,,,FALSE,,
,,,,,,,,,,,,,FALSE,,
,,,,,,,,,,,,,FALSE,,
,,,,,,,,,,,,,FALSE,,
,,,,,,,,,,,,,FALSE,,
,,,,,,,,,,,,,FALSE,,
,,,,,,,,,,,,,FALSE,,
,,,,,,,,,,,,,FALSE,,
,,,,,,,,,,,,,FALSE,,
,,,,,,,,,,,,,FALSE,,
,,,,,,,,,,,,,FALSE,,
,,,,,,,,,,,,,FALSE,,
,,,,,,,,,,,,,FALSE,,
,,,,,,,,,,,,,FALSE,,
,,,,,,,,,,,,,FALSE,,
,,,,,,,,,,,,,FALSE,,
,,,,,,,,,,,,,FALSE,,
,,,,,,,,,,,,,FALSE,,
,,,,,,,,,,,,,FALSE,,
,,,,,,,,,,,,,FALSE,,
,,,,,,,,,,,,,FALSE,,
,,,,,,,,,,,,,FALSE,,
,,,,,,,,,,,,,FALSE,,
,,,,,,,,,,,,,FALSE,,
,,,,,,,,,,,,,FALSE,,
,,,,,,,,,,,,,FALSE,,
,,,,,,,,,,,,,FALSE,,
,,,,,,,,,,,,,FALSE,,
,,,,,,,,,,,,,FALSE,,
,,,,,,,,,,,,,FALSE,,
,,,,,,,,,,,,,FALSE,,
,,,,,,,,,,,,,FALSE,,
,,,,,,,,,,,,,FALSE,,
,,,,,,,,,,,,,FALSE,,
,,,,,,,,,,,,,FALSE,,
,,,,,,,,,,,,,FALSE,,
,,,,,,,,,,,,,FALSE,,
,,,,,,,,,,,,,FALSE,,
,,,,,,,,,,,,,FALSE,,
,,,,,,,,,,,,,FALSE,,
,,,,,,,,,,,,,FALSE,,
,,,,,,,,,,,,,FALSE,,
,,,,,,,,,,,,,FALSE,,
,,,,,,,,,,,,,FALSE,,
,,,,,,,,,,,,,FALSE,,
,,,,,,,,,,,,,FALSE,,
,,,,,,,,,,,,,FALSE,,
,,,,,,,,,,,,,FALSE,,
,,,,,,,,,,,,,FALSE,,
,,,,,,,,,,,,,FALSE,,
,,,,,,,,,,,,,FALSE,,
,,,,,,,,,,,,,FALSE,,
,,,,,,,,,,,,,FALSE,,
,,,,,,,,,,,,,FALSE,,
,,,,,,,,,,,,,FALSE,,
,,,,,,,,,,,,,FALSE,,
,,,,,,,,,,,,,FALSE,,
,,,,,,,,,,,,,FALSE,,
,,,,,,,,,,,,,FALSE,,
,,,,,,,,,,,,,FALSE,,
,,,,,,,,,,,,,FALSE,,
,,,,,,,,,,,,,FALSE,,
,,,,,,,,,,,,,FALSE,,
,,,,,,,,,,,,,FALSE,,
,,,,,,,,,,,,,FALSE,,
,,,,,,,,,,,,,FALSE,,
,,,,,,,,,,,,,FALSE,,
,,,,,,,,,,,,,FALSE,,
,,,,,,,,,,,,,FALSE,,
,,,,,,,,,,,,,FALSE,,
,,,,,,,,,,,,,FALSE,,
,,,,,,,,,,,,,FALSE,,
,,,,,,,,,,,,,FALSE,,
,,,,,,,,,,,,,FALSE,,
,,,,,,,,,,,,,FALSE,,
,,,,,,,,,,,,,FALSE,,
,,,,,,,,,,,,,FALSE,,
,,,,,,,,,,,,,FALSE,,
,,,,,,,,,,,,,FALSE,,
,,,,,,,,,,,,,FALSE,,
,,,,,,,,,,,,,FALSE,,
,,,,,,,,,,,,,FALSE,,
,,,,,,,,,,,,,FALSE,,
,,,,,,,,,,,,,FALSE,,
,,,,,,,,,,,,,FALSE,,
,,,,,,,,,,,,,FALSE,,
,,,,,,,,,,,,,FALSE,,
,,,,,,,,,,,,,FALSE,,
,,,,,,,,,,,,,FALSE,,
,,,,,,,,,,,,,FALSE,,
,,,,,,,,,,,,,FALSE,,
,,,,,,,,,,,,,FALSE,,
,,,,,,,,,,,,,FALSE,,
,,,,,,,,,,,,,FALSE,,
,,,,,,,,,,,,,FALSE,,
,,,,,,,,,,,,,FALSE,,
,,,,,,,,,,,,,FALSE,,
,,,,,,,,,,,,,FALSE,,
,,,,,,,,,,,,,FALSE,,
,,,,,,,,,,,,,FALSE,,
,,,,,,,,,,,,,FALSE,,
,,,,,,,,,,,,,FALSE,,
,,,,,,,,,,,,,FALSE,,
,,,,,,,,,,,,,FALSE,,
,,,,,,,,,,,,,FALSE,,
,,,,,,,,,,,,,FALSE,,
,,,,,,,,,,,,,FALSE,,
,,,,,,,,,,,,,FALSE,,
,,,,,,,,,,,,,FALSE,,
,,,,,,,,,,,,,FALSE,,
,,,,,,,,,,,,,FALSE,,
,,,,,,,,,,,,,FALSE,,
,,,,,,,,,,,,,FALSE,,
,,,,,,,,,,,,,FALSE,,
,,,,,,,,,,,,,FALSE,,
,,,,,,,,,,,,,FALSE,,
,,,,,,,,,,,,,FALSE,,
,,,,,,,,,,,,,FALSE,,
,,,,,,,,,,,,,FALSE,,
,,,,,,,,,,,,,FALSE,,
,,,,,,,,,,,,,FALSE,,
,,,,,,,,,,,,,FALSE,,
,,,,,,,,,,,,,FALSE,,
,,,,,,,,,,,,,FALSE,,
,,,,,,,,,,,,,FALSE,,
,,,,,,,,,,,,,FALSE,,
,,,,,,,,,,,,,FALSE,,
,,,,,,,,,,,,,FALSE,,
,,,,,,,,,,,,,FALSE,,
,,,,,,,,,,,,,FALSE,,
,,,,,,,,,,,,,FALSE,,
,,,,,,,,,,,,,FALSE,,
,,,,,,,,,,,,,FALSE,,
,,,,,,,,,,,,,FALSE,,
,,,,,,,,,,,,,FALSE,,
,,,,,,,,,,,,,FALSE,,
,,,,,,,,,,,,,FALSE,,
,,,,,,,,,,,,,FALSE,,
,,,,,,,,,,,,,FALSE,,
,,,,,,,,,,,,,FALSE,,
,,,,,,,,,,,,,FALSE,,
,,,,,,,,,,,,,FALSE,,
,,,,,,,,,,,,,FALSE,,
,,,,,,,,,,,,,FALSE,,
,,,,,,,,,,,,,FALSE,,
,,,,,,,,,,,,,FALSE,,
,,,,,,,,,,,,,FALSE,,
,,,,,,,,,,,,,FALSE,,
,,,,,,,,,,,,,FALSE,,
,,,,,,,,,,,,,FALSE,,
,,,,,,,,,,,,,FALSE,,
,,,,,,,,,,,,,FALSE,,
,,,,,,,,,,,,,FALSE,,
,,,,,,,,,,,,,FALSE,,
,,,,,,,,,,,,,FALSE,,
,,,,,,,,,,,,,FALSE,,
,,,,,,,,,,,,,FALSE,,
,,,,,,,,,,,,,FALSE,,
,,,,,,,,,,,,,FALSE,,
,,,,,,,,,,,,,FALSE,,
,,,,,,,,,,,,,FALSE,,
,,,,,,,,,,,,,FALSE,,
,,,,,,,,,,,,,FALSE,,
,,,,,,,,,,,,,FALSE,,
,,,,,,,,,,,,,FALSE,,
,,,,,,,,,,,,,FALSE,,
,,,,,,,,,,,,,FALSE,,
,,,,,,,,,,,,,FALSE,,
,,,,,,,,,,,,,FALSE,,
,,,,,,,,,,,,,FALSE,,
,,,,,,,,,,,,,FALSE,,
,,,,,,,,,,,,,FALSE,,
,,,,,,,,,,,,,FALSE,,
,,,,,,,,,,,,,FALSE,,
,,,,,,,,,,,,,FALSE,,
,,,,,,,,,,,,,FALSE,,
,,,,,,,,,,,,,FALSE,,
,,,,,,,,,,,,,FALSE,,
,,,,,,,,,,,,,FALSE,,
,,,,,,,,,,,,,FALSE,,
,,,,,,,,,,,,,FALSE,,
,,,,,,,,,,,,,FALSE,,
,,,,,,,,,,,,,FALSE,,
,,,,,,,,,,,,,FALSE,,
,,,,,,,,,,,,,FALSE,,
,,,,,,,,,,,,,FALSE,,
,,,,,,,,,,,,,FALSE,,
,,,,,,,,,,,,,FALSE,,
,,,,,,,,,,,,,FALSE,,
,,,,,,,,,,,,,FALSE,,
,,,,,,,,,,,,,FALSE,,
,,,,,,,,,,,,,FALSE,,
,,,,,,,,,,,,,FALSE,,
,,,,,,,,,,,,,FALSE,,
,,,,,,,,,,,,,FALSE,,
,,,,,,,,,,,,,FALSE,,
,,,,,,,,,,,,,FALSE,,
,,,,,,,,,,,,,FALSE,,
,,,,,,,,,,,,,FALSE,,
,,,,,,,,,,,,,FALSE,,
,,,,,,,,,,,,,FALSE,,
,,,,,,,,,,,,,FALSE,,
,,,,,,,,,,,,,FALSE,,
,,,,,,,,,,,,,FALSE,,
,,,,,,,,,,,,,FALSE,,
,,,,,,,,,,,,,FALSE,,
,,,,,,,,,,,,,FALSE,,
,,,,,,,,,,,,,FALSE,,
,,,,,,,,,,,,,FALSE,,
,,,,,,,,,,,,,FALSE,,
,,,,,,,,,,,,,FALSE,,
,,,,,,,,,,,,,FALSE,,
,,,,,,,,,,,,,FALSE,,
,,,,,,,,,,,,,FALSE,,
,,,,,,,,,,,,,FALSE,,
,,,,,,,,,,,,,FALSE,,
,,,,,,,,,,,,,FALSE,,
,,,,,,,,,,,,,FALSE,,
,,,,,,,,,,,,,FALSE,,
,,,,,,,,,,,,,FALSE,,
,,,,,,,,,,,,,FALSE,,
,,,,,,,,,,,,,FALSE,,
,,,,,,,,,,,,,FALSE,,
,,,,,,,,,,,,,FALSE,,
,,,,,,,,,,,,,FALSE,,
,,,,,,,,,,,,,FALSE,,
,,,,,,,,,,,,,FALSE,,
,,,,,,,,,,,,,FALSE,,
,,,,,,,,,,,,,FALSE,,
,,,,,,,,,,,,,FALSE,,
,,,,,,,,,,,,,FALSE,,
,,,,,,,,,,,,,FALSE,,
,,,,,,,,,,,,,FALSE,,
,,,,,,,,,,,,,FALSE,,
,,,,,,,,,,,,,FALSE,,
,,,,,,,,,,,,,FALSE,,
,,,,,,,,,,,,,FALSE,,
,,,,,,,,,,,,,FALSE,,
,,,,,,,,,,,,,FALSE,,
,,,,,,,,,,,,,FALSE,,
,,,,,,,,,,,,,FALSE,,
,,,,,,,,,,,,,FALSE,,
,,,,,,,,,,,,,FALSE,,
,,,,,,,,,,,,,FALSE,,
,,,,,,,,,,,,,FALSE,,
,,,,,,,,,,,,,FALSE,,
,,,,,,,,,,,,,FALSE,,
,,,,,,,,,,,,,FALSE,,
,,,,,,,,,,,,,FALSE,,
,,,,,,,,,,,,,FALSE,,
,,,,,,,,,,,,,FALSE,,
,,,,,,,,,,,,,FALSE,,
,,,,,,,,,,,,,FALSE,,
,,,,,,,,,,,,,FALSE,,
,,,,,,,,,,,,,FALSE,,
,,,,,,,,,,,,,FALSE,,
,,,,,,,,,,,,,FALSE,,
,,,,,,,,,,,,,FALSE,,
,,,,,,,,,,,,,FALSE,,
,,,,,,,,,,,,,FALSE,,
,,,,,,,,,,,,,FALSE,,
,,,,,,,,,,,,,FALSE,,
,,,,,,,,,,,,,FALSE,,
,,,,,,,,,,,,,FALSE,,
,,,,,,,,,,,,,FALSE,,
,,,,,,,,,,,,,FALSE,,
,,,,,,,,,,,,,FALSE,,
,,,,,,,,,,,,,FALSE,,
,,,,,,,,,,,,,FALSE,,
,,,,,,,,,,,,,FALSE,,
,,,,,,,,,,,,,FALSE,,
,,,,,,,,,,,,,FALSE,,
,,,,,,,,,,,,,FALSE,,
,,,,,,,,,,,,,FALSE,,
,,,,,,,,,,,,,FALSE,,
,,,,,,,,,,,,,FALSE,,
,,,,,,,,,,,,,FALSE,,
,,,,,,,,,,,,,FALSE,,
,,,,,,,,,,,,,FALSE,,
,,,,,,,,,,,,,FALSE,,
,,,,,,,,,,,,,FALSE,,
,,,,,,,,,,,,,FALSE,,
,,,,,,,,,,,,,FALSE,,
,,,,,,,,,,,,,FALSE,,
,,,,,,,,,,,,,FALSE,,
,,,,,,,,,,,,,FALSE,,
,,,,,,,,,,,,,FALSE,,
,,,,,,,,,,,,,FALSE,,
,,,,,,,,,,,,,FALSE,,
,,,,,,,,,,,,,FALSE,,
,,,,,,,,,,,,,FALSE,,
,,,,,,,,,,,,,FALSE,,
,,,,,,,,,,,,,FALSE,,
,,,,,,,,,,,,,FALSE,,
,,,,,,,,,,,,,FALSE,,
,,,,,,,,,,,,,FALSE,,
,,,,,,,,,,,,,FALSE,,
,,,,,,,,,,,,,FALSE,,
,,,,,,,,,,,,,FALSE,,
,,,,,,,,,,,,,FALSE,,
,,,,,,,,,,,,,FALSE,,
,,,,,,,,,,,,,FALSE,,
,,,,,,,,,,,,,FALSE,,
,,,,,,,,,,,,,FALSE,,
,,,,,,,,,,,,,FALSE,,
,,,,,,,,,,,,,FALSE,,
,,,,,,,,,,,,,FALSE,,
,,,,,,,,,,,,,FALSE,,
,,,,,,,,,,,,,FALSE,,
,,,,,,,,,,,,,FALSE,,
,,,,,,,,,,,,,FALSE,,
,,,,,,,,,,,,,FALSE,,
,,,,,,,,,,,,,FALSE,,
,,,,,,,,,,,,,FALSE,,
,,,,,,,,,,,,,FALSE,,
,,,,,,,,,,,,,FALSE,,
,,,,,,,,,,,,,FALSE,,
,,,,,,,,,,,,,FALSE,,
,,,,,,,,,,,,,FALSE,,
,,,,,,,,,,,,,FALSE,,
,,,,,,,,,,,,,FALSE,,
,,,,,,,,,,,,,FALSE,,
,,,,,,,,,,,,,FALSE,,
,,,,,,,,,,,,,FALSE,,
,,,,,,,,,,,,,FALSE,,
,,,,,,,,,,,,,FALSE,,
,,,,,,,,,,,,,FALSE,,
,,,,,,,,,,,,,FALSE,,
,,,,,,,,,,,,,FALSE,,
,,,,,,,,,,,,,FALSE,,
,,,,,,,,,,,,,FALSE,,
,,,,,,,,,,,,,FALSE,,
,,,,,,,,,,,,,FALSE,,
,,,,,,,,,,,,,FALSE,,
,,,,,,,,,,,,,FALSE,,
,,,,,,,,,,,,,FALSE,,
,,,,,,,,,,,,,FALSE,,
,,,,,,,,,,,,,FALSE,,
,,,,,,,,,,,,,FALSE,,
,,,,,,,,,,,,,FALSE,,
,,,,,,,,,,,,,FALSE,,
,,,,,,,,,,,,,FALSE,,
,,,,,,,,,,,,,FALSE,,
,,,,,,,,,,,,,FALSE,,
,,,,,,,,,,,,,FALSE,,
,,,,,,,,,,,,,FALSE,,
,,,,,,,,,,,,,FALSE,,
,,,,,,,,,,,,,FALSE,,
,,,,,,,,,,,,,FALSE,,
,,,,,,,,,,,,,FALSE,,
,,,,,,,,,,,,,FALSE,,
,,,,,,,,,,,,,FALSE,,
,,,,,,,,,,,,,FALSE,,
,,,,,,,,,,,,,FALSE,,
,,,,,,,,,,,,,FALSE,,
,,,,,,,,,,,,,FALSE,,
,,,,,,,,,,,,,FALSE,,
,,,,,,,,,,,,,FALSE,,
,,,,,,,,,,,,,FALSE,,
,,,,,,,,,,,,,FALSE,,
,,,,,,,,,,,,,FALSE,,
,,,,,,,,,,,,,FALSE,,
,,,,,,,,,,,,,FALSE,,
,,,,,,,,,,,,,FALSE,,
,,,,,,,,,,,,,FALSE,,
,,,,,,,,,,,,,FALSE,,
,,,,,,,,,,,,,FALSE,,
,,,,,,,,,,,,,FALSE,,
,,,,,,,,,,,,,FALSE,,
,,,,,,,,,,,,,FALSE,,
,,,,,,,,,,,,,FALSE,,
,,,,,,,,,,,,,FALSE,,
,,,,,,,,,,,,,FALSE,,
,,,,,,,,,,,,,FALSE,,
,,,,,,,,,,,,,FALSE,,
,,,,,,,,,,,,,FALSE,,
,,,,,,,,,,,,,FALSE,,
,,,,,,,,,,,,,FALSE,,
,,,,,,,,,,,,,FALSE,,
,,,,,,,,,,,,,FALSE,,
,,,,,,,,,,,,,FALSE,,
,,,,,,,,,,,,,FALSE,,
,,,,,,,,,,,,,FALSE,,
,,,,,,,,,,,,,FALSE,,
,,,,,,,,,,,,,FALSE,,
,,,,,,,,,,,,,FALSE,,
,,,,,,,,,,,,,FALSE,,
,,,,,,,,,,,,,FALSE,,
,,,,,,,,,,,,,FALSE,,
,,,,,,,,,,,,,FALSE,,
,,,,,,,,,,,,,FALSE,,
,,,,,,,,,,,,,FALSE,,
,,,,,,,,,,,,,FALSE,,
,,,,,,,,,,,,,FALSE,,
,,,,,,,,,,,,,FALSE,,
,,,,,,,,,,,,,FALSE,,
,,,,,,,,,,,,,FALSE,,
,,,,,,,,,,,,,FALSE,,
,,,,,,,,,,,,,FALSE,,
,,,,,,,,,,,,,FALSE,,
,,,,,,,,,,,,,FALSE,,
,,,,,,,,,,,,,FALSE,,
,,,,,,,,,,,,,FALSE,,
,,,,,,,,,,,,,FALSE,,
,,,,,,,,,,,,,FALSE,,
,,,,,,,,,,,,,FALSE,,
,,,,,,,,,,,,,FALSE,,
,,,,,,,,,,,,,FALSE,,
,,,,,,,,,,,,,FALSE,,
,,,,,,,,,,,,,FALSE,,
,,,,,,,,,,,,,FALSE,,
,,,,,,,,,,,,,FALSE,,
,,,,,,,,,,,,,FALSE,,
,,,,,,,,,,,,,FALSE,,
,,,,,,,,,,,,,FALSE,,
,,,,,,,,,,,,,FALSE,,
,,,,,,,,,,,,,FALSE,,
,,,,,,,,,,,,,FALSE,,
,,,,,,,,,,,,,FALSE,,
,,,,,,,,,,,,,FALSE,,
,,,,,,,,,,,,,FALSE,,
,,,,,,,,,,,,,FALSE,,
,,,,,,,,,,,,,FALSE,,
,,,,,,,,,,,,,FALSE,,
,,,,,,,,,,,,,FALSE,,
,,,,,,,,,,,,,FALSE,,
,,,,,,,,,,,,,FALSE,,
,,,,,,,,,,,,,FALSE,,
,,,,,,,,,,,,,FALSE,,
,,,,,,,,,,,,,FALSE,,
,,,,,,,,,,,,,FALSE,,
,,,,,,,,,,,,,FALSE,,
,,,,,,,,,,,,,FALSE,,
,,,,,,,,,,,,,FALSE,,
,,,,,,,,,,,,,FALSE,,
,,,,,,,,,,,,,FALSE,,
,,,,,,,,,,,,,FALSE,,
,,,,,,,,,,,,,FALSE,,
,,,,,,,,,,,,,FALSE,,
,,,,,,,,,,,,,FALSE,,
,,,,,,,,,,,,,FALSE,,
,,,,,,,,,,,,,FALSE,,
,,,,,,,,,,,,,FALSE,,
,,,,,,,,,,,,,FALSE,,
,,,,,,,,,,,,,FALSE,,
,,,,,,,,,,,,,FALSE,,
,,,,,,,,,,,,,FALSE,,
,,,,,,,,,,,,,FALSE,,
,,,,,,,,,,,,,FALSE,,
,,,,,,,,,,,,,FALSE,,
,,,,,,,,,,,,,FALSE,,
,,,,,,,,,,,,,FALSE,,
,,,,,,,,,,,,,FALSE,,
,,,,,,,,,,,,,FALSE,,
,,,,,,,,,,,,,FALSE,,
,,,,,,,,,,,,,FALSE,,
,,,,,,,,,,,,,FALSE,,
,,,,,,,,,,,,,FALSE,,
,,,,,,,,,,,,,FALSE,,
,,,,,,,,,,,,,FALSE,,
,,,,,,,,,,,,,FALSE,,
,,,,,,,,,,,,,FALSE,,
,,,,,,,,,,,,,FALSE,,
,,,,,,,,,,,,,FALSE,,
,,,,,,,,,,,,,FALSE,,
,,,,,,,,,,,,,FALSE,,
,,,,,,,,,,,,,FALSE,,
,,,,,,,,,,,,,FALSE,,
,,,,,,,,,,,,,FALSE,,
,,,,,,,,,,,,,FALSE,,
,,,,,,,,,,,,,FALSE,,
,,,,,,,,,,,,,FALSE,,
,,,,,,,,,,,,,FALSE,,
,,,,,,,,,,,,,FALSE,,
,,,,,,,,,,,,,FALSE,,
,,,,,,,,,,,,,FALSE,,
,,,,,,,,,,,,,FALSE,,
,,,,,,,,,,,,,FALSE,,
,,,,,,,,,,,,,FALSE,,
,,,,,,,,,,,,,FALSE,,
,,,,,,,,,,,,,FALSE,,
,,,,,,,,,,,,,FALSE,,
,,,,,,,,,,,,,FALSE,,
,,,,,,,,,,,,,FALSE,,
,,,,,,,,,,,,,FALSE,,
,,,,,,,,,,,,,FALSE,,
,,,,,,,,,,,,,FALSE,,
,,,,,,,,,,,,,FALSE,,
,,,,,,,,,,,,,FALSE,,
,,,,,,,,,,,,,FALSE,,
,,,,,,,,,,,,,FALSE,,
,,,,,,,,,,,,,FALSE,,
,,,,,,,,,,,,,FALSE,,
,,,,,,,,,,,,,FALSE,,
,,,,,,,,,,,,,FALSE,,
,,,,,,,,,,,,,FALSE,,
,,,,,,,,,,,,,FALSE,,
,,,,,,,,,,,,,FALSE,,
,,,,,,,,,,,,,FALSE,,
,,,,,,,,,,,,,FALSE,,
,,,,,,,,,,,,,FALSE,,
,,,,,,,,,,,,,FALSE,,
,,,,,,,,,,,,,FALSE,,
,,,,,,,,,,,,,FALSE,,
,,,,,,,,,,,,,FALSE,,
,,,,,,,,,,,,,FALSE,,
,,,,,,,,,,,,,FALSE,,
,,,,,,,,,,,,,FALSE,,
,,,,,,,,,,,,,FALSE,,
,,,,,,,,,,,,,FALSE,,
,,,,,,,,,,,,,FALSE,,
,,,,,,,,,,,,,FALSE,,
,,,,,,,,,,,,,FALSE,,
,,,,,,,,,,,,,FALSE,,
,,,,,,,,,,,,,FALSE,,
,,,,,,,,,,,,,FALSE,,
,,,,,,,,,,,,,FALSE,,
,,,,,,,,,,,,,FALSE,,
,,,,,,,,,,,,,FALSE,,
,,,,,,,,,,,,,FALSE,,
,,,,,,,,,,,,,FALSE,,
,,,,,,,,,,,,,FALSE,,
,,,,,,,,,,,,,FALSE,,
,,,,,,,,,,,,,FALSE,,
,,,,,,,,,,,,,FALSE,,
,,,,,,,,,,,,,FALSE,,
,,,,,,,,,,,,,FALSE,,
,,,,,,,,,,,,,FALSE,,
,,,,,,,,,,,,,FALSE,,
,,,,,,,,,,,,,FALSE,,
,,,,,,,,,,,,,FALSE,,
,,,,,,,,,,,,,FALSE,,
,,,,,,,,,,,,,FALSE,,
,,,,,,,,,,,,,FALSE,,
,,,,,,,,,,,,,FALSE,,
,,,,,,,,,,,,,FALSE,,
,,,,,,,,,,,,,FALSE,,
,,,,,,,,,,,,,FALSE,,
,,,,,,,,,,,,,FALSE,,
,,,,,,,,,,,,,FALSE,,
,,,,,,,,,,,,,FALSE,,
,,,,,,,,,,,,,FALSE,,
,,,,,,,,,,,,,FALSE,,
,,,,,,,,,,,,,FALSE,,
,,,,,,,,,,,,,FALSE,,
,,,,,,,,,,,,,FALSE,,
,,,,,,,,,,,,,FALSE,,
,,,,,,,,,,,,,FALSE,,
,,,,,,,,,,,,,FALSE,,
,,,,,,,,,,,,,FALSE,,
,,,,,,,,,,,,,FALSE,,
,,,,,,,,,,,,,FALSE,,
,,,,,,,,,,,,,FALSE,,
,,,,,,,,,,,,,FALSE,,
,,,,,,,,,,,,,FALSE,,
,,,,,,,,,,,,,FALSE,,
,,,,,,,,,,,,,FALSE,,
,,,,,,,,,,,,,FALSE,,
,,,,,,,,,,,,,FALSE,,
,,,,,,,,,,,,,FALSE,,
,,,,,,,,,,,,,FALSE,,
,,,,,,,,,,,,,FALSE,,
,,,,,,,,,,,,,FALSE,,
,,,,,,,,,,,,,FALSE,,
,,,,,,,,,,,,,FALSE,,
,,,,,,,,,,,,,FALSE,,
,,,,,,,,,,,,,FALSE,,