ID,Producto,% Comisión Afecta,% Comisión Exenta,Ejecutivo,Estado Seguro,Fecha Emisión,I Vigencia,F Vigencia,N° Póliza,Cliente,Contratante,Pagador,Moneda,Forma de Pago,N° Cuotas,Mandato,Otros Archivos,Comisión?,Renovar?,Pago Activo?,Recotizar?,Fecha Cancelación,Comentarios,Verificador Traspaso
Pol0001,Pro0071,10.00%,0.00%,Eje0001,Ok,18/10/2022,18/10/2022,22/10/2022,QP996906,Cli0084,rut0122,rut0122,USD,Directa,1,,,TRUE,FALSE,FALSE,,,,
Pol0002,Pro0071,10.00%,0.00%,Eje0001,Ok,18/10/2022,18/10/2022,22/10/2022,QP996907,Cli0084,rut0122,rut0122,USD,Directa,1,,,TRUE,FALSE,FALSE,,,,
Pol0003,Pro0071,10.00%,0.00%,Eje0001,Ok,23/2/2023,23/2/2023,26/2/2023,QP1022309,Cli0126,rut0192,rut0192,CLP,Directa,1,,,TRUE,FALSE,FALSE,,,,
Pol0004,Pro0071,10.00%,0.00%,Eje0001,Ok,23/2/2023,23/2/2023,26/2/2023,QP1022267,Cli0122,rut0186,rut0186,CLP,Directa,1,,,TRUE,FALSE,FALSE,,,,
Pol0005,Pro0079,0.00%,0.00%,Eje0003,Ok,30/8/2022,30/8/2022,14/4/2023,1257060,Cli0029,rut0037,rut0037,UF,Directa,1,,,FALSE,TRUE,FALSE,,,,
Pol0006,Pro0010,8.00%,0.00%,Eje0003,Anulado,2/7/2022,2/7/2022,2/7/2023,3032054,Cli0078,rut0114,rut0114,UF,Directa,12,,,FALSE,FALSE,FALSE,,,,
Pol0007,Pro0008,3.00%,0.00%,Eje0005,Ok,15/7/2022,15/7/2022,15/7/2023,234963,Cli0069,rut0101,rut0101,UF,Directa,12,,,FALSE,TRUE,FALSE,,,,
Pol0008,Pro0010,8.00%,0.00%,Eje0003,Anulado,20/7/2022,20/7/2022,20/7/2023,3032055,Cli0031,rut0040,rut0040,UF,PAT,12,,,FALSE,FALSE,FALSE,,,,
Pol0009,Pro0008,3.00%,0.00%,Eje0005,Anulado,2/8/2022,2/8/2022,2/8/2023,252911,Cli0021,rut0026,rut0026,UF,Directa,12,,,FALSE,FALSE,FALSE,,,,
Pol0010,Pro0040,4.00%,0.00%,Eje0001,Anulado,11/8/2022,11/8/2022,11/8/2023,QP0984519,Cli0011,rut0012,rut0012,UF,PAT,12,,,FALSE,FALSE,FALSE,,,,
Pol0011,Pro0053,2.00%,0.00%,Eje0001,Ok,22/8/2022,22/8/2022,22/8/2023,QP0985855,Cli0024,rut0029,rut0029,UF,PAT,12,,,FALSE,TRUE,FALSE,,,,
Pol0012,Pro0010,8.00%,0.00%,Eje0003,Anulado,3/9/2022,3/9/2022,3/9/2023,3034235,Cli0086,rut0125,rut0125,UF,Directa,12,,,FALSE,FALSE,FALSE,,,,
Pol0013,Pro0008,7.50%,0.00%,Eje0005,Anulado,6/9/2022,6/9/2022,6/9/2023,299088,Cli0047,rut0068,rut0068,UF,Directa,12,,,FALSE,FALSE,FALSE,,,,
Pol0014,Pro0052,2.00%,0.00%,Eje0001,Cancelado,7/9/2022,7/9/2022,7/9/2023,QP0988607,Cli0100,rut0141,rut0141,UF,PAT,12,,,FALSE,FALSE,FALSE,,11/2/2023,,
Pol0015,Pro0041,10.00%,10.00%,Eje0001,Ok,9/9/2022,9/9/2022,9/9/2023,QP0985942,Cli0018,rut0023,rut0023,UF,Directa,12,,,FALSE,TRUE,FALSE,,,,
Pol0016,Pro0010,8.00%,0.00%,Eje0003,Ok,13/9/2022,13/9/2022,13/9/2023,3034234,Cli0059,rut0083,rut0083,UF,Directa,12,,,FALSE,TRUE,FALSE,,,,
Pol0017,Pro0053,2.00%,0.00%,Eje0001,Ok,15/9/2022,15/9/2022,15/9/2023,QP0991513,Cli0048,rut0069,rut0069,UF,Directa,12,,,FALSE,TRUE,FALSE,,,,
Pol0018,Pro0065,14.00%,0.00%,Eje0003,Ok,22/9/2022,22/9/2022,22/9/2023,1264260,Cli0117,rut0174,rut0174,UF,Directa,6,,,TRUE,TRUE,FALSE,,,,
strhrsthert,d8298774,10.00%,0.00%,5c3c14d2,Ok,5/8/2023,25/9/2023,25/9/2024,2651414-1,Cli0102,rut0146,ffd0ab77,UF,PAT,12,,,TRUE,TRUE,TRUE,,,,
Pol0019,Pro0064,12.00%,12.00%,Eje0001,Ok,30/9/2022,30/9/2022,30/9/2023,QP0985956,Cli0028,rut0035,rut0035,UF,Directa,10,,,FALSE,TRUE,FALSE,,,,
Pol0020,Pro0010,3.20%,0.00%,Eje0003,Ok,4/10/2022,4/10/2022,4/10/2023,3036817,Cli0070,rut0102,rut0102,UF,Directa,12,,,FALSE,TRUE,FALSE,,,,
Pol0021,Pro0010,8.00%,0.00%,Eje0003,Anulado,13/10/2022,13/10/2022,13/10/2023,3036700,Cli0058,rut0081,rut0081,UF,Directa,12,,,FALSE,FALSE,FALSE,,,,
Pol0022,Pro0008,7.50%,0.00%,Eje0005,Anulado,20/10/2022,20/10/2022,20/10/2023,3154959,Cli0002,rut0000,rut0000,UF,PAT,12,,,FALSE,FALSE,FALSE,,,,
Pol0023,Pro0012,10.00%,0.00%,Eje0004,Ok,4/11/2022,4/11/2022,4/11/2023,61616845,Cli0050,rut0071,rut0071,UF,PAC,11,,,TRUE,TRUE,FALSE,,,,
Pol0024,Pro0038,23.00%,23.00%,Eje0011,Ok,4/11/2022,4/11/2022,4/11/2023,18000121-7,Cli0052,rut0074,rut0074,UF,Directa,5,,,FALSE,TRUE,FALSE,,,,
Pol0025,Pro0038,23.00%,23.00%,Eje0011,Ok,4/11/2022,4/11/2022,4/11/2023,18000122-7,Cli0052,rut0074,rut0074,UF,Directa,3,,,FALSE,TRUE,FALSE,,,,
Pol0026,Pro0038,23.00%,23.00%,Eje0011,Ok,4/11/2022,4/11/2022,4/11/2023,18000123-7,Cli0052,rut0074,rut0074,UF,Directa,5,,,FALSE,TRUE,FALSE,,,,
Pol0027,Pro0053,2.00%,0.00%,Eje0001,Anulado,5/11/2022,5/11/2022,5/11/2023,QP0999896,Cli0038,rut0051,rut0051,UF,PAT,12,,,FALSE,FALSE,FALSE,,,,
Pol0028,Pro0029,10.00%,0.00%,Eje0001,Ok,14/11/2022,14/11/2022,14/11/2023,QP998011,Cli0032,rut0041,rut0041,UF,Directa,10,,,TRUE,TRUE,FALSE,,,,
Pol0029,Pro0011,2.95%,0.00%,Eje0001,Ok,21/11/2022,21/11/2022,21/11/2023,QP1006093,Cli0072,rut0105,rut0105,UF,PAT,12,,,TRUE,TRUE,FALSE,,,,
Pol0030,Pro0011,2.80%,0.00%,Eje0001,Ok,22/11/2022,22/11/2022,22/11/2023,QP1006210,Cli0034,rut0044,rut0044,UF,PAT,12,,,FALSE,TRUE,FALSE,,,,
Pol0031,Pro0008,7.50%,0.00%,Eje0005,Anulado,23/11/2022,23/11/2022,23/11/2023,6552049,Cli0053,rut0076,rut0076,UF,PAT,12,,,FALSE,FALSE,FALSE,,,,
Pol0032,Pro0008,7.50%,0.00%,Eje0005,Ok,27/11/2022,27/11/2022,27/11/2023,6552047,Cli0014,rut0016,rut0016,UF,Directa,12,,,FALSE,TRUE,FALSE,,,,
Pol0033,Pro0012,7.93%,0.00%,Eje0004,Ok,13/12/2022,13/12/2022,13/12/2023,61637993,Cli0049,rut0070,rut0070,UF,PAC,11,,,TRUE,TRUE,FALSE,,,,
Pol0034,Pro0076,9.00%,9.00%,Eje0002,Ok,14/12/2022,14/12/2022,14/12/2023,100048738,Cli0040,rut0056,rut0056,UF,Directa,8,,,TRUE,TRUE,FALSE,,,,
Pol0035,Pro0030,4.00%,0.00%,Eje0001,Ok,18/12/2022,18/12/2022,18/12/2023,QP1010983,Cli0107,rut0155,rut0155,UF,Directa,1,,,TRUE,TRUE,FALSE,,,,
Pol0036,Pro0008,7.50%,0.00%,Eje0005,Anulado,21/12/2022,21/12/2022,21/12/2023,6567182,Cli0120,rut0184,rut0184,UF,PAT,12,,,FALSE,FALSE,FALSE,,,,
Pol0037,Pro0052,10.00%,0.00%,Eje0001,Ok,22/12/2022,22/12/2022,22/12/2023,QP1012551,Cli0082,rut0119,rut0119,UF,Directa,12,,,TRUE,TRUE,FALSE,,,,
Pol0038,Pro0047,13.00%,0.00%,Eje0002,Ok,22/12/2022,22/12/2022,22/12/2023,300305851,Cli0040,rut0053,rut0053,UF,Directa,10,,,TRUE,TRUE,FALSE,,,,
Pol0039,Pro0010,8.00%,0.00%,Eje0003,Ok,29/12/2022,29/12/2022,29/12/2023,3038286,Cli0125,rut0191,rut0191,UF,PAT,12,,,FALSE,TRUE,FALSE,,,,
Pol0040,Pro0011,2.85%,0.00%,Eje0001,Ok,19/1/2023,19/1/2023,19/1/2024,QP1016526,Cli0083,rut0120,rut0120,UF,Directa,12,,,TRUE,TRUE,FALSE,,,,
Pol0041,Pro0007,12.00%,0.00%,Eje0002,Ok,22/1/2023,22/1/2023,22/1/2024,300316206,Cli0068,rut0096,rut0096,UF,Directa,10,,,TRUE,TRUE,FALSE,,,,
Pol0042,Pro0045,17.00%,17.00%,Eje0002,Ok,25/1/2023,25/1/2023,25/1/2024,100050650,Cli0075,rut0110,rut0110,UF,Directa,10,,,TRUE,TRUE,FALSE,,,,
Pol0043,Pro0047,13.00%,0.00%,Eje0002,Ok,31/1/2023,31/1/2023,31/1/2024,300316312,Cli0064,rut0089,rut0089,UF,Directa,10,,,TRUE,TRUE,FALSE,,,,
Pol0044,Pro0047,11.00%,0.00%,Eje0002,Ok,31/1/2023,31/1/2023,31/1/2024,300319630,Cli0045,rut0061,rut0061,UF,PAT,10,,,TRUE,TRUE,FALSE,,,,
Pol0045,Pro0047,11.00%,0.00%,Eje0002,Ok,31/1/2023,31/1/2023,31/1/2024,300316568,Cli0111,rut0160,rut0160,UF,PAT,10,,,TRUE,TRUE,FALSE,,,,
Pol0046,Pro0047,11.00%,0.00%,Eje0002,Cancelado,31/1/2023,31/1/2023,31/1/2024,300319760,Cli0111,rut0160,rut0160,UF,PAT,10,,,TRUE,FALSE,FALSE,,23/10/2023,,
Pol0047,Pro0065,14.00%,0.00%,Eje0003,Ok,31/1/2023,31/1/2023,31/1/2024,1298313,Cli0111,rut0160,rut0160,UF,PAT,10,,,TRUE,TRUE,FALSE,,,,
Pol0048,Pro0047,16.00%,0.00%,Eje0002,Ok,31/1/2023,31/1/2023,31/1/2024,300320704,Cli0111,rut0159,rut0159,UF,PAT,10,,,TRUE,TRUE,FALSE,,,,
Pol0049,Pro0065,12.00%,0.00%,Eje0003,Ok,31/1/2023,31/1/2023,31/1/2024,1299088,Cli0007,rut0008,rut0008,UF,PAC,10,,,TRUE,FALSE,FALSE,,,,
Pol0050,Pro0065,14.00%,0.00%,Eje0003,Anulado,31/1/2023,31/1/2023,31/1/2024,1299085,Cli0094,rut0126,rut0126,UF,PAT,10,,,TRUE,FALSE,FALSE,,,,
Pol0051,Pro0065,14.00%,0.00%,Eje0003,Anulado,31/1/2023,31/1/2023,31/1/2024,1301967,Cli0067,rut0094,rut0094,UF,Directa,10,,,TRUE,FALSE,FALSE,,,,
Pol0052,Pro0065,12.00%,0.00%,Eje0003,Cancelado,31/1/2023,31/1/2023,31/1/2024,1299083,Cli0095,rut0121,rut0121,UF,PAT,10,,,TRUE,FALSE,FALSE,,,,
Pol0053,Pro0065,14.00%,0.00%,Eje0003,Ok,31/1/2023,31/1/2023,31/1/2024,1298683,Cli0116,rut0172,rut0172,UF,Directa,10,,,TRUE,TRUE,FALSE,,,,
Pol0054,Pro0065,15.00%,0.00%,Eje0003,Cancelado,31/1/2023,31/1/2023,31/1/2024,1299667,Cli0023,rut0028,rut0028,UF,Directa,10,,,TRUE,FALSE,FALSE,,,,
Pol0055,Pro0065,14.00%,0.00%,Eje0003,Cancelado,31/1/2023,31/1/2023,31/1/2024,1301966,Cli0003,rut0002,rut0002,UF,Directa,10,,,TRUE,FALSE,FALSE,,,,
Pol0056,Pro0065,15.00%,0.00%,Eje0003,Ok,31/1/2023,31/1/2023,31/1/2024,1301965,Cli0003,rut0003,rut0003,UF,Directa,10,,,TRUE,TRUE,FALSE,,,,
Pol0057,Pro0047,16.00%,0.00%,Eje0002,Ok,31/1/2023,31/1/2023,31/1/2024,300405315,Cli0056,rut0078,rut0078,UF,Directa,10,,,TRUE,TRUE,FALSE,,,,
Pol0058,Pro0012,13.00%,0.00%,Eje0004,Cancelado,31/1/2023,31/1/2023,31/1/2024,61657607,Cli0118,rut0176,rut0176,UF,Directa,10,,,TRUE,FALSE,FALSE,,,,
Pol0059,Pro0047,16.00%,0.00%,Eje0002,Ok,31/1/2023,31/1/2023,31/1/2024,300320685,Cli0105,rut0151,rut0151,UF,PAT,10,,,TRUE,TRUE,FALSE,,,,
Pol0060,Pro0047,13.00%,0.00%,Eje0002,Cancelado,31/1/2023,31/1/2023,31/1/2024,300316457,Cli0123,rut0189,rut0189,UF,Directa,10,,,TRUE,FALSE,FALSE,,,,
Pol0061,Pro0047,16.00%,0.00%,Eje0002,Ok,31/1/2023,31/1/2023,31/1/2024,300320844,Cli0043,rut0060,rut0060,UF,PAT,10,,,TRUE,TRUE,FALSE,,,,
Pol0062,Pro0065,15.00%,0.00%,Eje0003,Ok,31/1/2023,31/1/2023,31/1/2024,1299669,Cli0132,rut0198,rut0198,UF,Directa,10,,,TRUE,TRUE,FALSE,,,,
Pol0063,Pro0065,15.00%,0.00%,Eje0003,Cancelado,31/1/2023,31/1/2023,31/1/2024,1299668,Cli0020,rut0025,rut0025,UF,PAT,10,,,TRUE,FALSE,FALSE,,,,
Pol0064,Pro0065,16.00%,0.00%,Eje0003,Ok,31/1/2023,31/1/2023,31/1/2024,1299102,Cli0102,rut0146,rut0146,UF,Directa,10,,,TRUE,TRUE,FALSE,,,,
Pol0065,Pro0047,16.00%,0.00%,Eje0002,Ok,31/1/2023,31/1/2023,31/1/2024,300330851,Cli0026,rut0032,rut0032,UF,Directa,10,,,TRUE,FALSE,FALSE,,,,
Pol0066,Pro0047,16.00%,0.00%,Eje0002,Anulado,31/1/2023,31/1/2023,31/1/2024,300321504,Cli0026,rut0032,rut0032,UF,Directa,10,,,TRUE,FALSE,FALSE,,,,
Pol0067,Pro0047,13.00%,0.00%,Eje0002,Anulado,31/1/2023,31/1/2023,31/1/2024,300322481,Cli0064,rut0091,rut0091,UF,Directa,10,,,TRUE,FALSE,FALSE,,,,
Pol0068,Pro0047,16.00%,0.00%,Eje0002,Ok,17/2/2023,17/2/2023,31/1/2024,300322417,Cli0025,rut0030,rut0030,UF,Directa,10,,,TRUE,FALSE,FALSE,,,,
Pol0069,Pro0047,16.00%,0.00%,Eje0002,Ok,20/2/2023,20/2/2023,31/1/2024,300330202,Cli0064,rut0091,rut0091,UF,Directa,10,,,TRUE,TRUE,FALSE,,,,
Pol0070,Pro0047,16.00%,0.00%,Eje0002,Ok,8/3/2023,8/3/2023,31/1/2024,300329293,Cli0067,rut0094,rut0094,UF,PAT,10,,,TRUE,TRUE,FALSE,,,,
Pol0071,Pro0047,16.00%,0.00%,Eje0002,Cancelado,15/3/2023,15/3/2023,31/1/2024,300329874,Cli0119,rut0179,rut0179,UF,Directa,10,,,TRUE,FALSE,FALSE,,,,
Pol0072,Pro0047,16.00%,0.00%,Eje0002,Ok,3/4/2023,3/4/2023,31/1/2024,300335562,Cli0090,rut0136,rut0136,UF,Directa,9,,,TRUE,FALSE,FALSE,,,,
Pol0073,Pro0047,16.00%,0.00%,Eje0002,Ok,7/6/2023,7/6/2023,31/1/2024,300352253,Cli0101,rut0145,rut0145,UF,Directa,1,,,TRUE,TRUE,FALSE,,,,
Pol0074,Pro0047,16.00%,0.00%,Eje0002,Ok,8/6/2023,8/6/2023,31/1/2024,300352530,Cli0101,rut0143,rut0143,UF,Directa,1,,,TRUE,TRUE,FALSE,,,,
Pol0075,Pro0047,16.00%,0.00%,Eje0002,Anulado,4/7/2023,4/7/2023,31/1/2024,300359877,Cli0075,rut0111,rut0111,UF,Directa,6,,,FALSE,FALSE,FALSE,,,,
Pol0076,Pro0047,16.00%,0.00%,Eje0002,Anulado,4/7/2023,4/7/2023,31/1/2024,300359627,Cli0075,rut0110,rut0110,UF,Directa,6,,,FALSE,FALSE,FALSE,,,,
Pol0077,Pro0047,16.00%,0.00%,Eje0002,Anulado,4/7/2023,4/7/2023,31/1/2024,300359828,Cli0075,rut0110,rut0110,UF,Directa,6,,,FALSE,FALSE,FALSE,,,,
Pol0078,Pro0047,16.00%,0.00%,Eje0002,Anulado,4/7/2023,4/7/2023,31/1/2024,300359803,Cli0075,rut0110,rut0110,UF,Directa,6,,,FALSE,FALSE,FALSE,,,,
Pol0079,Pro0047,16.00%,0.00%,Eje0002,Ok,11/7/2023,11/7/2023,31/1/2024,300360515,Cli0064,rut0090,rut0090,UF,Directa,6,,,TRUE,TRUE,FALSE,,,,
Pol0080,Pro0047,16.00%,0.00%,Eje0002,Ok,22/8/2023,22/8/2023,31/1/2024,300369994,Cli0081,rut0118,rut0118,UF,PAT,5,,,TRUE,TRUE,FALSE,,,,
Pol0081,Pro0047,16.00%,0.00%,Eje0002,Ok,22/8/2023,22/8/2023,31/1/2024,300375806,Cli0112,rut0182,rut0182,UF,Directa,5,,,TRUE,TRUE,FALSE,,,,
Pol0082,Pro0047,16.00%,0.00%,Eje0002,Cancelado,6/9/2023,6/9/2023,31/1/2024,300376188,Cli0112,rut0181,rut0181,UF,Directa,4,,,TRUE,FALSE,FALSE,,,,
Pol0083,Pro0047,16.00%,0.00%,Eje0002,Ok,20/9/2023,20/9/2023,31/1/2024,300377176,Cli0056,rut0079,rut0079,UF,Directa,4,,,TRUE,TRUE,FALSE,,,,
Pol0084,Pro0047,16.00%,0.00%,Eje0002,Ok,5/10/2023,5/10/2023,31/1/2024,300383836,Cli0040,rut0056,rut0056,UF,Directa,3,,,TRUE,TRUE,FALSE,,,,
Pol0085,Pro0047,16.00%,0.00%,Eje0002,Ok,16/1/2024,16/1/2024,31/1/2024,300406539,Cli0093,rut0128,rut0128,UF,PAC,1,,,TRUE,TRUE,FALSE,,,,
Pol0086,Pro0077,15.00%,0.00%,Eje0001,Cancelado,1/2/2023,1/2/2023,1/2/2024,QP1018377,Cli0077,rut0113,rut0113,UF,PAT,12,,,TRUE,FALSE,FALSE,,,,
Pol0087,Pro0047,16.00%,0.00%,Eje0002,Anulado,1/2/2023,1/2/2023,1/2/2024,300319958,Cli0056,rut0078,rut0078,UF,Directa,10,,,TRUE,FALSE,FALSE,,,,
Pol0088,Pro0050,5.00%,0.00%,Eje0001,Anulado,26/2/2023,26/2/2023,26/2/2024,QP1016937,Cli0063,rut0088,rut0088,UF,Directa,11,,,TRUE,FALSE,FALSE,,,,
Pol0089,Pro0053,2.80%,0.00%,Eje0001,Cancelado,2/3/2023,2/3/2023,2/3/2024,QP1023328,Cli0019,rut0024,rut0024,UF,PAT,12,,,TRUE,FALSE,FALSE,,,,
Pol0090,Pro0078,15.00%,0.00%,Eje0001,Cancelado,4/3/2023,4/3/2023,4/3/2024,QP1022427,Cli0062,rut0087,rut0087,UF,PAC,12,,,TRUE,FALSE,FALSE,,,,
Pol0091,Pro0078,15.00%,0.00%,Eje0001,Ok,6/3/2023,6/3/2023,6/3/2024,QP1023704,Cli0057,rut0080,rut0080,UF,Directa,12,,,TRUE,TRUE,FALSE,,,,
Pol0092,Pro0077,15.00%,0.00%,Eje0001,Ok,6/3/2023,6/3/2023,6/3/2024,QP1023689,Cli0093,rut0128,rut0128,UF,PAC,12,,,TRUE,TRUE,FALSE,,,,
Pol0093,Pro0043,15.00%,15.00%,Eje0003,Ok,8/3/2023,8/3/2023,8/3/2024,1302603,Cli0111,rut0159,rut0159,UF,PAT,10,,,TRUE,TRUE,FALSE,,,,
Pol0094,Pro0043,18.00%,18.00%,Eje0003,Ok,9/3/2023,9/3/2023,9/3/2024,1302802,Cli0111,rut0166,rut0166,UF,PAC,11,,,TRUE,TRUE,FALSE,,,,
Pol0095,Pro0073,14.00%,14.00%,Eje0003,Cancelado,9/3/2023,9/3/2023,9/3/2024,1302793,Cli0108,rut0156,rut0156,UF,PAT,10,,,TRUE,FALSE,FALSE,,,,
Pol0096,Pro0079,0.00%,0.00%,Eje0003,Ok,15/4/2023,15/4/2023,14/4/2024,1308343,Cli0029,rut0037,rut0037,UF,Directa,1,,,FALSE,TRUE,FALSE,,,,
Pol0097,Pro0043,18.00%,18.00%,Eje0003,Ok,17/4/2023,17/4/2023,17/4/2024,1314530,Cli0111,rut0165,rut0165,UF,PAC,10,,,TRUE,TRUE,FALSE,,,,
Pol0098,Pro0013,13.00%,0.00%,Eje0004,Cancelado,19/4/2023,19/4/2023,19/4/2024,61690517,Cli0117,rut0173,rut0173,UF,Directa,10,,,TRUE,FALSE,FALSE,,,,
Pol0099,Pro0078,15.00%,0.00%,Eje0001,Ok,28/4/2023,28/4/2023,28/4/2024,QP1035726,Cli0098,rut0135,rut0135,UF,PAC,12,,,TRUE,TRUE,FALSE,,,,
Pol0100,Pro0078,15.00%,0.00%,Eje0001,Ok,10/5/2023,10/5/2023,10/5/2024,QP1036583,Cli0039,rut0052,rut0052,UF,PAT,12,,,TRUE,TRUE,FALSE,,,,
Pol0101,Pro0048,12.00%,0.00%,Eje0002,Ok,16/5/2023,16/5/2023,16/5/2024,300345109,Cli0040,rut0057,rut0057,UF,Directa,10,,,TRUE,TRUE,FALSE,,,,
Pol0102,Pro0063,10.50%,0.00%,Eje0007,Ok,2/6/2023,2/6/2023,2/6/2024,632586,Cli0080,rut0117,rut0117,UF,PAC,11,,,TRUE,TRUE,FALSE,,,,
Pol0103,Pro0013,13.00%,0.00%,Eje0004,Cancelado,4/6/2023,4/6/2023,4/6/2024,61719330,Cli0117,rut0173,rut0173,UF,Directa,10,,,TRUE,FALSE,FALSE,,,,
Pol0104,Pro0024,13.00%,0.00%,Eje0004,Cancelado,8/6/2023,8/6/2023,8/6/2024,61714613,Cli0117,rut0173,rut0173,UF,PAC,10,,,TRUE,FALSE,FALSE,,,,
Pol0105,Pro0020,17.00%,0.00%,Eje0005,Ok,16/6/2023,16/6/2023,16/6/2024,6834321,Cli0040,rut0057,rut0057,UF,Directa,10,,,TRUE,TRUE,FALSE,,,,
Pol0106,Pro0019,15.00%,0.00%,Eje0007,Ok,22/6/2023,22/6/2023,22/6/2024,50108,Cli0117,rut0173,rut0173,UF,Directa,1,,,TRUE,TRUE,FALSE,,,,
Pol0107,Pro0033,7.78%,0.00%,Eje0006,Ok,28/6/2023,28/6/2023,28/6/2024,23550368,Cli0073,rut0107,rut0107,UF,PAT,10,,,TRUE,TRUE,FALSE,,,,
Pol0108,Pro0018,13.50%,0.00%,Eje0004,Cancelado,30/6/2023,30/6/2023,30/6/2024,16058851,Cli0046,rut0067,rut0067,UF,PAT,9,,,TRUE,FALSE,FALSE,,,,
Pol0109,Pro0066,13.00%,0.00%,Eje0004,Ok,30/6/2023,30/6/2023,30/6/2024,23032172,Cli0046,rut0067,rut0067,UF,PAT,10,,,TRUE,TRUE,FALSE,,,,
Pol0110,Pro0067,10.50%,0.00%,Eje0004,Ok,30/6/2023,30/6/2023,30/6/2024,61719244,Cli0046,rut0067,rut0067,UF,PAT,10,,,TRUE,TRUE,FALSE,,,,
Pol0111,Pro0024,10.50%,0.00%,Eje0004,Ok,30/6/2023,30/6/2023,30/6/2024,61719125,Cli0046,rut0067,rut0067,UF,PAT,10,,,TRUE,TRUE,FALSE,,,,
Pol0112,Pro0002,26.00%,0.00%,Eje0002,Ok,3/7/2023,3/7/2023,3/7/2024,600006542,Cli0040,rut0057,rut0057,UF,Directa,1,,,TRUE,TRUE,FALSE,,,,
Pol0113,Pro0016,15.00%,0.00%,Eje0001,Ok,6/7/2023,6/7/2023,6/7/2024,QP1056074,Cli0117,rut0173,rut0173,UF,Directa,10,,,TRUE,FALSE,FALSE,,,,
Pol0114,Pro0042,22.00%,10.00%,Eje0004,Ok,11/7/2023,11/7/2023,11/7/2024,20537302,Cli0099,rut0140,rut0140,UF,PAC,11,,,TRUE,TRUE,FALSE,,,,
Pol0115,Pro0008,7.50%,0.00%,Eje0005,Anulado,15/7/2023,15/7/2023,15/7/2024,6834865,Cli0069,rut0101,rut0101,UF,Directa,12,,,TRUE,FALSE,FALSE,,,,
Pol0116,Pro0042,8.00%,8.00%,Eje0004,Anulado,19/7/2023,19/7/2023,19/7/2024,20537255,Cli0099,rut0140,rut0140,UF,Directa,1,,,TRUE,FALSE,FALSE,,,,
Pol0117,Pro0037,9.43%,9.43%,Eje0004,Ok,23/7/2023,23/7/2023,23/7/2024,20536490,Cli0102,rut0146,rut0146,UF,Directa,1,,,TRUE,TRUE,FALSE,,,,
Pol0118,Pro0078,15.00%,0.00%,Eje0001,Anulado,11/8/2023,11/8/2023,11/8/2024,QP1066578,Cli0117,rut0174,rut0174,UF,Directa,10,,,TRUE,FALSE,FALSE,,,,
Pol0119,Pro0019,15.00%,0.00%,Eje0007,Ok,17/8/2023,17/8/2023,17/8/2024,50513,Cli0046,rut0067,rut0067,UF,Directa,10,,,TRUE,TRUE,FALSE,,,,
Pol0120,Pro0077,15.00%,0.00%,Eje0001,Ok,18/8/2023,18/8/2023,18/8/2024,QP1070185,Cli0096,rut0124,rut0124,UF,PAT,12,,,TRUE,TRUE,FALSE,,,,
Pol0121,Pro0053,5.00%,0.00%,Eje0001,Ok,22/8/2023,22/8/2023,22/8/2024,QP1061223,Cli0024,rut0029,rut0029,UF,PAT,12,,,TRUE,TRUE,FALSE,,,,
Pol0122,Pro0031,10.00%,10.00%,Eje0001,Ok,9/9/2023,9/9/2023,9/9/2024,QP1069712,Cli0018,rut0023,rut0023,UF,Directa,12,,,TRUE,TRUE,FALSE,,,,
Pol0123,Pro0010,8.00%,0.00%,Eje0003,Cancelado,13/9/2023,13/9/2023,13/9/2024,3047989,Cli0059,rut0083,rut0083,UF,Directa,12,,,TRUE,FALSE,FALSE,,,,
Pol0124,Pro0053,7.50%,0.00%,Eje0001,Anulado,15/9/2023,15/9/2023,15/9/2024,QP1069711,Cli0048,rut0069,rut0069,UF,Directa,10,,,TRUE,FALSE,FALSE,,,,
Pol0125,Pro0065,14.00%,0.00%,Eje0003,Ok,22/9/2023,22/9/2023,22/9/2024,1354701,Cli0117,rut0174,rut0174,UF,Directa,6,,,TRUE,TRUE,FALSE,,,,
Pol0126,Pro0046,20.15%,0.00%,Eje0005,Ok,30/11/2023,30/11/2023,26/9/2024,84541,Cli0049,rut0070,rut0070,UF,Directa,3,,,TRUE,TRUE,FALSE,,,,
Pol0127,Pro0010,9.60%,0.00%,Eje0003,Ok,4/10/2023,4/10/2023,4/10/2024,3049876,Cli0070,rut0102,rut0102,UF,Directa,12,,,TRUE,TRUE,FALSE,,,,
Pol0128,Pro0058,15.00%,0.00%,Eje0007,Cancelado,5/10/2023,5/10/2023,5/10/2024,470476,Cli0117,rut0173,rut0173,UF,Directa,10,,,TRUE,FALSE,FALSE,,,,
Pol0129,Pro0006,11.50%,0.00%,Eje0005,Ok,11/10/2023,11/10/2023,11/10/2024,56350,Cli0110,rut0158,rut0158,UF,PAT,10,,,TRUE,TRUE,FALSE,,,,
Pol0130,Pro0048,12.00%,0.00%,Eje0002,Cancelado,25/10/2023,25/10/2023,25/10/2024,300393159,Cli0040,rut0057,rut0057,UF,Directa,10,,,TRUE,FALSE,FALSE,,,,
Pol0131,Pro0048,12.00%,0.00%,Eje0002,Ok,25/10/2023,25/10/2023,25/10/2024,300389969,Cli0040,rut0057,rut0057,UF,Directa,10,,,TRUE,TRUE,FALSE,,,,
Pol0132,Pro0006,13.53%,0.00%,Eje0005,Ok,29/10/2023,29/10/2023,29/10/2024,56222,Cli0017,rut0022,rut0022,UF,PAT,11,,,TRUE,TRUE,FALSE,,,,
Pol0133,Pro0012,10.00%,0.00%,Eje0004,Ok,4/11/2023,4/11/2023,4/11/2024,61764775,Cli0050,rut0071,rut0071,UF,PAC,11,,,TRUE,TRUE,FALSE,,,,
Pol0134,Pro0038,23.00%,23.00%,Eje0011,Ok,4/11/2023,4/11/2023,4/11/2024,18000121-8,Cli0052,rut0074,rut0074,UF,Directa,5,,,FALSE,TRUE,FALSE,,,,
Pol0135,Pro0038,23.00%,23.00%,Eje0011,Ok,4/11/2023,4/11/2023,4/11/2024,18000122-8,Cli0052,rut0074,rut0074,UF,Directa,3,,,FALSE,TRUE,FALSE,,,,
Pol0136,Pro0038,23.00%,23.00%,Eje0011,Ok,4/11/2023,4/11/2023,4/11/2024,18000123-8,Cli0052,rut0074,rut0074,UF,Directa,5,,,FALSE,TRUE,FALSE,,,,
Pol0137,Pro0055,15.00%,7.00%,Eje0010,Cancelado,6/11/2023,6/11/2023,6/11/2024,20547413,Cli0079,rut0116,rut0116,UF,PAC,10,,,TRUE,FALSE,FALSE,,,,
Pol0138,Pro0012,12.00%,0.00%,Eje0004,Ok,11/11/2023,11/11/2023,11/11/2024,61772032,Cli0052,rut0074,rut0074,UF,Directa,10,,,TRUE,TRUE,FALSE,,,,
Pol0139,Pro0029,10.00%,0.00%,Eje0001,Ok,14/11/2023,14/11/2023,14/11/2024,QP1081271,Cli0032,rut0041,rut0041,UF,Directa,10,,,TRUE,TRUE,FALSE,,,,
Pol0140,Pro0077,15.00%,0.00%,Eje0001,Ok,15/11/2023,15/11/2023,15/11/2024,QP1089859,Cli0046,rut0066,rut0066,UF,Directa,12,,,TRUE,TRUE,FALSE,,,,
Pol0141,Pro0011,7.00%,0.00%,Eje0001,Ok,21/11/2023,21/11/2023,21/11/2024,QP1081272,Cli0072,rut0105,rut0105,UF,PAT,12,,,TRUE,TRUE,FALSE,,,,
Pol0142,Pro0011,7.00%,0.00%,Eje0001,Ok,22/11/2023,22/11/2023,22/11/2024,QP1081273,Cli0034,rut0044,rut0044,UF,PAT,12,,,TRUE,TRUE,FALSE,,,,
Pol0143,Pro0055,15.00%,7.00%,Eje0004,Ok,22/11/2023,22/11/2023,22/11/2024,20549276,8a0eccf1,rut0007,rut0007,UF,Directa,1,,,TRUE,TRUE,FALSE,,,,
Pol0145,Pro0015,15.00%,0.00%,Eje0006,Cancelado,23/11/2023,23/11/2023,23/11/2024,23503800,Cli0111,rut0159,rut0159,UF,PAT,11,,,TRUE,FALSE,FALSE,,,,
Pol0146,Pro0059,15.00%,0.00%,Eje0007,Ok,24/11/2023,24/11/2023,24/11/2024,476431,Cli0103,rut0149,rut0149,UF,PAT,12,,,TRUE,TRUE,FALSE,,,,
Pol0147,Pro0028,10.00%,10.00%,Eje0004,Ok,26/11/2023,26/11/2023,26/11/2024,20549601,Cli0129,rut0196,rut0196,UF,Directa,10,,,TRUE,TRUE,FALSE,,,,
Pol0148,Pro0003,22.00%,22.00%,Eje0001,Ok,26/11/2023,26/11/2023,26/11/2024,QP1088321,Cli0129,rut0196,rut0196,UF,Directa,10,,,TRUE,TRUE,FALSE,,,,
Pol0149,5c3562b5,15.00%,0.00%,Eje0007,Ok,26/11/2023,26/11/2023,26/11/2024,87934,Cli0129,rut0196,rut0196,UF,Directa,10,,,TRUE,TRUE,FALSE,,,,
Pol0150,Pro0008,7.50%,0.00%,Eje0005,Cancelado,27/11/2023,27/11/2023,27/11/2024,6520875,Cli0014,rut0016,rut0016,UF,Directa,12,,,TRUE,FALSE,FALSE,,,,
Pol0151,Pro0009,14.00%,0.00%,Eje0001,Cancelado,12/12/2023,12/12/2023,12/12/2024,QP1091186,Cli0098,rut0134,rut0134,UF,PAT,11,,,TRUE,FALSE,FALSE,,,,
Pol0152,Pro0012,12.00%,0.00%,Eje0004,Ok,12/12/2023,12/12/2023,12/12/2024,61785251,Cli0115,rut0169,rut0169,UF,Directa,10,,,TRUE,TRUE,FALSE,,,,
Pol0153,Pro0015,15.00%,0.00%,Eje0006,Cancelado,13/12/2023,13/12/2023,13/12/2024,23503921,Cli0049,rut0070,rut0070,UF,PAC,12,,,TRUE,FALSE,FALSE,,,,
Pol0154,Pro0075,16.00%,16.00%,Eje0003,Ok,14/12/2023,14/12/2023,14/12/2024,3052857,Cli0040,rut0056,rut0056,UF,Directa,11,,,TRUE,TRUE,FALSE,,,,
Pol0155,Pro0040,10.00%,0.00%,Eje0001,Ok,18/12/2023,18/12/2023,18/12/2024,QP1083594,Cli0107,rut0155,rut0155,UF,Directa,1,,,TRUE,TRUE,FALSE,,,,
Pol0156,Pro0052,5.00%,0.00%,Eje0001,Cancelado,22/12/2023,22/12/2023,22/12/2024,QP1086283,Cli0082,rut0119,rut0119,UF,Directa,12,,,TRUE,FALSE,FALSE,,,,
Pol0157,Pro0015,15.00%,0.00%,Eje0006,Ok,22/12/2023,22/12/2023,22/12/2024,23504189,Cli0040,rut0053,rut0053,UF,Directa,12,,,TRUE,TRUE,FALSE,,,,
Pol0158,Pro0015,15.00%,0.00%,Eje0006,Ok,26/12/2023,26/12/2023,26/12/2024,23504833,Cli0008,rut0009,rut0009,UF,PAT,12,,,TRUE,TRUE,FALSE,,,,
Pol0159,Pro0078,15.00%,0.00%,Eje0001,Ok,26/12/2023,26/12/2023,26/12/2024,QP1093194,Cli0123,rut0189,rut0189,UF,Directa,12,,,TRUE,TRUE,FALSE,,,,
Pol0160,Pro0022,14.00%,0.00%,,Ok,29/12/2023,29/12/2023,29/12/2024,8119445,Cli0125,rut0191,rut0191,UF,PAT,12,,,TRUE,TRUE,FALSE,,,,
Pol0161,Pro0035,30.00%,0.00%,Eje0005,Ok,29/12/2023,29/12/2023,29/12/2024,6864148,Cli0028,rut0035,rut0035,UF,Directa,3,,,TRUE,TRUE,FALSE,,,,
Pol0162,Pro0035,30.00%,0.00%,Eje0005,Ok,29/12/2023,29/12/2023,29/12/2024,6864149,Cli0028,rut0035,rut0035,UF,Directa,3,,,TRUE,TRUE,FALSE,,,,
Pol0163,Pro0035,30.00%,0.00%,Eje0005,Ok,29/12/2023,29/12/2023,29/12/2024,6864150,Cli0028,rut0035,rut0035,UF,Directa,10,,,TRUE,TRUE,FALSE,,,,
Pol0164,Pro0045,0.00%,0.00%,Eje0002,Anulado,25/1/2024,25/1/2024,2/1/2025,100064730,Cli0075,rut0110,rut0110,UF,,1,,,FALSE,FALSE,FALSE,,,,
Pol0165,Pro0028,8.00%,8.00%,Eje0004,Ok,8/1/2024,8/1/2024,8/1/2025,20553891,Cli0092,rut0139,rut0139,UF,Directa,12,,,TRUE,TRUE,FALSE,,,,
Pol0166,Pro0011,7.00%,0.00%,Eje0001,Ok,19/1/2024,19/1/2024,19/1/2025,QP1091746,Cli0083,rut0120,rut0120,UF,Directa,12,,,TRUE,TRUE,FALSE,,,,
Pol0167,Pro0005,10.00%,0.00%,Eje0001,Ok,22/1/2024,22/1/2024,22/1/2025,QP1097955,Cli0068,rut0096,rut0096,UF,Directa,12,,,TRUE,TRUE,FALSE,,,,
Pol0168,Pro0045,17.00%,17.00%,Eje0002,Ok,25/1/2024,25/1/2024,25/1/2025,100064919,Cli0075,rut0110,rut0110,UF,Directa,10,,,TRUE,TRUE,FALSE,,,,
Pol0169,Pro0072,14.00%,0.00%,Eje0003,Anulado,25/1/2024,25/1/2024,25/1/2025,1390674,Cli0046,rut0064,rut0063,UF,Directa,1,,,TRUE,FALSE,FALSE,,,,
Pol0170,Pro0047,16.00%,0.00%,Eje0002,Anulado,31/1/2024,31/1/2024,31/1/2025,300404743,Cli0025,rut0030,rut0030,UF,Directa,1,,,FALSE,FALSE,FALSE,,,,
Pol0171,Pro0025,14.50%,0.00%,Eje0005,Cancelado,31/1/2024,31/1/2024,31/1/2025,9729875,Cli0064,rut0090,rut0090,UF,Directa,11,,,TRUE,FALSE,FALSE,,,,
Pol0172,Pro0047,16.00%,0.00%,Eje0002,Ok,31/1/2024,31/1/2024,31/1/2025,300404752,Cli0040,rut0056,rut0056,UF,Directa,10,,,TRUE,TRUE,FALSE,,,,
Pol0173,Pro0047,16.00%,0.00%,Eje0002,Ok,31/1/2024,31/1/2024,31/1/2025,300407426,Cli0093,rut0128,rut0128,UF,PAC,10,,,TRUE,TRUE,FALSE,,,,
Pol0174,Pro0015,15.00%,0.00%,Eje0006,Cancelado,31/1/2024,31/1/2024,31/1/2025,24500429,Cli0111,rut0160,rut0160,UF,PAT,12,,,TRUE,FALSE,FALSE,,,,
Pol0175,Pro0015,15.00%,0.00%,Eje0006,Cancelado,31/1/2024,31/1/2024,31/1/2025,24500437,Cli0111,rut0160,rut0160,UF,PAT,12,,,TRUE,FALSE,FALSE,,,,
Pol0176,Pro0015,15.00%,0.00%,Eje0006,Cancelado,31/1/2024,31/1/2024,31/1/2025,24500427,Cli0111,rut0159,rut0159,UF,PAT,12,,,TRUE,FALSE,FALSE,,,,
Pol0177,Pro0047,11.00%,0.00%,Eje0002,Anulado,31/1/2024,31/1/2024,31/1/2025,300404740,Cli0111,rut0160,rut0160,UF,PAT,1,,,TRUE,FALSE,FALSE,,,,
Pol0178,Pro0047,0.00%,0.00%,Eje0002,Anulado,31/1/2024,31/1/2024,31/1/2025,300404738,Cli0111,rut0159,rut0159,UF,,1,,,TRUE,FALSE,FALSE,,,,
Pol0179,Pro0065,12.00%,0.00%,Eje0003,Ok,31/1/2024,31/1/2024,31/1/2025,1389937,Cli0132,rut0198,rut0198,UF,Directa,1,,,TRUE,FALSE,FALSE,,,,
Pol0180,Pro0065,14.00%,0.00%,Eje0003,Ok,31/1/2024,31/1/2024,31/1/2025,1390060,Cli0116,rut0172,rut0172,UF,Directa,10,,,TRUE,TRUE,FALSE,,,,
Pol0181,Pro0065,14.00%,0.00%,Eje0003,Ok,31/1/2024,31/1/2024,31/1/2025,1390061,Cli0102,rut0146,rut0146,UF,Directa,10,,,TRUE,TRUE,FALSE,,,,
Pol0182,Pro0047,16.00%,0.00%,Eje0002,Anulado,31/1/2024,31/1/2024,31/1/2025,300404744,Cli0064,rut0091,rut0091,UF,Directa,1,,,FALSE,FALSE,FALSE,,,,
Pol0183,Pro0015,15.00%,0.00%,Eje0006,Ok,31/1/2024,31/1/2024,31/1/2025,24500460,Cli0064,rut0089,rut0089,UF,Directa,11,,,TRUE,TRUE,FALSE,,,,
Pol0184,Pro0015,15.00%,0.00%,Eje0006,Ok,31/1/2024,31/1/2024,31/1/2025,24500459,Cli0064,rut0091,rut0091,UF,Directa,11,,,TRUE,TRUE,FALSE,,,,
Pol0185,Pro0047,0.00%,0.00%,Eje0002,Anulado,31/1/2024,31/1/2024,31/1/2025,300404746,Cli0090,rut0136,rut0136,UF,,1,,,FALSE,FALSE,FALSE,,,,
Pol0186,Pro0047,16.00%,0.00%,Eje0002,Ok,31/1/2024,31/1/2024,31/1/2025,300404750,Cli0081,rut0118,rut0118,UF,PAT,10,,,TRUE,TRUE,FALSE,,,,
Pol0187,Pro0047,16.00%,0.00%,Eje0002,Ok,31/1/2024,31/1/2024,31/1/2025,300404742,Cli0067,rut0094,rut0094,UF,PAT,10,,,TRUE,TRUE,FALSE,,,,
Pol0188,Pro0047,11.00%,0.00%,Eje0002,Ok,31/1/2024,31/1/2024,31/1/2025,300404737,Cli0045,rut0061,rut0061,UF,PAT,10,,,TRUE,TRUE,FALSE,,,,
Pol0189,Pro0025,14.50%,0.00%,Eje0005,Ok,31/1/2024,31/1/2024,31/1/2025,9730544,Cli0012,rut0013,rut0013,UF,PAC,10,,,TRUE,TRUE,FALSE,,,,
Pol0190,Pro0025,14.50%,0.00%,Eje0005,Ok,31/1/2024,31/1/2024,31/1/2025,9730574,Cli0012,rut0013,rut0013,UF,PAC,10,,,TRUE,TRUE,FALSE,,,,
Pol0191,Pro0047,16.00%,0.00%,Eje0002,Cancelado,31/1/2024,31/1/2024,31/1/2025,300404749,Cli0056,rut0079,rut0079,UF,Directa,10,,,TRUE,FALSE,FALSE,,,,
Pol0192,Pro0047,16.00%,0.00%,Eje0002,Ok,31/1/2024,31/1/2024,31/1/2025,300404739,Cli0105,rut0151,rut0151,UF,PAT,10,,,TRUE,TRUE,FALSE,,,,
Pol0193,Pro0047,16.00%,0.00%,Eje0002,Ok,31/1/2024,31/1/2024,31/1/2025,300404747,Cli0101,rut0145,rut0145,UF,Directa,1,,,TRUE,TRUE,FALSE,,,,
Pol0194,Pro0047,16.00%,0.00%,Eje0002,Ok,31/1/2024,31/1/2024,31/1/2025,300404748,Cli0101,rut0143,rut0143,UF,Directa,1,,,TRUE,TRUE,FALSE,,,,
Pol0195,Pro0015,15.00%,0.00%,Eje0006,Cancelado,31/1/2024,31/1/2024,31/1/2025,24500634,Cli0056,rut0078,rut0078,UF,Directa,11,,,TRUE,FALSE,FALSE,,,,
Pol0196,Pro0047,0.00%,0.00%,Eje0002,Anulado,31/1/2024,31/1/2024,31/1/2025,300404741,Cli0043,rut0060,rut0060,UF,,1,,,TRUE,FALSE,FALSE,,,,
Pol0197,Pro0015,15.00%,0.00%,Eje0006,Cancelado,31/1/2024,31/1/2024,31/1/2025,24500642,Cli0043,rut0060,rut0060,UF,PAT,12,,,TRUE,FALSE,FALSE,,,,
Pol0198,Pro0036,25.00%,25.00%,Eje0003,Cancelado,31/1/2024,31/1/2024,31/1/2025,3055132,Cli0109,rut0157,rut0157,UF,Directa,1,,,TRUE,FALSE,FALSE,,,,
Pol0199,Pro0065,15.00%,0.00%,Eje0003,Ok,31/1/2024,31/1/2024,31/1/2025,1392087,Cli0003,rut0003,rut0003,UF,Directa,10,,,TRUE,TRUE,FALSE,,,,
Pol0200,Pro0047,16.00%,0.00%,Eje0002,Ok,31/1/2024,31/1/2024,31/1/2025,300404751,Cli0112,rut0182,rut0182,UF,Directa,10,,,TRUE,TRUE,FALSE,,,,
Pol0201,Pro0072,14.00%,0.00%,Eje0003,Ok,4/2/2024,4/2/2024,4/2/2025,1390844,Cli0046,rut0064,rut0064,UF,Directa,11,,,TRUE,TRUE,FALSE,,,,
Pol0202,Pro0068,16.00%,0.00%,Eje0002,Ok,8/2/2024,8/2/2024,8/2/2025,500008295,Cli0068,rut0096,rut0096,UF,Directa,8,,,TRUE,TRUE,FALSE,,,,
Pol0203,Pro0042,22.00%,10.00%,Eje0004,Ok,23/2/2024,23/2/2024,23/2/2025,20559520,Cli0075,rut0110,rut0110,UF,Directa,10,,,TRUE,TRUE,FALSE,,,,
Pol0204,Pro0012,13.00%,0.00%,Eje0004,Ok,28/2/2024,28/2/2024,28/2/2025,61807008,Cli0075,rut0110,rut0110,UF,PAT,11,,,TRUE,TRUE,FALSE,,,,
Pol0205,Pro0012,13.00%,0.00%,Eje0004,Ok,28/2/2024,28/2/2024,28/2/2025,61806743,Cli0075,rut0110,rut0110,UF,PAT,11,,,TRUE,TRUE,FALSE,,,,
Pol0206,Pro0012,13.00%,0.00%,Eje0004,Ok,4/3/2024,4/3/2024,4/3/2025,61806455,Cli0033,rut0043,rut0043,UF,PAT,11,,,TRUE,TRUE,FALSE,,,,
Pol0207,Pro0038,23.00%,23.00%,Eje0011,Ok,5/3/2024,5/3/2024,5/3/2025,2602990,Cli0106,rut0152,rut0152,UF,PAC,11,,,TRUE,TRUE,FALSE,,,,
Pol0208,Pro0032,17.00%,0.00%,Eje0001,Ok,6/3/2024,6/3/2024,6/3/2025,QP1104454,Cli0101,rut0144,rut0144,UF,PAT,12,,,TRUE,TRUE,FALSE,,,,
Pol0209,Pro0012,13.00%,0.00%,Eje0004,Anulado,6/3/2024,6/3/2024,6/3/2025,61805774,Cli0033,rut0043,rut0043,UF,PAT,1,,,TRUE,FALSE,FALSE,,,,
Pol0210,Pro0078,15.00%,0.00%,Eje0001,Ok,6/3/2024,6/3/2024,7/3/2025,QP1100679,Cli0057,rut0080,rut0080,UF,Directa,12,,,TRUE,TRUE,FALSE,,,,
Pol0211,Pro0077,15.00%,0.00%,Eje0001,Ok,6/3/2024,6/3/2024,7/3/2025,QP1100678,Cli0093,rut0128,rut0128,UF,PAC,12,,,TRUE,TRUE,FALSE,,,,
Pol0212,Pro0043,15.00%,15.00%,Eje0003,Ok,8/3/2024,8/3/2024,8/3/2025,1400020,Cli0111,rut0159,rut0159,UF,PAT,10,,,TRUE,TRUE,FALSE,,,,
Pol0213,Pro0043,18.00%,18.00%,Eje0003,Ok,9/3/2024,9/3/2024,9/3/2025,1400018,Cli0111,rut0166,rut0166,UF,PAC,11,,,TRUE,TRUE,FALSE,,,,
Pol0214,Pro0070,15.00%,0.00%,Eje0007,Ok,19/3/2024,19/3/2024,19/3/2025,89696,Cli0103,rut0149,rut0149,UF,PAT,6,,,TRUE,TRUE,FALSE,,,,
Pol0215,Pro0004,15.00%,15.00%,,Ok,19/3/2024,19/3/2024,19/3/2025,7656992,Cli0103,rut0149,rut0149,UF,Directa,6,,,TRUE,TRUE,FALSE,,,,
Pol0216,Pro0015,15.00%,0.00%,Eje0006,Ok,20/3/2024,20/3/2024,20/3/2025,24501823,Cli0030,rut0039,rut0039,UF,PAT,12,,,TRUE,TRUE,FALSE,,,,
Pol0217,Pro0056,14.00%,0.00%,,Ok,27/3/2024,27/3/2024,27/3/2025,8308644,Cli0040,rut0057,rut0057,UF,Directa,10,,,TRUE,TRUE,FALSE,,,,
Pol0218,Pro0056,14.00%,0.00%,,Anulado,27/3/2024,27/3/2024,27/3/2025,8308645,Cli0040,rut0057,rut0057,UF,Directa,10,,,TRUE,FALSE,FALSE,,,,
Pol0219,Pro0056,14.00%,0.00%,,Ok,27/3/2024,27/3/2024,27/3/2025,8308646,Cli0040,rut0057,rut0057,UF,Directa,10,,,TRUE,TRUE,FALSE,,,,
Pol0220,Pro0056,14.00%,0.00%,,Anulado,27/3/2024,27/3/2024,27/3/2025,8308647,Cli0040,rut0057,rut0057,UF,Directa,10,,,TRUE,FALSE,FALSE,,,,
Pol0221,Pro0069,18.00%,0.00%,Eje0003,Ok,27/3/2024,27/3/2024,27/3/2025,3057446,Cli0040,rut0056,rut0056,UF,Directa,10,,,TRUE,TRUE,FALSE,,,,
Pol0222,Pro0013,8.00%,0.00%,Eje0004,Ok,4/4/2024,4/4/2024,4/4/2025,61821498,Cli0127,rut0194,rut0194,UF,Directa,1,,,TRUE,TRUE,FALSE,,,,
Pol0223,Pro0079,0.00%,0.00%,Eje0003,Ok,15/4/2024,15/4/2024,14/4/2025,1406048,Cli0029,rut0037,rut0037,UF,Directa,1,,,FALSE,TRUE,FALSE,,,,
Pol0224,Pro0080,0.00%,0.00%,Eje0003,Ok,15/4/2024,15/4/2024,15/4/2025,1406049,Cli0029,rut0037,rut0037,UF,Directa,1,,,FALSE,TRUE,FALSE,,,,
Pol0225,Pro0043,11.48%,11.48%,Eje0003,Ok,17/4/2024,17/4/2024,17/4/2025,1415545,Cli0111,rut0165,rut0165,UF,PAC,10,,,TRUE,TRUE,FALSE,,,,
Pol0226,Pro0015,15.00%,0.00%,Eje0006,Ok,25/4/2024,25/4/2024,25/4/2025,24502660,Cli0056,rut0078,rut0078,UF,Directa,11,,,TRUE,TRUE,FALSE,,,,
Pol0227,Pro0078,15.00%,0.00%,Eje0001,Ok,28/4/2024,28/4/2024,28/4/2025,QP1105953,Cli0098,rut0135,rut0135,UF,PAC,12,,,TRUE,TRUE,FALSE,,,,
Pol0228,Pro0015,15.00%,0.00%,Eje0006,Ok,29/4/2024,29/4/2024,29/4/2025,24502810,Cli0049,rut0070,rut0070,UF,PAT,12,,,TRUE,TRUE,FALSE,,,,
Pol0229,Pro0014,13.00%,0.00%,Eje0004,Cancelado,10/5/2024,10/5/2024,10/5/2025,61830155,Cli0039,rut0052,rut0052,UF,PAT,11,,,TRUE,FALSE,FALSE,,,,
Pol0230,Pro0048,12.00%,0.00%,Eje0002,Ok,16/5/2024,16/5/2024,16/5/2025,300427695,Cli0040,rut0057,rut0057,UF,Directa,10,,,TRUE,TRUE,FALSE,,,,
Pol0231,Pro0032,17.00%,0.00%,Eje0001,Ok,31/5/2024,31/5/2024,31/5/2025,QP1117666,Cli0025,rut0030,rut0030,UF,PAT,11,,,TRUE,TRUE,FALSE,,,,
Pol0232,Pro0055,15.00%,7.00%,Eje0004,Anulado,1/6/2024,1/6/2024,1/6/2025,20571230,Cli0128,rut0014,rut0014,UF,Directa,1,,,TRUE,FALSE,FALSE,,,,
Pol0233,Pro0063,10.50%,0.00%,Eje0007,Ok,2/6/2024,2/6/2024,2/6/2025,710802,Cli0080,rut0117,rut0117,UF,PAC,11,,,TRUE,TRUE,FALSE,,,,
Pol0234,Pro0055,15.00%,7.00%,Eje0004,Ok,4/6/2024,4/6/2024,4/6/2025,20571305,Cli0079,rut0116,rut0116,UF,PAT,11,,,TRUE,TRUE,FALSE,,,,
Pol0235,Pro0032,17.00%,0.00%,Eje0001,Ok,4/6/2024,4/6/2024,4/6/2025,QP1118489,Cli0101,rut0144,rut0144,UF,PAT,12,,,TRUE,TRUE,FALSE,,,,
Pol0236,Pro0023,0.00%,0.00%,,Ok,6/6/2024,6/6/2024,6/6/2025,8537383,Cli0037,rut0050,rut0050,UF,PAT,11,,,TRUE,TRUE,FALSE,,,,
Pol0237,Pro0003,25.00%,25.00%,Eje0001,Ok,6/6/2024,6/6/2024,6/6/2025,QP1118194,Cli0117,rut0173,rut0173,UF,Directa,1,,,TRUE,TRUE,FALSE,,,,
Pol0238,Pro0021,16.00%,0.00%,Eje0009,Ok,16/6/2024,16/6/2024,16/6/2025,20109730,Cli0040,rut0057,rut0057,UF,Directa,10,,,TRUE,TRUE,FALSE,,,,
Pol0239,Pro0020,17.00%,0.00%,Eje0005,Cancelado,22/6/2024,22/6/2024,22/6/2025,7309303,Cli0117,rut0173,rut0173,UF,Directa,1,,,TRUE,FALSE,FALSE,,,,
Pol0240,Pro0026,14.50%,0.00%,Eje0005,Ok,24/6/2024,24/6/2024,24/6/2025,9739169,Cli0064,rut0090,rut0090,UF,PAT,11,,,TRUE,TRUE,FALSE,,,,
Pol0241,Pro0071,10.00%,0.00%,Eje0001,Ok,18/6/2025,18/6/2025,26/6/2025,QP1173807,Cli0016,rut0018,rut0019,CLP,Directa,1,,,TRUE,FALSE,FALSE,,,,
Pol0242,Pro0112,20.00%,20.00%,Eje0009,Ok,18/6/2025,18/6/2025,25/6/2025,20079866-868,Cli0016,rut0018,rut0019,CLP,Directa,1,,,TRUE,FALSE,FALSE,,,,
Pol0243,Pro0033,7.78%,0.00%,Eje0006,Ok,28/6/2024,28/6/2024,28/6/2025,24552325,Cli0073,rut0107,rut0107,UF,PAT,10,,,TRUE,TRUE,FALSE,,,,
Pol0244,Pro0112,20.00%,20.00%,Eje0009,Ok,26/6/2025,26/6/2025,28/6/2025,20079866-875,Cli0016,rut0018,rut0019,CLP,Directa,1,,,TRUE,FALSE,FALSE,,,,
Pol0245,Pro0071,10.00%,0.00%,Eje0001,Ok,26/6/2025,26/6/2025,29/6/2025,OP203475,Cli0016,rut0018,rut0019,CLP,Directa,1,,,TRUE,FALSE,FALSE,,,,
Pol0246,Pro0066,13.00%,0.00%,Eje0004,Ok,30/6/2024,30/6/2024,30/6/2025,23033214,Cli0046,rut0067,rut0065,UF,PAT,10,,,TRUE,TRUE,FALSE,,,,
Pol0247,Pro0067,10.50%,0.00%,Eje0004,Ok,30/6/2024,30/6/2024,30/6/2025,61850370,Cli0046,rut0067,rut0065,UF,PAT,10,,,TRUE,TRUE,FALSE,,,,
Pol0248,Pro0024,10.50%,0.00%,Eje0004,Ok,30/6/2024,30/6/2024,30/6/2025,61848950,Cli0046,rut0067,rut0065,UF,PAT,10,,,TRUE,TRUE,FALSE,,,,
Pol0249,Pro0002,26.00%,0.00%,Eje0002,Ok,3/7/2024,3/7/2024,3/7/2025,600008427,Cli0040,rut0057,rut0057,UF,Directa,1,,,TRUE,TRUE,FALSE,,,,
Pol0250,Pro0016,0.00%,0.00%,Eje0001,Anulado,6/7/2024,6/7/2024,6/7/2025,QP1118960,Cli0117,rut0173,rut0174,UF,,1,,,TRUE,FALSE,FALSE,,,,
Pol0251,Pro0042,21.00%,10.00%,Eje0004,Ok,11/7/2024,11/7/2024,11/7/2025,20573124,Cli0099,rut0140,rut0140,UF,PAC,11,,,TRUE,TRUE,FALSE,,,,
Pol0252,Pro0037,9.43%,9.43%,Eje0004,Ok,23/7/2024,23/7/2024,23/7/2025,20576575,Cli0102,rut0146,rut0146,UF,Directa,1,,,TRUE,TRUE,FALSE,,,,
Pol0253,Pro0017,15.00%,0.00%,Eje0001,Ok,29/7/2024,29/7/2024,29/7/2025,QP1126509,Cli0015,rut0017,rut0017,UF,PAT,12,,,TRUE,TRUE,FALSE,,,,
Pol0254,Pro0034,17.00%,0.00%,Eje0005,Cancelado,31/7/2024,31/7/2024,31/7/2025,7820461,Cli0111,rut0159,rut0159,UF,PAT,11,,,TRUE,FALSE,FALSE,,,,
Pol0255,Pro0034,17.00%,0.00%,Eje0005,Ok,31/7/2024,31/7/2024,31/7/2025,7820365,Cli0111,rut0159,rut0159,UF,PAT,11,,,TRUE,TRUE,FALSE,,,,
Pol0256,Pro0034,17.00%,0.00%,Eje0005,Ok,31/7/2024,31/7/2024,31/7/2025,7820385,Cli0111,rut0159,rut0159,UF,PAT,11,,,TRUE,TRUE,FALSE,,,,
Pol0257,Pro0034,17.00%,0.00%,Eje0005,Cancelado,8/8/2024,8/8/2024,8/8/2025,7820575 ,Cli0111,rut0159,rut0159,UF,PAT,11,,,TRUE,FALSE,FALSE,,,,
Pol0258,Pro0019,15.00%,0.00%,Eje0007,Ok,17/8/2024,17/8/2024,17/8/2025,52819,Cli0046,rut0067,rut0065,UF,Directa,10,,,TRUE,TRUE,FALSE,,,,
Pol0259,Pro0077,15.00%,0.00%,Eje0001,Ok,18/8/2024,18/8/2024,18/8/2025,QP1123594,Cli0096,rut0124,rut0124,UF,PAT,12,,,TRUE,TRUE,FALSE,,,,
Pol0260,Pro0051,10.50%,0.00%,Eje0007,Cancelado,22/8/2024,22/8/2024,22/8/2025,41355,Cli0024,rut0029,rut0029,UF,PAT,12,,,TRUE,FALSE,FALSE,,,,
Pol0261,Pro0014,13.00%,0.00%,Eje0010,Cancelado,29/8/2024,29/8/2024,29/8/2025,61870646,Cli0014,rut0016,rut0016,UF,Directa,10,,,TRUE,FALSE,FALSE,,,,
Pol0262,Pro0015,15.00%,0.00%,Eje0006,Cancelado,7/9/2024,7/9/2024,7/9/2025,24505496,Cli0056,rut0079,rut0079,UF,PAT,12,,,TRUE,FALSE,FALSE,,,,
Pol0263,Pro0041,10.00%,10.00%,Eje0001,Ok,9/9/2024,9/9/2024,9/9/2025,QP1129568,Cli0018,rut0023,rut0023,UF,Directa,12,,,TRUE,TRUE,FALSE,,,,
Pol0264,Pro0114,13.00%,0.00%,Eje0004,Ok,11/9/2024,11/9/2024,11/9/2025,61874815,Cli0127,rut0193,rut0193,UF,Directa,1,,,TRUE,TRUE,FALSE,,,,
Pol0265,Pro0009,14.00%,0.00%,Eje0001,Ok,19/9/2024,19/9/2024,19/9/2025,QP1134136,Cli0074,rut0108,rut0108,UF,PAT,11,,,TRUE,TRUE,FALSE,,,,
Pol0266,Pro0032,17.00%,0.00%,Eje0001,Cancelado,24/9/2024,24/9/2024,24/9/2025,QP1134912,Cli0117,rut0174,rut0174,UF,Directa,11,,,TRUE,FALSE,FALSE,,,,
Pol0267,Pro0046,20.15%,0.00%,Eje0005,Ok,26/9/2024,26/9/2024,26/9/2025,230484,Cli0049,rut0070,rut0070,UF,Directa,1,,,TRUE,TRUE,FALSE,,,,
Pol0268,Pro0046,20.15%,0.00%,Eje0005,Ok,26/9/2025,26/9/2025,26/9/2026,418313,Cli0049,rut0070,rut0070,UF,Directa,1,,,TRUE,TRUE,FALSE,,,,
Pol0269,Pro0010,9.60%,0.00%,Eje0003,Cancelado,4/10/2024,4/10/2024,4/10/2025,3062279,Cli0070,rut0102,rut0102,UF,PAT,12,,,TRUE,FALSE,FALSE,,,,
Pol0270,Pro0006,11.50%,0.00%,Eje0005,Cancelado,11/10/2024,11/10/2024,11/10/2025,262737,Cli0110,rut0158,rut0158,UF,PAT,10,,,TRUE,FALSE,FALSE,,,,
Pol0271,Pro0032,17.00%,0.00%,Eje0001,Cancelado,22/10/2024,22/10/2024,22/10/2025,QP1140155,Cli0061,rut0085,rut0085,UF,PAC,12,,,TRUE,FALSE,FALSE,,,,
Pol0272,Pro0048,12.00%,0.00%,Eje0002,Ok,25/10/2024,25/10/2024,25/10/2025,300459895,Cli0040,rut0057,rut0057,UF,Directa,10,,,TRUE,TRUE,FALSE,,,,
Pol0273,Pro0006,13.54%,0.00%,Eje0005,Ok,29/10/2024,29/10/2024,29/10/2025,262736,Cli0017,rut0022,rut0022,UF,PAT,11,,,TRUE,TRUE,FALSE,,,,
Pol0274,Pro0038,23.00%,23.00%,Eje0011,Ok,4/11/2024,4/11/2024,4/11/2025,18000121-9,Cli0052,rut0074,rut0074,UF,Directa,5,,,FALSE,TRUE,FALSE,,,,
Pol0275,Pro0038,23.00%,23.00%,Eje0011,Ok,4/11/2024,4/11/2024,4/11/2025,18000122-9,Cli0052,rut0074,rut0074,UF,Directa,3,,,FALSE,TRUE,FALSE,,,,
Pol0276,Pro0038,23.00%,23.00%,Eje0011,Ok,4/11/2024,4/11/2024,4/11/2025,18000123-9,Cli0052,rut0074,rut0074,UF,Directa,5,,,FALSE,TRUE,FALSE,,,,
Pol0277,Pro0012,10.00%,0.00%,Eje0004,Cancelado,4/11/2024,4/11/2024,4/11/2025,61891416,Cli0050,rut0071,rut0071,UF,Directa,12,,,TRUE,FALSE,FALSE,,,,
Pol0278,Pro0012,12.00%,0.00%,Eje0004,Cancelado,11/11/2024,11/11/2024,11/11/2025,61890467,Cli0052,rut0074,rut0074,UF,Directa,10,,,TRUE,FALSE,FALSE,,,,
Pol0279,Pro0029,10.00%,0.00%,Eje0001,Ok,14/11/2024,14/11/2024,14/11/2025,QP1138319,Cli0032,rut0041,rut0041,UF,Directa,10,,,TRUE,TRUE,FALSE,,,,
Pol0280,Pro0032,15.00%,0.00%,Eje0001,Ok,15/11/2024,15/11/2024,15/11/2025,QP1143522,Cli0046,rut0066,rut0066,UF,Directa,12,,,TRUE,TRUE,FALSE,,,,
Pol0281,Pro0077,0.00%,0.00%,Eje0001,Anulado,15/11/2024,15/11/2024,15/11/2025,QP1136988,Cli0046,rut0066,rut0066,UF,,1,,,TRUE,FALSE,FALSE,,,,
Pol0282,Pro0011,7.00%,0.00%,Eje0001,Anulado,21/11/2024,21/11/2024,21/11/2025,QP1138833,Cli0072,rut0105,rut0105,UF,PAT,12,,,TRUE,FALSE,FALSE,,,,
Pol0283,Pro0054,13.50%,0.00%,Eje0001,Ok,21/11/2024,21/11/2024,21/11/2025,QP1143790,Cli0072,rut0105,rut0105,UF,Directa,12,,,TRUE,TRUE,FALSE,,,,
Pol0284,Pro0055,15.00%,8.67%,Eje0010,Ok,22/11/2024,22/11/2024,22/11/2025,20588194,8a0eccf1,rut0007,rut0007,UF,Directa,1,,,TRUE,TRUE,FALSE,,,,
Pol0285,Pro0032,17.00%,0.00%,Eje0001,Cancelado,22/11/2024,22/11/2024,22/11/2025,QP1146366,Cli0098,rut0134,rut0134,UF,Directa,12,,,TRUE,FALSE,FALSE,,,,
Pol0286,Pro0011,7.00%,0.00%,Eje0001,Anulado,22/11/2024,22/11/2024,22/11/2025,QP1140113,Cli0034,rut0044,rut0044,UF,Directa,12,,,TRUE,FALSE,FALSE,,,,
Pol0287,Pro0054,13.50%,0.00%,Eje0001,Ok,22/11/2024,22/11/2024,22/11/2025,QP1143884,Cli0034,rut0044,rut0044,UF,Directa,12,,,TRUE,TRUE,FALSE,,,,
Pol0288,Pro0059,15.00%,0.00%,Eje0007,Ok,24/11/2024,24/11/2024,24/11/2025,526675,Cli0103,rut0149,rut0149,UF,PAT,12,,,TRUE,TRUE,FALSE,,,,
Pol0289,Pro0084,10.00%,10.00%,Eje0004,Ok,26/11/2024,26/11/2024,26/11/2025,20590591,Cli0129,rut0196,rut0196,UF,Directa,10,,,TRUE,TRUE,FALSE,,,,
Pol0290,Pro0003,22.00%,22.00%,Eje0001,Ok,26/11/2024,26/11/2024,26/11/2025,QP1142580,Cli0129,rut0196,rut0196,UF,Directa,10,,,TRUE,TRUE,FALSE,,,,
Pol0291,5c3562b5,15.00%,0.00%,Eje0007,Ok,26/11/2024,26/11/2024,26/11/2025,93574,Cli0129,rut0196,rut0196,UF,Directa,10,,,TRUE,TRUE,FALSE,,,,
Pol0292,Pro0103,12.00%,0.00%,Eje0010,Ok,12/12/2024,12/12/2024,12/12/2025,61902888,Cli0115,rut0169,rut0169,UF,Directa,10,,,TRUE,TRUE,FALSE,,,,
Pol0293,Pro0075,16.00%,16.00%,Eje0003,Ok,14/12/2024,14/12/2024,14/12/2025,3064050,Cli0040,rut0056,rut0056,UF,Directa,11,,,TRUE,TRUE,FALSE,,,,
Pol0294,Pro0040,10.00%,0.00%,Eje0001,Ok,18/12/2024,18/12/2024,18/12/2025,QP1144094,Cli0107,rut0155,rut0155,UF,Directa,1,,,TRUE,TRUE,FALSE,,,,
Pol0295,Pro0015,15.00%,0.00%,Eje0006,Cancelado,22/12/2024,22/12/2024,22/12/2025,24142385,Cli0040,rut0053,rut0053,UF,PAC,12,,,TRUE,FALSE,FALSE,,,,
Pol0296,Pro0015,15.00%,0.00%,Eje0006,Ok,26/12/2024,26/12/2024,26/12/2025,24142710,Cli0008,rut0009,rut0009,UF,PAT,12,,,TRUE,TRUE,TRUE,,,,
Pol0297,Pro0078,15.00%,0.00%,Eje0001,Ok,26/12/2024,26/12/2024,26/12/2025,QP1142157,Cli0123,rut0189,rut0189,UF,Directa,12,,,TRUE,TRUE,FALSE,,,,
Pol0298,Pro0015,0.00%,0.00%,Eje0006,Anulado,26/12/2024,26/12/2024,26/12/2025,24151282,Cli0008,rut0009,rut0009,UF,,1,,,TRUE,FALSE,FALSE,,,,
Pol0299,Pro0034,17.00%,0.00%,Eje0005,Cancelado,29/12/2024,29/12/2024,29/12/2025,8191249,Cli0125,rut0191,rut0191,UF,PAT,12,,,TRUE,FALSE,FALSE,,,,
Pol0300,Pro0035,30.00%,0.00%,Eje0005,Cancelado,29/12/2024,29/12/2024,29/12/2025,7310958,Cli0028,rut0035,rut0035,UF,Directa,3,,,TRUE,FALSE,FALSE,,,,
Pol0301,Pro0035,30.00%,0.00%,Eje0005,Cancelado,29/12/2024,29/12/2024,29/12/2025,7310959,Cli0028,rut0035,rut0035,UF,Directa,3,,,TRUE,FALSE,FALSE,,,,
Pol0302,Pro0035,30.00%,0.00%,Eje0005,Cancelado,29/12/2024,29/12/2024,29/12/2025,7310960,Cli0028,rut0035,rut0035,UF,Directa,10,,,TRUE,FALSE,FALSE,,,,
Pol0303,Pro0100,25.00%,25.00%,82c83736,Ok,2/1/2025,2/1/2025,2/1/2026,81519,Cli0129,rut0196,rut0196,UF,Directa,9,,,TRUE,TRUE,FALSE,,,,
Pol0304,Pro0011,7.00%,0.00%,Eje0001,Anulado,19/1/2025,19/1/2025,19/1/2026,QP1149985,Cli0083,rut0120,rut0120,UF,Directa,12,,,TRUE,FALSE,FALSE,,,,
Pol0305,Pro0032,17.00%,0.00%,Eje0001,Ok,19/1/2025,19/1/2025,19/1/2026,QP1152906,Cli0083,rut0120,rut0120,UF,Directa,12,,,TRUE,TRUE,FALSE,,,,
Pol0306,Pro0005,10.00%,0.00%,Eje0001,Anulado,22/1/2025,22/1/2025,22/1/2026,QP1151951,Cli0068,rut0096,rut0096,UF,Directa,12,,,TRUE,FALSE,FALSE,,,,
Pol0307,Pro0005,10.00%,0.00%,Eje0001,Ok,22/1/2025,22/1/2025,22/1/2026,QP1163548,Cli0068,rut0096,rut0096,UF,Directa,12,,,TRUE,TRUE,FALSE,,,,
Pol0308,Pro0039,30.00%,0.00%,,Cancelado,24/1/2025,24/1/2025,24/1/2026,144045932,Cli0030,rut0038,rut0038,UF,PAT,10,,,TRUE,FALSE,FALSE,,7/10/2025,,
Pol0309,Pro0039,30.00%,0.00%,,Ok,24/1/2025,24/1/2025,24/1/2026,144045933,Cli0042,rut0059,rut0059,UF,PAT,10,,,TRUE,TRUE,TRUE,,,,
Pol0310,Pro0045,15.00%,9.00%,Eje0002,Ok,25/1/2025,25/1/2025,25/1/2026,100076830,Cli0075,rut0110,rut0110,UF,Directa,10,,,TRUE,FALSE,FALSE,,,Se incluyó en la póliza de la comunidad,
Pol0311,Pro0015,15.00%,0.00%,Eje0006,Ok,27/1/2025,27/1/2025,27/1/2026,25614498,Cli0110,rut0158,rut0158,UF,PAT,12,,,TRUE,TRUE,TRUE,,,,
Pol0312,Pro0034,17.00%,0.00%,Eje0005,Ok,30/1/2025,30/1/2025,30/1/2026,8194454,Cli0111,rut0159,rut0159,UF,PAT,12,,,TRUE,TRUE,TRUE,,,,
Pol0313,Pro0047,16.00%,0.00%,Eje0002,Cancelado,31/1/2025,31/1/2025,31/1/2026,300479734,Cli0040,rut0056,rut0056,UF,Directa,10,,,TRUE,FALSE,FALSE,,,,
Pol0314,Pro0047,16.00%,0.00%,Eje0002,Anulado,31/1/2025,31/1/2025,31/1/2026,300480459,Cli0093,rut0128,rut0128,UF,Directa,10,,,TRUE,FALSE,FALSE,,,,
Pol0315,Pro0065,14.00%,0.00%,Eje0003,Consumido,31/1/2025,31/1/2025,31/1/2026,1492057,Cli0116,rut0172,rut0172,UF,Directa,10,,,TRUE,TRUE,FALSE,,,,
Pol0316,Pro0065,14.00%,0.00%,Eje0003,Ok,31/1/2025,31/1/2025,31/1/2026,1488860,Cli0102,rut0146,rut0146,UF,Directa,10,,,TRUE,TRUE,FALSE,,,,
Pol0317,Pro0015,15.00%,0.00%,Eje0006,Anulado,31/1/2025,31/1/2025,31/1/2026,24149330,Cli0064,rut0089,rut0089,UF,Directa,11,,,TRUE,FALSE,FALSE,,,,
Pol0318,Pro0015,15.00%,0.00%,Eje0006,Anulado,31/1/2025,31/1/2025,31/1/2026,24149329,Cli0064,rut0091,rut0091,UF,Directa,11,,,TRUE,FALSE,FALSE,,,,
Pol0319,Pro0047,16.00%,0.00%,Eje0002,Ok,31/1/2025,31/1/2025,31/1/2026,300479695,Cli0081,rut0118,rut0118,UF,PAT,10,,,TRUE,TRUE,FALSE,,,,
Pol0320,Pro0047,16.00%,0.00%,Eje0002,Cancelado,31/1/2025,31/1/2025,31/1/2026,300479693,Cli0067,rut0094,rut0094,UF,Directa,10,,,TRUE,FALSE,FALSE,,,,
Pol0321,Pro0047,11.00%,0.00%,Eje0002,Ok,31/1/2025,31/1/2025,31/1/2026,300479691,Cli0045,rut0061,rut0061,UF,PAT,10,,,TRUE,TRUE,TRUE,,,,
Pol0322,Pro0025,14.50%,0.00%,Eje0005,Anulado,31/1/2025,31/1/2025,31/1/2026,302039,Cli0012,rut0013,rut0013,UF,PAC,10,,,TRUE,FALSE,FALSE,,,,
Pol0323,Pro0025,14.50%,0.00%,Eje0005,Anulado,31/1/2025,31/1/2025,31/1/2026,302040,Cli0012,rut0013,rut0013,UF,PAC,10,,,TRUE,FALSE,FALSE,,,,
Pol0324,Pro0047,16.00%,0.00%,Eje0002,Anulado,31/1/2025,31/1/2025,31/1/2026,300479692,Cli0105,rut0151,rut0151,UF,PAT,10,,,TRUE,FALSE,FALSE,,,,
Pol0325,Pro0047,16.00%,0.00%,Eje0002,Anulado,31/1/2025,31/1/2025,31/1/2026,300479690,Cli0101,rut0145,rut0145,UF,Directa,1,,,FALSE,FALSE,FALSE,,,,
Pol0326,Pro0047,16.00%,0.00%,Eje0002,Anulado,31/1/2025,31/1/2025,31/1/2026,300479694,Cli0101,rut0143,rut0143,UF,Directa,1,,,FALSE,FALSE,FALSE,,,,
Pol0327,Pro0036,25.00%,25.00%,Eje0003,Anulado,31/1/2025,31/1/2025,31/1/2026,3064744,Cli0109,rut0157,rut0157,UF,Directa,1,,,TRUE,FALSE,FALSE,,,,
Pol0328,Pro0032,15.00%,0.00%,Eje0001,Ok,31/1/2025,31/1/2025,31/1/2026,QP1154755,Cli0003,rut0003,rut0003,UF,Directa,12,,,TRUE,TRUE,FALSE,,,,
Pol0329,Pro0047,16.00%,0.00%,Eje0002,Cancelado,31/1/2025,31/1/2025,31/1/2026,300479728,Cli0112,rut0182,rut0182,UF,Directa,10,,,TRUE,FALSE,FALSE,,,,
Pol0330,Pro0032,17.00%,0.00%,Eje0001,Ok,31/1/2025,31/1/2025,31/1/2026,QP1152878,Cli0093,rut0128,rut0128,UF,Directa,12,,,TRUE,TRUE,FALSE,,,,
Pol0331,Pro0034,17.00%,0.00%,Eje0005,Ok,31/1/2025,31/1/2025,31/1/2026,8193187,Cli0012,rut0013,rut0013,UF,PAC,12,,,TRUE,TRUE,TRUE,,,,
Pol0332,Pro0034,17.00%,0.00%,Eje0005,Ok,31/1/2025,31/1/2025,31/1/2026,8193188,Cli0012,rut0013,rut0013,UF,PAC,12,,,TRUE,TRUE,TRUE,,,,
Pol0333,Pro0032,17.00%,0.00%,Eje0001,Ok,31/1/2025,31/1/2025,31/1/2026,QP1155685,Cli0101,rut0145,rut0145,UF,Directa,1,,,TRUE,TRUE,FALSE,,,,
Pol0334,Pro0032,17.00%,0.00%,Eje0001,Ok,31/1/2025,31/1/2025,31/1/2026,QP1154752,Cli0101,rut0143,rut0143,UF,Directa,1,,,TRUE,TRUE,FALSE,,,,
Pol0335,Pro0032,17.00%,0.00%,Eje0001,Ok,31/1/2025,31/1/2025,31/1/2026,QP1154837,Cli0064,rut0089,rut0089,UF,Directa,12,,,TRUE,TRUE,FALSE,,,,
Pol0336,Pro0032,17.00%,0.00%,Eje0001,Ok,31/1/2025,31/1/2025,31/1/2026,QP1154838,Cli0064,rut0091,rut0091,UF,Directa,12,,,TRUE,TRUE,FALSE,,,,
Pol0337,Pro0032,17.00%,0.00%,Eje0001,Ok,4/2/2025,4/2/2025,4/2/2026,QP1155909,Cli0046,rut0064,rut0064,UF,Directa,12,,,TRUE,TRUE,FALSE,,,,
Pol0338,Pro0068,16.00%,0.00%,Eje0002,Ok,8/2/2025,8/2/2025,8/2/2026,500011335,Cli0068,rut0096,rut0096,UF,Directa,8,,,TRUE,TRUE,FALSE,,,,
Pol0339,e4d0ec2f,13.45%,13.45%,Eje0010,Ok,23/2/2025,23/2/2025,23/2/2026,20596805,Cli0075,rut0110,rut0110,UF,Directa,10,,,TRUE,TRUE,FALSE,,,,
Pol0340,Pro0032,17.00%,0.00%,Eje0001,Ok,26/2/2025,26/2/2025,26/2/2026,QP1159565,Cli0132,rut0198,rut0198,UF,Directa,1,,,TRUE,TRUE,FALSE,,,,
Pol0341,Pro0103,13.00%,0.00%,Eje0010,Cancelado,28/2/2025,28/2/2025,28/2/2026,61921211,Cli0075,rut0110,rut0110,UF,PAT,11,,,TRUE,FALSE,FALSE,,,,
Pol0342,Pro0103,13.00%,0.00%,Eje0010,Cancelado,28/2/2025,28/2/2025,28/2/2026,61921212,Cli0075,rut0110,rut0110,UF,PAT,11,,,TRUE,FALSE,FALSE,,,,
Pol0343,Pro0032,17.00%,0.00%,Eje0001,Ok,4/3/2025,4/3/2025,4/3/2026,QP1159795,Cli0033,rut0043,rut0043,UF,PAT,12,,,TRUE,TRUE,TRUE,,,,
Pol0344,Pro0038,23.00%,23.00%,Eje0011,Ok,5/3/2025,5/3/2025,5/3/2026,2602990-1,Cli0106,rut0152,rut0152,UF,PAC,11,,,TRUE,TRUE,TRUE,,,,
Pol0345,Pro0015,15.00%,0.00%,Eje0006,Ok,5/3/2025,5/3/2025,5/3/2026,25615247,Cli0022,rut0027,rut0027,UF,PAT,12,,,TRUE,TRUE,TRUE,,,,
Pol0346,Pro0032,17.00%,0.00%,Eje0001,Ok,20/2/2025,6/3/2025,6/3/2026,QP1159207,Cli0101,rut0144,rut0144,UF,PAT,12,,,TRUE,TRUE,TRUE,,,,
Pol0347,Pro0078,15.00%,0.00%,Eje0001,Ok,10/2/2025,7/3/2025,7/3/2026,OP192550,Cli0057,rut0080,rut0080,UF,Directa,12,,,TRUE,TRUE,FALSE,,,,
Pol0348,Pro0077,15.00%,0.00%,Eje0001,Anulado,7/3/2025,7/3/2025,7/3/2026,QP192549,Cli0093,rut0128,rut0128,UF,Directa,1,,,TRUE,FALSE,FALSE,,,,
Pol0349,Pro0032,17.00%,0.00%,Eje0001,Ok,27/2/2025,7/3/2025,7/3/2026,QP1159614,Cli0093,rut0128,rut0128,UF,Directa,12,,,TRUE,TRUE,FALSE,,,,
Pol0350,Pro0043,15.00%,15.00%,Eje0003,Ok,8/3/2025,8/3/2025,8/3/2026,1506581,Cli0111,rut0159,rut0159,UF,PAT,11,,,TRUE,TRUE,TRUE,,,,
Pol0351,Pro0043,18.00%,18.00%,Eje0003,Ok,9/3/2025,9/3/2025,9/3/2026,1506551,Cli0111,rut0166,rut0166,UF,PAC,11,,,TRUE,TRUE,TRUE,,,,
Pol0352,Pro0070,15.00%,0.00%,Eje0007,Ok,19/3/2025,19/3/2025,19/3/2026,95423,Cli0103,rut0149,rut0149,UF,PAT,6,,,TRUE,TRUE,TRUE,,,,
Pol0353,Pro0004,15.00%,15.00%,,Ok,19/3/2025,19/3/2025,19/3/2026,7657660,Cli0103,rut0149,rut0149,UF,Directa,6,,,TRUE,TRUE,FALSE,,,,
Pol0354,Pro0070,15.00%,0.00%,Eje0010,Anulado,19/3/2025,19/3/2025,19/3/2026,95440,Cli0103,rut0149,rut0149,UF,PAT,1,,,TRUE,FALSE,FALSE,,,,
Pol0355,Pro0015,15.00%,0.00%,Eje0006,Ok,20/3/2025,20/3/2025,20/3/2026,25012436,Cli0030,rut0039,rut0039,UF,PAT,12,,,TRUE,TRUE,TRUE,,,,
Pol0356,Pro0063,10.50%,0.00%,Eje0007,Ok,27/3/2025,27/3/2025,27/3/2026,773855,Cli0040,rut0057,rut0057,UF,Directa,10,,,TRUE,TRUE,FALSE,,,,
Pol0357,Pro0063,10.50%,0.00%,Eje0007,Ok,27/3/2025,27/3/2025,27/3/2026,773853,Cli0040,rut0057,rut0057,UF,Directa,10,,,TRUE,TRUE,FALSE,,,,
Pol0358,Pro0069,18.00%,0.00%,Eje0003,Ok,27/3/2025,27/3/2025,27/3/2026,3066347,Cli0040,rut0056,rut0056,UF,Directa,10,,,TRUE,TRUE,FALSE,,,,
Pol0359,Pro0032,17.00%,0.00%,Eje0001,Ok,3/4/2025,4/4/2025,4/4/2026,QP1163635,Cli0127,rut0194,rut0193,UF,Directa,1,,,TRUE,TRUE,FALSE,,,,
Pol0360,dfff688c,8.00%,8.00%,Eje0010,Ok,8/4/2025,8/4/2025,8/4/2026,20607039,Cli0092,rut0139,rut0139,UF,Directa,10,,,TRUE,TRUE,FALSE,,,mis solicitudes CL83577,
Pol0361,Pro0079,0.00%,0.00%,Eje0003,Ok,15/4/2025,15/4/2025,15/4/2026,1505302,Cli0029,rut0037,rut0037,UF,Directa,1,,,FALSE,TRUE,FALSE,,,,
Pol0362,Pro0080,0.00%,0.00%,Eje0003,Ok,15/4/2025,15/4/2025,15/4/2026,1505303,Cli0029,rut0037,rut0037,UF,Directa,1,,,FALSE,TRUE,FALSE,,,,
Pol0363,Pro0083,14.00%,0.00%,Eje0006,Ok,15/4/2025,15/4/2025,15/4/2026,25535497,Cli0041,rut0058,rut0058,UF,PAT,12,,,TRUE,TRUE,TRUE,,,,
Pol0364,Pro0043,18.00%,18.00%,Eje0003,Ok,17/4/2025,17/4/2025,17/4/2026,1515344,Cli0111,rut0165,rut0165,UF,PAC,10,,,TRUE,TRUE,TRUE,,,,
Pol0365,Pro0015,15.00%,0.00%,Eje0006,Anulado,25/4/2025,25/4/2025,25/4/2026,25019949,Cli0056,rut0078,rut0078,UF,Directa,11,,,TRUE,FALSE,FALSE,,,,
Pol0366,Pro0034,17.00%,0.00%,Eje0012,Ok,25/4/2025,25/4/2025,25/4/2026,8372462,Cli0056,rut0078,rut0078,UF,PAT,12,,,TRUE,TRUE,TRUE,,,,
Pol0367,Pro0078,15.00%,0.00%,Eje0001,Anulado,28/4/2025,28/4/2025,28/4/2026,OP193959,Cli0098,rut0135,rut0135,UF,PAC,12,,,TRUE,FALSE,FALSE,,,,
Pol0368,Pro0032,17.00%,0.00%,Eje0001,Ok,24/4/2025,28/4/2025,28/4/2026,QP1166435,Cli0098,rut0135,rut0135,UF,PAT,12,,,TRUE,TRUE,TRUE,,,,
Pol0369,Pro0107,18.00%,8.00%,Eje0003,Ok,28/4/2025,28/4/2025,28/4/2026,1521285,Cli0111,rut0159,rut0159,UF,PAC,10,,,TRUE,TRUE,TRUE,,,,
Pol0370,Pro0015,15.00%,0.00%,Eje0006,Ok,29/4/2025,29/4/2025,29/4/2026,25036131,Cli0049,rut0070,rut0070,UF,PAT,12,,,TRUE,TRUE,TRUE,,,,
Pol0371,Pro0082,14.00%,0.00%,Eje0001,Ok,2/5/2025,2/5/2025,2/5/2026,QP1166879,Cli0056,rut0079,rut0079,UF,PAT,12,,,TRUE,TRUE,TRUE,,,,
Pol0372,Pro0108,12.00%,0.00%,Eje0012,Ok,16/5/2025,16/5/2025,16/5/2026,380597,Cli0040,rut0056,rut0056,UF,Directa,10,,,TRUE,TRUE,FALSE,,,,
Pol0373,Pro0048,12.00%,0.00%,Eje0002,Anulado,16/5/2025,16/5/2025,16/5/2026,300500049,Cli0040,rut0057,rut0057,UF,Directa,10,,,FALSE,FALSE,FALSE,,,,
Pol0374,Pro0032,17.00%,0.00%,Eje0001,Cancelado,31/5/2025,31/5/2025,31/5/2026,QP1165816,Cli0025,rut0030,rut0030,UF,PAT,12,,,TRUE,FALSE,FALSE,,,,
Pol0375,Pro0063,10.50%,0.00%,Eje0010,Ok,2/6/2025,2/6/2025,2/6/2026,782799,Cli0080,rut0117,rut0117,UF,PAC,11,,,TRUE,TRUE,TRUE,,,,
Pol0376,dbeb8e6d,15.00%,7.00%,Eje0010,Ok,4/6/2025,4/6/2025,4/6/2026,20611800,Cli0079,rut0116,rut0116,UF,PAT,11,,,TRUE,TRUE,TRUE,,,,
Pol0377,Pro0032,17.00%,0.00%,Eje0001,Ok,20/5/2025,4/6/2025,4/6/2026,QP1169545,Cli0101,rut0144,rut0144,UF,PAT,12,,,TRUE,TRUE,TRUE,,,,
Pol0378,Pro0110,14.00%,0.00%,Eje0001,Cancelado,6/6/2025,6/6/2025,6/6/2026,QP1171318,Cli0037,rut0050,rut0050,UF,PAT,12,,,TRUE,FALSE,FALSE,,,,
Pol0379,Pro0003,25.00%,25.00%,Eje0001,Cancelado,6/6/2025,6/6/2025,6/6/2026,OP199241,Cli0117,rut0173,rut0173,UF,Directa,1,,,TRUE,FALSE,FALSE,,,,
Pol0380,Pro0111,13.00%,0.00%,Eje0002,Ok,9/6/2025,9/6/2025,9/6/2026,300506815,Cli0061,rut0085,rut0085,UF,PAT,12,,,TRUE,TRUE,TRUE,,,,
Pol0381,Pro0021,16.00%,0.00%,Eje0009,Ok,16/6/2025,16/6/2025,16/6/2026,20116915,Cli0040,rut0057,rut0057,UF,Directa,10,,,TRUE,TRUE,FALSE,,,,
Pol0382,Pro0026,14.50%,0.00%,Eje0012,Cancelado,24/6/2025,24/6/2025,24/6/2026,373024,Cli0064,rut0090,rut0090,UF,PAT,11,,,TRUE,FALSE,FALSE,,28/7/2025,,
Pol0383,Pro0033,7.78%,0.00%,Eje0006,Anulado,28/6/2025,28/6/2025,28/6/2026,25538038,Cli0073,rut0107,rut0107,UF,PAT,10,,,TRUE,FALSE,FALSE,,,,
Pol0384,21dd3e87,13.00%,0.00%,Eje0010,Ok,28/6/2025,28/6/2025,28/6/2026,61950800,Cli0073,rut0107,rut0107,UF,PAT,11,,,TRUE,TRUE,TRUE,,,,
Pol0385,9451fd90,13.04%,0.00%,Eje0010,Ok,30/6/2025,30/6/2025,30/6/2026,23034022,Cli0046,rut0065,rut0065,UF,PAT,10,,,TRUE,TRUE,TRUE,,,,
Pol0386,b5aa09e2,10.50%,0.00%,Eje0010,Ok,30/6/2025,30/6/2025,30/6/2026,61951634,Cli0046,rut0065,rut0065,UF,PAT,10,,,TRUE,TRUE,TRUE,,,,
Pol0387,49eb7a2b,10.50%,0.00%,Eje0010,Ok,30/6/2025,30/6/2025,30/6/2026,61951791,Cli0046,rut0065,rut0065,UF,PAT,10,,,TRUE,TRUE,TRUE,,,,
Pol0388,Pro0002,26.00%,0.00%,Eje0002,Ok,3/7/2025,3/7/2025,3/7/2026,600011078,Cli0040,rut0057,rut0057,UF,Directa,10,,,TRUE,TRUE,FALSE,,,,
Pol0389,Pro0110,14.00%,0.00%,Eje0001,Cancelado,4/7/2025,4/7/2025,4/7/2026,QP1176551,Cli0117,rut0173,rut0174,UF,PAT,12,,,TRUE,FALSE,FALSE,,4/7/2025,,
Pol0390,Pro0034,17.00%,0.00%,Eje0012,Ok,7/7/2025,7/7/2025,7/7/2026,8385986,Cli0025,rut0030,rut0030,UF,PAT,12,,,TRUE,TRUE,TRUE,,,,
Pol0391,e4d0ec2f,21.00%,10.00%,Eje0010,Ok,11/7/2025,11/7/2025,11/7/2026,20612997,Cli0099,rut0140,rut0140,UF,PAC,11,,,TRUE,TRUE,TRUE,,,,
Pol0392,b553b744,9.43%,9.43%,Eje0010,Ok,23/7/2025,23/7/2025,23/7/2026,20614967,Cli0102,rut0146,rut0146,UF,Directa,1,,,TRUE,TRUE,FALSE,,,,
Pol0393,Pro0017,15.00%,0.00%,Eje0001,Ok,10/6/2025,29/7/2025,29/7/2026,OP202198,Cli0015,rut0017,rut0017,UF,PAT,12,,,TRUE,TRUE,TRUE,,,,
Pol0394,Pro0034,17.00%,0.00%,Eje0012,Anulado,31/7/2025,31/7/2025,31/7/2026,8384078,Cli0111,rut0159,rut0159,UF,PAT,11,,,TRUE,FALSE,FALSE,,,,
Pol0395,Pro0034,17.00%,0.00%,Eje0012,Cancelado,31/7/2025,31/7/2025,31/7/2026,8384075,Cli0111,rut0159,rut0159,UF,PAT,11,,,TRUE,FALSE,FALSE,,14/3/2026,Cancelada por venta de materia,
Pol0396,Pro0034,17.00%,0.00%,Eje0012,Ok,31/7/2025,31/7/2025,31/7/2026,8384077,Cli0111,rut0159,rut0159,UF,PAT,11,,,TRUE,TRUE,FALSE,,,,
Pol0397,Pro0072,14.00%,0.00%,Eje0001,Ok,13/8/2025,13/8/2025,13/8/2026,1550589,Cli0111,rut0161,rut0161,UF,PAT,11,,,TRUE,TRUE,FALSE,,,,
Pol0398,Pro0019,15.00%,0.00%,Eje0010,Ok,17/8/2025,17/8/2025,17/8/2026,54727,Cli0046,rut0065,rut0065,UF,Directa,10,,,TRUE,TRUE,FALSE,,,,
Pol0399,Pro0077,15.00%,0.00%,Eje0001,Cancelado,18/8/2025,18/8/2025,18/8/2026,OP204792,Cli0096,rut0124,rut0124,UF,PAT,12,,,TRUE,FALSE,TRUE,,4/12/2025,Se cambió a la pol 7074869 por precio,
Pol0400,Pro0041,10.00%,10.00%,Eje0001,Ok,20/8/2025,9/9/2025,9/9/2026,QP1186519,Cli0018,rut0023,rut0023,UF,Directa,12,,,TRUE,TRUE,FALSE,,,,
Pol0401,d6367469,13.00%,0.00%,Eje0010,Ok,11/9/2025,11/9/2025,11/9/2026,61968951,Cli0127,rut0193,rut0193,UF,Directa,1,,,TRUE,TRUE,FALSE,,,,
Pol0402,Pro0009,14.00%,0.00%,Eje0001,Cancelado,19/9/2025,19/9/2025,19/9/2026,QP1186423,Cli0074,rut0108,rut0108,UF,PAT,11,,,TRUE,FALSE,FALSE,,28/10/2025,Cancelado por venta de materia,
8cadec11,Pro0032,17.00%,0.00%,Eje0001,Ok,13/10/2025,13/10/2025,13/10/2026,QP1194378,Cli0001,ca0fc53c,ca0fc53c,UF,PAT,12,,,TRUE,TRUE,TRUE,,,,
c83a0e03,Pro0048,,,Eje0002,Anulado,2/10/2025,25/10/2025,25/10/2026,300527206,Cli0040,rut0057,rut0057,UF,Directa,10,,,FALSE,FALSE,FALSE,,,Se ingresó a la Póliza 380597 en Zurich,
83829038,Pro0104,10.00%,10.00%,Eje0010,Anulado,26/11/2025,26/11/2025,26/11/2026,20627638,Cli0129,rut0196,rut0196,UF,Directa,10,,,TRUE,FALSE,FALSE,,,Cambio de Cía,
803dc2d1,5c3562b5,15.00%,0.00%,Eje0010,Ok,28/10/2025,26/11/2025,26/11/2026,99249,Cli0129,rut0196,rut0196,UF,Directa,10,,,TRUE,TRUE,FALSE,,,,
e27da4a6,Pro0038,23.00%,23.00%,Eje0011,Ok,22/10/2025,4/11/2025,4/11/2026,18000121-10,Cli0052,rut0074,rut0074,UF,Directa,5,,,TRUE,TRUE,FALSE,,,,
2bf2b944,Pro0038,23.00%,23.00%,Eje0011,Ok,22/10/2025,4/11/2025,4/11/2026,18000122-10,Cli0052,rut0074,rut0074,UF,Directa,3,,,TRUE,TRUE,FALSE,,,,
f0556099,Pro0038,23.00%,23.00%,Eje0011,Ok,22/10/2025,4/11/2025,4/11/2026,18000123-10,Cli0052,rut0074,rut0074,UF,Directa,5,,,TRUE,TRUE,FALSE,,,,
09d37c47,Pro0029,10.00%,0.00%,Eje0001,Cancelado,21/10/2025,14/11/2025,14/11/2026,QP1195820,Cli0032,rut0041,rut0041,UF,Directa,10,,,TRUE,FALSE,FALSE,,12/2/2026,Caida por no Pago. Se cotizo pol nueva,
c0c8928a,Pro0032,15.00%,0.00%,Eje0001,Anulado,22/10/2025,15/11/2025,15/11/2026,QP1195676,Cli0046,rut0066,rut0066,UF,Directa,12,,,TRUE,FALSE,FALSE,,,Se cambió a otro plan,
e74b0b6f,Pro0054,13.50%,0.00%,Eje0001,Ok,22/10/2025,21/11/2025,21/11/2026,QP1195799,Cli0072,rut0105,rut0105,UF,Directa,12,,,TRUE,TRUE,FALSE,,,,
40784a6d,Pro0054,13.50%,0.00%,Eje0001,Ok,22/10/2025,22/11/2025,22/11/2026,QP1195902,Cli0034,rut0044,rut0044,UF,Directa,12,,,TRUE,TRUE,FALSE,,,,
c94ee9b2,Pro0091,13.50%,0.00%,,Anulado,7/11/2025,7/11/2025,7/11/2026,7032178,Cli0040,rut0056,rut0056,UF,Directa,12,,,TRUE,FALSE,FALSE,,,Se anula por cambio de asegurado,
bee48083,c28e3129,15.00%,8.67%,Eje0010,Ok,10/11/2025,22/11/2025,22/11/2026,20628146,8a0eccf1,rut0007,rut0007,UF,Directa,1,,,TRUE,TRUE,FALSE,,,,
ca99f3df,Pro0091,13.50%,0.00%,,Ok,12/11/2025,12/11/2025,12/11/2026,7032450,Cli0040,rut0056,rut0056,UF,Directa,12,,,TRUE,TRUE,FALSE,,,,
f6d7c27d,Pro0099,15.00%,0.00%,,Ok,12/11/2025,15/11/2025,15/11/2026,QP1198745,Cli0046,rut0066,rut0066,UF,PAT,12,,,TRUE,TRUE,TRUE,,,,
60142d69,Pro0110,14.00%,0.00%,Eje0001,Cancelado,18/11/2025,24/11/2025,24/11/2026,QP1199223,Cli0103,rut0149,rut0149,UF,PAT,12,,,TRUE,FALSE,FALSE,,6/1/2026,Cancelada por no pago. se envió cotización para nuevo seguro,
4d215b97,Pro0003,22.00%,22.00%,Eje0001,Ok,25/11/2025,26/11/2025,26/11/2026,OP214827,Cli0129,rut0196,rut0196,UF,Directa,10,,,TRUE,TRUE,FALSE,,,,
177c7a90,Pro0091,13.50%,0.00%,,Ok,4/12/2025,4/12/2025,4/12/2026,7074869,Cli0096,rut0124,rut0124,UF,PAT,11,,,TRUE,TRUE,TRUE,,,,
bb95f0ea,2b4be016,9.60%,9.60%,,Ok,26/11/2025,26/11/2025,26/11/2026,QP1200350,Cli0129,rut0196,rut0196,UF,Directa,10,,,TRUE,TRUE,FALSE,,,,
c5235e0d,2b4be016,9.60%,9.60%,,Ok,26/11/2025,26/11/2025,26/11/2026,QP1200364,Cli0129,rut0196,rut0196,UF,Directa,10,,,TRUE,TRUE,FALSE,,,,
dd9931ed,21dd3e87,12.00%,0.00%,Eje0010,Ok,12/12/2025,12/12/2025,12/12/2026,14729,Cli0115,rut0169,rut0169,UF,Directa,10,,,TRUE,TRUE,FALSE,,,,
01e808b3,Pro0110,14.00%,0.00%,,Ok,2/1/2026,2/1/2026,2/1/2027,QP1206986,Cli0037,rut0050,rut0050,UF,Directa,12,,,TRUE,TRUE,FALSE,,,,
4d790378,Pro0075,16.00%,16.00%,Eje0003,Ok,14/12/2025,14/12/2025,14/12/2026,3073114,Cli0040,rut0056,rut0056,UF,Directa,11,,,TRUE,TRUE,FALSE,,,,
6687c266,Pro0040,10.00%,0.00%,Eje0001,Ok,20/11/2025,18/12/2025,18/12/2026,QP1199717,Cli0107,rut0155,rut0155,UF,Directa,1,,,TRUE,TRUE,FALSE,,,,
372dc73d,Pro0015,15.00%,0.00%,Eje0006,Cancelado,11/11/2025,26/12/2025,26/12/2026,25100136,Cli0008,rut0009,rut0009,UF,PAT,12,,,TRUE,FALSE,TRUE,,16/3/2026,Cancelar por venta de materia,
febaf480,Pro0078,15.00%,0.00%,Eje0001,Ok,10/11/2025,26/12/2025,26/12/2026,OP213700,Cli0123,rut0189,rut0189,UF,Directa,12,,,TRUE,TRUE,FALSE,,,,
f390fd52,4fdf4801,10.50%,0.00%,Eje0010,Ok,11/12/2025,11/12/2025,11/12/2026,821062,Cli0044,gsetrghrt,gsetrghrt,UF,PAT,12,,,TRUE,TRUE,TRUE,,,,
e584acf4,3baf9793,10.70%,10.70%,96689375,Ok,16/12/2025,15/12/2025,15/12/2026,100087368,Cli0008,rut0009,rut0009,UF,Directa,11,,,TRUE,FALSE,FALSE,,,,
ac67dd8d,Pro0034,17.00%,0.00%,,Ok,26/12/2025,26/12/2025,26/12/2026,7059100,49e131c3,464df1c0,464df1c0,UF,PAT,11,,,TRUE,TRUE,TRUE,,,,
34c36ce7,96b180f0,12.00%,0.00%,,Ok,22/12/2025,22/12/2025,22/12/2026,300541127,13cf8373,bf84f6ef,bf84f6ef,UF,PAT,11,,,TRUE,TRUE,TRUE,,,,
68d7e8aa,Pro0006,13.54%,0.00%,Eje0005,Cancelado,15/9/2025,29/10/2025,29/10/2026,432464,Cli0017,rut0022,rut0022,UF,PAT,11,,,TRUE,FALSE,TRUE,,29/10/2025,debe ser Anulada por venta materia,
02fa9689,Pro0034,17.00%,0.00%,,Ok,31/12/2025,31/12/2025,31/12/2026,7058067,Cli0111,rut0159,rut0159,UF,PAT,12,,,TRUE,TRUE,TRUE,,,,
378d4436,Pro0100,25.00%,25.00%,82c83736,Ok,2/1/2026,2/1/2026,2/1/2027,86158,Cli0129,rut0196,rut0196,UF,Directa,7,,,TRUE,TRUE,TRUE,,,,
ebcc3572,Pro0100,25.00%,25.00%,,Anulado,18/12/2025,2/1/2026,2/1/2027,86075,Cli0129,rut0196,,UF,,1,,,TRUE,FALSE,FALSE,,,Cabio por pol 86158 por aumento de plan en cía,
b15bee89,Pro0039,30.00%,0.00%,,Cancelado,18/12/2025,24/1/2026,24/1/2027,144062654,Cli0042,rut0059,rut0059,UF,PAT,10,,,TRUE,FALSE,TRUE,,19/3/2026,A solucitud del cliente por refinanciamiento hipotecario,
f07a045b,Pro0034,17.00%,0.00%,Eje0005,Anulado,18/12/2025,30/1/2026,30/1/2027,7068955,Cli0111,rut0159,rut0159,UF,PAT,12,,,TRUE,FALSE,TRUE,,,Reemplazada por Pol 7058500,
4eeec35b,Pro0077,15.00%,0.00%,Eje0003,Anulado,28/1/2026,31/1/2026,31/1/2027,OP218891,Cli0102,rut0146,rut0146,UF,Directa,12,,,TRUE,FALSE,TRUE,,,Reemplazada por Pol QP1210435,
6823a021,Pro0032,17.00%,0.00%,Eje0001,Anulado,18/12/2025,19/1/2026,19/1/2027,QP1203768,Cli0083,rut0120,rut0120,UF,Directa,12,,,TRUE,FALSE,FALSE,,,Reemplazada por la pol QP1208490,
73953dda,Pro0047,16.00%,0.00%,Eje0002,Ok,2/1/2026,31/1/2026,31/1/2027,300542320,Cli0081,rut0118,rut0118,UF,PAT,10,,,TRUE,TRUE,TRUE,,,,
89c30c2c,Pro0047,11.00%,0.00%,Eje0002,Ok,2/1/2026,31/1/2026,31/1/2027,300543606,Cli0045,rut0061,rut0061,UF,PAT,10,,,TRUE,TRUE,TRUE,,,,
24bebbb1,Pro0032,15.00%,0.00%,Eje0001,Anulado,18/12/2025,31/1/2026,31/1/2027,QP1203812,Cli0003,rut0003,rut0003,UF,Directa,12,,,TRUE,FALSE,TRUE,,,Reemplazada por póliza QP1209126,
fd5d2dbd,Pro0032,17.00%,0.00%,Eje0001,Anulado,18/12/2026,31/1/2026,31/1/2027,QP1204063,Cli0093,rut0128,rut0128,UF,Directa,12,,,TRUE,FALSE,FALSE,,,Reemplazada por pol QP1208728,
dd06fc9b,Pro0034,17.00%,0.00%,Eje0005,Cancelado,18/12/2025,31/1/2026,31/1/2027,7068863,Cli0012,rut0013,rut0013,UF,PAC,12,,,TRUE,FALSE,TRUE,,9/3/2026,Cancelar a solicitud de la Cliente,
6f77f7a2,Pro0034,17.00%,0.00%,Eje0005,Cancelado,18/12/2025,31/1/2026,31/1/2027,7068974,Cli0012,rut0013,rut0013,UF,PAC,12,,,TRUE,FALSE,TRUE,,27/2/2026,Cancelada por cambio a pol 8147129,
b49a85dc,Pro0032,17.00%,0.00%,Eje0001,Anulado,18/12/2025,31/1/2026,31/1/2027,QP1203672,Cli0101,rut0145,rut0145,UF,Directa,1,,,TRUE,FALSE,FALSE,,,Reemplazada por pol QP1208737,
4b5a6e9e,Pro0032,17.00%,0.00%,Eje0001,Anulado,18/12/2026,31/1/2026,31/1/2027,QP1203723,Cli0101,rut0143,rut0143,UF,Directa,1,,,TRUE,FALSE,FALSE,,,Reemplazada por pol QP1208733,
091af608,Pro0032,17.00%,0.00%,Eje0001,Anulado,18/12/2025,31/1/2026,31/1/2027,QP1203731,Cli0064,rut0089,rut0089,UF,Directa,12,,,TRUE,FALSE,FALSE,,,Reemplazada por pol QP1208745,
3e4ce098,Pro0032,17.00%,0.00%,Eje0001,Anulado,18/12/2025,31/1/2026,31/1/2027,QP1204065,Cli0064,rut0091,rut0091,UF,Directa,12,,,TRUE,FALSE,FALSE,,,Reemplazada por Pol QP1208750,
8ae86143,Pro0015,15.00%,0.00%,Eje0006,Anulado,9/12/2025,27/1/2026,27/1/2027,25108551,Cli0110,rut0158,rut0158,UF,PAT,12,,,TRUE,FALSE,TRUE,,,Anulada por Pérdida total. Motor fundió durante la vigencia de la pol anterior,
e98353a7,Pro0032,17.00%,0.00%,Eje0001,Ok,13/1/2026,19/1/2026,19/1/2027,QP1208490,Cli0083,rut0120,rut0120,UF,Directa,12,,,TRUE,TRUE,FALSE,,,,
71b3d440,Pro0032,17.00%,0.00%,Eje0001,Ok,14/1/2026,31/1/2026,31/1/2027,QP1208728,Cli0093,rut0128,rut0128,UF,PAT,12,,,TRUE,TRUE,FALSE,,,Reemplaza Pol QP1204063,
5613b4e6,Pro0032,17.00%,0.00%,Eje0001,Ok,14/1/2026,31/1/2026,31/1/2027,QP1208733,Cli0101,rut0143,,UF,Directa,1,,,TRUE,TRUE,TRUE,,,,
063e1f41,Pro0032,17.00%,0.00%,Eje0001,Ok,14/1/2026,31/1/2026,31/1/2027,QP1208737,Cli0101,rut0145,,UF,Directa,1,,,TRUE,TRUE,TRUE,,,,
3fb6a15b,Pro0032,17.00%,0.00%,Eje0001,Ok,14/1/2026,31/1/2026,31/1/2027,QP1208745,Cli0064,rut0089,rut0091,UF,PAT,12,,,TRUE,TRUE,TRUE,,,,
1dd16a71,Pro0032,17.00%,0.00%,Eje0001,Ok,14/1/2026,31/1/2026,31/1/2027,QP1208750,Cli0064,rut0091,rut0091,UF,PAT,12,,,TRUE,TRUE,TRUE,,,,
8cff200d,Pro0034,17.00%,0.00%,Eje0012,Ok,14/1/2026,30/1/2026,30/1/2027,7058500,Cli0111,rut0159,rut0159,UF,PAT,12,,,TRUE,TRUE,FALSE,,,,
c7673ca8,Pro0032,15.00%,0.00%,Eje0001,Ok,19/1/2026,31/1/2026,31/1/2027,QP1209126,Cli0003,rut0003,rut0003,UF,Directa,12,,,TRUE,TRUE,TRUE,,,,
527880c6,Pro0032,17.00%,0.00%,Eje0001,Ok,20/1/2026,4/2/2026,4/2/2027,QP1209293,Cli0046,rut0064,rut0064,UF,Directa,12,,,TRUE,TRUE,FALSE,,,,
61beadd7,Pro0110,14.00%,0.00%,Eje0001,Ok,21/1/2026,21/1/2026,21/1/2027,QP1209407,Cli0103,rut0149,rut0149,UF,PAT,12,,,TRUE,TRUE,FALSE,,,,
861954f5,Pro0005,10.00%,0.00%,Eje0001,Ok,23/1/2026,22/1/2026,22/1/2027,OP218368,Cli0068,rut0096,rut0096,UF,Directa,12,,,TRUE,TRUE,TRUE,,,,
538f9acf,b023eff5,10.51%,0.00%,,Ok,28/1/2026,28/1/2026,28/1/2027,827836,Cli0064,590d718b,590d718b,UF,Directa,1,,,TRUE,TRUE,FALSE,,,,
9577cc21,Pro0032,17.00%,0.00%,Eje0001,Ok,26/1/2026,26/1/2026,26/1/2027,QP1209977,b372eafb,93df6c68,93df6c68,UF,PAT,12,,,TRUE,TRUE,FALSE,,,,
1cdb8e22,Pro0068,16.00%,0.00%,Eje0002,Ok,29/1/2026,8/2/2026,8/2/2027,500014526,Cli0068,rut0096,rut0096,UF,Directa,8,,,TRUE,TRUE,TRUE,,,,
126fc801,Pro0082,14.00%,0.00%,Eje0001,Ok,29/1/2026,29/1/2026,29/1/2027,QP1210303,Cli0015,rut0017,rut0017,UF,Directa,12,,,TRUE,TRUE,FALSE,,,,
8544d8f1,2b2307fb,15.00%,0.00%,Eje0010,Ok,12/2/2026,12/2/2026,12/2/2027,597553,Cli0112,rut0183,rut0183,UF,PAT,12,,,TRUE,TRUE,FALSE,,,,
218baf40,e4d0ec2f,13.45%,13.45%,Eje0010,Ok,12/1/2026,23/2/2026,23/2/2027,20634470,Cli0075,rut0110,rut0110,UF,Directa,10,,,TRUE,TRUE,TRUE,,,,
0f97710e,Pro0032,17.00%,0.00%,Eje0001,Ok,30/1/2026,31/1/2026,31/1/2027,QP1210435,Cli0102,rut0146,rut0146,UF,Directa,12,,,TRUE,TRUE,FALSE,,,,
69567346,4fdf4801,10.50%,0.00%,Eje0010,Ok,6/2/2026,4/2/2026,4/2/2027,830651,Cli0119,rut0180,rut0180,UF,PAT,12,,,TRUE,TRUE,FALSE,,,,
64003e8e,Pro0099,17.00%,0.00%,5d69d156,Ok,7/2/2026,10/2/2026,10/2/2027,QP1210929,Cli0110,rut0158,rut0158,UF,PAT,12,,,TRUE,TRUE,FALSE,,,,
aa4f1291,Pro0032,15.00%,0.00%,5d69d156,Ok,7/2/2026,7/2/2026,7/2/2027,QP1210934,d1a0804c,ab770ebe,ab770ebe,UF,PAT,12,,,TRUE,TRUE,FALSE,,,,
7dfe8fed,d8298774,10.00%,0.00%,5c3c14d2,Ok,5/8/2024,25/9/2024,25/9/2025,2651414-2,Cli0102,rut0146,ffd0ab77,UF,PAT,12,,,TRUE,TRUE,TRUE,,,,
f58c5d97,d8298774,10.00%,0.00%,5c3c14d2,Ok,5/8/2025,25/9/2025,25/9/2026,2651414-3,Cli0102,rut0146,ffd0ab77,UF,PAT,12,,,TRUE,TRUE,TRUE,,,,
15323d8a,Pro0083,14.00%,0.00%,Eje0006,Ok,4/3/2026,4/3/2026,4/3/2027,26535152,Cli0098,rut0134,rut0134,UF,PAT,11,,,TRUE,TRUE,FALSE,,,,
778607fc,Pro0032,17.00%,0.00%,5d69d156,Ok,24/2/2026,24/2/2026,24/2/2027,QP1213748,Cli0113,rut0167,rut0167,UF,PAT,12,,,TRUE,TRUE,FALSE,,,,
be6242a8,Pro0034,17.00%,0.00%,Eje0012,Ok,23/2/2026,23/2/2026,23/2/2027,8136407,3ae0be3d,ca6d987a,ca6d987a,UF,PAT,12,,,TRUE,TRUE,FALSE,,,,
bcdf49b7,130941a4,17.00%,0.00%,Eje0011,Ok,9/3/2026,9/3/2026,9/3/2027,2600377,Cli0012,rut0013,rut0013,UF,PAT,12,,,TRUE,TRUE,FALSE,,,,
5d947ab4,Pro0034,17.00%,0.00%,Eje0012,Ok,27/2/2026,27/2/2026,27/2/2027,8147129,Cli0012,rut0013,rut0013,UF,PAT,12,,,TRUE,TRUE,FALSE,,,,
1dbea262,Pro0032,17.00%,0.00%,5d69d156,Ok,28/2/2026,28/2/2026,28/2/2027,QP1214045,Cli0036,rut0047,rut0047,UF,PAT,12,,,TRUE,TRUE,TRUE,,,,
0aa0b1eb,Pro0032,17.00%,0.00%,5d69d156,Ok,26/2/2026,26/2/2026,26/2/2027,QP1213968,Cli0036,rut0047,rut0047,UF,PAT,12,,,TRUE,TRUE,TRUE,,,,
fdb68a3f,Pro0032,17.00%,0.00%,5d69d156,Ok,26/2/2026,26/2/2026,26/2/2027,QP1213941,Cli0132,rut0198,rut0198,UF,Directa,1,,,TRUE,TRUE,TRUE,,,Sol 18839652: Doble cobro de pol completa.,
990b9461,Pro0032,17.00%,0.00%,5d69d156,Anulado,22/1/2026,26/2/2026,26/2/2027,QP1209527,Cli0132,rut0198,rut0198,UF,Directa,1,,,TRUE,FALSE,TRUE,,,Reemplazada por pol QP1213941,
ee385778,Pro0015,15.00%,0.00%,829fad5e,Ok,9/2/2026,5/3/2026,5/3/2027,26010122,Cli0022,rut0027,rut0027,UF,PAT,12,,,TRUE,TRUE,TRUE,,,,
e8c76d47,Pro0038,23.00%,23.00%,Eje0011,Ok,19/2/2026,5/3/2026,5/3/2027,2602990-2,Cli0106,rut0152,rut0152,UF,PAC,11,,,TRUE,TRUE,TRUE,,,,
35ed3d04,Pro0043,15.00%,15.00%,Eje0003,Ok,27/2/2026,8/3/2026,8/3/2027,1609918,Cli0111,rut0159,rut0159,UF,PAT,10,,,TRUE,TRUE,TRUE,,,,
9db2cab3,Pro0043,18.00%,18.00%,Eje0003,Ok,27/2/2026,9/3/2026,9/3/2027,1609917,Cli0111,rut0166,rut0166,UF,PAC,11,,,TRUE,TRUE,TRUE,,,,
91b4c220,Pro0032,17.00%,0.00%,5d69d156,Ok,19/2/2026,7/3/2026,7/3/2027,QP1213278,Cli0093,rut0128,rut0128,UF,Directa,12,,,TRUE,TRUE,TRUE,,,,
b286b262,Pro0004,15.00%,15.00%,,Ok,19/2/2026,19/3/2026,19/3/2027,7658873,Cli0103,rut0149,rut0149,UF,Directa,6,,,TRUE,TRUE,TRUE,,,,
cb753825,Pro0078,15.00%,0.00%,Eje0001,Anulado,10/3/2026,7/3/2026,7/3/2027,OP219572,Cli0057,rut0080,rut0080,UF,Directa,12,,,TRUE,FALSE,TRUE,,,Anulada por cambio a pol QP1214327,
4f382fb9,Pro0070,15.00%,0.00%,Eje0007,Ok,2/3/2026,19/3/2026,19/3/2027,101360,Cli0103,rut0149,rut0149,UF,PAT,6,,,TRUE,TRUE,TRUE,,,,
842e948f,Pro0069,18.00%,0.00%,Eje0003,Ok,19/2/2026,27/3/2026,27/3/2027,3075375,Cli0040,rut0056,rut0056,UF,Directa,10,,,TRUE,TRUE,TRUE,,,,
0d2ce436,Pro0015,15.00%,0.00%,Eje0006,Ok,9/2/2026,20/3/2026,20/3/2027,26009876,Cli0030,rut0039,rut0039,UF,PAT,12,,,TRUE,TRUE,TRUE,,,,
c918e9be,Pro0099,17.00%,0.00%,5d69d156,Ok,2/3/2026,6/3/2026,6/3/2027,QP1214110,Cli0101,rut0144,rut0144,UF,PAT,1,,,TRUE,TRUE,TRUE,,,,
87142d52,Pro0032,17.00%,0.00%,5d69d156,Anulado,19/2/2026,6/3/2026,6/3/2027,QP1213205,Cli0101,rut0144,,UF,Directa,1,,,TRUE,FALSE,FALSE,,,Anular por cambio a pol QP1214110,
b233aeee,Pro0032,17.00%,0.00%,Eje0001,Anulado,19/2/2026,4/3/2026,4/3/2027,QP1213214,Cli0033,rut0043,rut0043,UF,PAT,1,,,TRUE,FALSE,TRUE,,,Anular por cambio a pol QP1214266,
28cbe33a,Pro0099,17.00%,0.00%,5d69d156,Ok,4/3/2026,4/3/2026,4/3/2027,QP1214266,Cli0033,rut0043,rut0043,UF,PAT,12,,,TRUE,TRUE,FALSE,,,,
ae359c90,Pro0032,17.00%,0.00%,5d69d156,Ok,5/3/2026,7/3/2026,7/3/2027,QP1214327,Cli0057,rut0080,rut0080,UF,PAT,12,,,TRUE,TRUE,FALSE,,,,
76315657,4fdf4801,10.50%,0.00%,Eje0010,Anulado,9/3/2026,9/3/2026,9/3/2027,Nula,Cli0121,rut0185,rut0185,UF,PAT,12,,,FALSE,FALSE,FALSE,,,Propuesta,
76c6f684,Pro0051,10.00%,0.00%,Eje0010,Anulado,6/3/2026,6/3/2026,6/3/2027,Pendiente,Cli0121,rut0185,rut0185,UF,PAT,12,,,FALSE,FALSE,FALSE,,,Solo se acepta pago al contado y cargo a tarjeta de credito. El cliente no tiene tarjeta de credito,
663a6900,65ea03fc,12.00%,0.00%,5d69d156,Ok,16/3/2026,16/3/2026,16/3/2027,OP222030,Cli0032,rut0041,rut0041,UF,Directa,11,,,TRUE,TRUE,FALSE,,,,
7a699e07,b023eff5,10.50%,0.00%,Eje0010,Ok,12/3/2026,12/3/2026,12/3/2027,836260,188bf0ee,1d711659,1d711659,UF,Directa,3,,,TRUE,TRUE,FALSE,,,,
711fb40c,Pro0032,17.00%,0.00%,5d69d156,Ok,16/3/2026,16/3/2026,16/3/2027,QP1216132,674f9f0f,2644dba2,2644dba2,UF,PAT,12,,,TRUE,TRUE,FALSE,,,,
c22287da,Pro0063,10.50%,0.00%,Eje0010,Ok,12/3/2026,27/3/2026,27/3/2027,836277,Cli0040,rut0057,rut0057,UF,Directa,10,,,TRUE,TRUE,TRUE,,,,
5c8b178e,Pro0063,10.50%,0.00%,Eje0010,Ok,12/3/2026,27/3/2026,27/3/2027,836276,Cli0040,rut0057,rut0057,UF,Directa,10,,,TRUE,TRUE,TRUE,,,,
f165efdc,Pro0032,17.00%,0.00%,Eje0001,Ok,25/3/2026,25/3/2026,25/3/2027,QP1217590,85805ffa,9bd1ff83,9bd1ff83,UF,Directa,12,,,TRUE,TRUE,FALSE,,,,
c72c35ed,e7334ec9,0.00%,10.00%,829fad5e,Ok,24/3/2026,1/4/2026,1/4/2027,26023844,Cli0068,rut0096,rut0096,CLP,Directa,1,,,TRUE,TRUE,FALSE,,,,
8126f25b,e7334ec9,0.00%,10.00%,829fad5e,Ok,26/3/2026,1/4/2026,1/4/2027,26023843,Cli0068,rut0096,rut0096,CLP,Directa,1,,,TRUE,TRUE,FALSE,,,,
1dd80b27,e7334ec9,0.00%,10.00%,829fad5e,Ok,26/3/2026,1/4/2026,1/4/2027,26023842,Cli0068,rut0096,rut0096,CLP,Directa,1,,,TRUE,TRUE,FALSE,,,,
3a9386ac,e7334ec9,0.00%,10.00%,829fad5e,Ok,26/3/2026,1/4/2026,1/4/2027,26023841,Cli0068,rut0096,rut0096,CLP,Directa,1,,,TRUE,TRUE,FALSE,,,,
945b4595,e7334ec9,0.00%,10.00%,829fad5e,Ok,26/3/2026,1/4/2026,1/4/2027,26023840,Cli0068,rut0096,rut0096,CLP,Directa,1,,,TRUE,TRUE,FALSE,,,,
bc371268,e7334ec9,0.00%,10.00%,829fad5e,Ok,26/3/2026,1/4/2026,1/4/2027,26024203,Cli0068,rut0096,rut0096,CLP,Directa,1,,,TRUE,TRUE,FALSE,,,,
48aab7e9,e7334ec9,0.00%,10.00%,829fad5e,Ok,26/3/2026,1/4/2026,1/4/2027,26023839,Cli0068,rut0096,rut0096,CLP,Directa,1,,,TRUE,TRUE,FALSE,,,,
0e446ef9,e7334ec9,0.00%,10.00%,829fad5e,Ok,26/3/2026,1/4/2026,1/4/2027,26023838,Cli0068,rut0096,rut0096,CLP,Directa,1,,,TRUE,TRUE,FALSE,,,,
1f873d71,e7334ec9,0.00%,10.00%,829fad5e,Ok,26/3/2026,1/4/2026,1/4/2027,26023836,Cli0068,rut0096,rut0096,CLP,Directa,1,,,TRUE,TRUE,FALSE,,,,
ce951e52,e7334ec9,0.00%,10.00%,829fad5e,Ok,26/3/2026,1/4/2026,1/4/2027,26023835,Cli0068,rut0096,rut0096,CLP,Directa,1,,,TRUE,TRUE,FALSE,,,,
55591332,e7334ec9,0.00%,10.00%,829fad5e,Ok,26/3/2026,1/4/2026,1/4/2027,26023834,Cli0068,rut0096,rut0096,CLP,Directa,1,,,TRUE,TRUE,FALSE,,,,
6a4273e8,e7334ec9,0.00%,10.00%,829fad5e,Ok,26/3/2026,1/4/2026,1/4/2027,26023845,Cli0068,rut0096,rut0096,CLP,Directa,1,,,TRUE,TRUE,FALSE,,,,
e6dd779d,ee15c670,16.19%,16.19%,Eje0011,Ok,26/3/2026,26/3/2026,26/3/2027,144063820,49e131c3,464df1c0,464df1c0,UF,PAT,10,,,TRUE,TRUE,FALSE,,,,
c6244feb,e7334ec9,0.00%,10.00%,829fad5e,Ok,26/3/2026,1/4/2026,1/4/2027,26024721,Cli0068,rut0096,rut0096,CLP,Directa,1,,,TRUE,TRUE,FALSE,,,,
e25f4ff6,e7334ec9,0.00%,10.00%,829fad5e,Ok,26/3/2026,1/4/2026,1/4/2027,26024204,Cli0068,rut0096,rut0096,CLP,Directa,1,,,TRUE,TRUE,FALSE,,,,
73707a89,e7334ec9,0.00%,10.00%,829fad5e,Ok,26/3/2026,1/4/2026,1/4/2027,26023846,Cli0068,rut0096,rut0096,CLP,Directa,1,,,TRUE,TRUE,FALSE,,,,
7f586818,e7334ec9,0.00%,10.00%,829fad5e,Ok,26/3/2026,1/4/2026,1/4/2027,26660024,Cli0102,rut0146,rut0146,CLP,Directa,1,,,TRUE,TRUE,FALSE,,,,
0e35ebec,Pro0111,13.00%,0.00%,Eje0002,Ok,31/3/2026,31/3/2026,31/3/2027,300559146,Cli0113,rut0167,rut0167,UF,PAT,11,,,TRUE,TRUE,FALSE,,,,
738bb159,Pro0032,17.00%,0.00%,Eje0001,Ok,20/3/2026,4/4/2026,4/4/2027,QP1216901,Cli0127,rut0194,rut0193,UF,Directa,1,,,TRUE,TRUE,TRUE,,,,
40dd730d,dfff688c,8.00%,8.00%,Eje0010,Ok,10/4/2026,8/4/2026,8/4/2027,20640803,Cli0092,rut0139,rut0139,UF,Directa,10,,,TRUE,TRUE,TRUE,,,,
edfb5fc6,Pro0083,14.00%,0.00%,Eje0006,Ok,20/3/2026,15/4/2026,15/4/2027,26535343,Cli0041,rut0058,rut0058,UF,PAT,12,,,TRUE,TRUE,TRUE,,,,
fc481f80,Pro0034,17.00%,0.00%,Eje0012,Anulado,20/3/2026,25/4/2026,25/4/2027,8150862,Cli0056,rut0078,rut0078,UF,PAT,1,,,FALSE,FALSE,TRUE,,,Anular por cambio a pol 8157768,
619fbb0f,Pro0034,17.00%,0.00%,Eje0012,Ok,2/4/2026,25/4/2026,25/4/2027,8157768,Cli0056,rut0078,rut0078,UF,PAT,12,,,TRUE,TRUE,FALSE,,,,
dcaaafc0,Pro0032,17.00%,0.00%,Eje0001,Anulado,20/3/2026,28/4/2026,28/4/2027,QP1216937,Cli0098,rut0135,rut0135,UF,PAT,12,,,TRUE,FALSE,TRUE,,,Anular por cambio a pol QP1218233,
d70adad7,Pro0015,15.00%,0.00%,Eje0006,Anulado,17/3/2026,29/4/2026,29/4/2027,26022656,Cli0049,rut0070,rut0070,UF,PAT,12,,,TRUE,FALSE,TRUE,,,Anular desde inicio por cambio del cliente,
c411fa00,Pro0032,17.00%,0.00%,5d69d156,Ok,2/4/2026,28/4/2026,28/4/2027,QP1218233,Cli0098,rut0135,rut0135,UF,PAT,12,,,TRUE,TRUE,FALSE,,,,
a06a38ca,Pro0034,17.00%,0.00%,Eje0012,Ok,7/4/2026,7/4/2026,7/4/2027,8157907,Cli0111,rut0160,rut0160,UF,PAT,12,,,TRUE,TRUE,FALSE,,,,
4b5b8cf7,Pro0080,0.00%,0.00%,Eje0003,Ok,10/4/2026,15/4/2026,15/4/2027,1626040,Cli0029,rut0037,rut0037,UF,Directa,1,,,FALSE,TRUE,TRUE,,,,
859c919e,Pro0079,0.00%,0.00%,Eje0003,Ok,10/4/2026,15/4/2026,15/4/2027,1626039,Cli0029,rut0037,rut0037,UF,Directa,1,,,FALSE,TRUE,TRUE,,,,
de07449d,Pro0043,18.00%,18.00%,Eje0003,Ok,14/4/2026,17/4/2026,17/4/2027,1627413,Cli0111,rut0165,rut0165,UF,PAC,10,,,TRUE,TRUE,TRUE,,,,
8f97448b,Pro0107,18.00%,8.00%,Eje0003,Ok,14/4/2026,28/4/2026,28/4/2027,1627412,Cli0111,rut0159,rut0159,UF,PAC,10,,,TRUE,TRUE,TRUE,,,,
da6291c9,Pro0099,17.00%,0.00%,Eje0001,Ok,16/4/2026,29/4/2026,29/4/2027,QP1220370,Cli0049,rut0070,rut0070,UF,PAT,12,,,TRUE,TRUE,FALSE,,,,16/4/2026rut00702f6462fa
,,,,,,,,,,,,,,,,,,,,,,,,
2336038d,Pro0082,14.00%,0.00%,Eje0001,Ok,21/4/2026,2/5/2026,2/5/2027,QP1221037,Cli0056,rut0079,rut0079,UF,PAT,12,,,TRUE,TRUE,FALSE,,,,19/03/26rut0079
5bb456ac,e5f28b1c,17.00%,0.00%,c4303f66,Ok,23/4/2026,23/4/2026,23/4/2027,2600504,a132a63a,cb5f9788,cb5f9788,UF,PAT,12,,,TRUE,TRUE,FALSE,,,,22/04/26cb5f978888243327
2808be11,81cf4227,10.00%,10.00%,Eje0003,Ok,30/4/2026,28/4/2026,28/4/2027,1631845,Cli0111,rut0159,rut0159,UF,PAT,11,,,TRUE,TRUE,FALSE,,,,21/04/26rut01595eb7179c
c80c7c91,Pro0099,17.00%,0.00%,Eje0001,Ok,5/5/2026,4/5/2026,4/5/2027,QP1222140,674f9f0f,f2cb894d,2644dba2,UF,PAT,12,,,TRUE,TRUE,FALSE,,,,29/04/26f2cb894d76d27fc5
aeba357c,Pro0108,12.00%,0.00%,Eje0012,Ok,7/5/2026,16/5/2026,16/5/2027,8088827,Cli0040,rut0056,rut0056,UF,Directa,10,,,TRUE,TRUE,TRUE,,,,02/04/26rut0056
0e8f3562,e5f28b1c,17.00%,0.00%,c4303f66,Ok,4/5/2026,4/5/2026,4/5/2027,Pendiente,Cli0127,rut0195,rut0195,UF,PAT,12,,,TRUE,TRUE,FALSE,,,,28/04/26rut0195e34e12d1
7cdb67be,e7334ec9,0.00%,10.00%,829fad5e,Ok,4/5/2026,4/5/2026,4/5/2027,Pendiente,Cli0127,rut0195,rut0195,CLP,Directa,1,,,TRUE,TRUE,TRUE,,,,28/04/26rut01950a7fbeb8
e8572cba,Pro0032,17.00%,0.00%,Eje0001,Ok,5/5/2026,5/5/2026,5/5/2027,Pendiente,Cli0010,rut0011,rut0011,UF,PAT,12,,,TRUE,TRUE,FALSE,,,,29/04/26rut0011d89aca51
94f62af4,Pro0110,14.00%,0.00%,Eje0001,Ok,7/5/2026,7/5/2026,7/5/2027,QP1222446,Cli0040,rut0057,rut0055,UF,Directa,12,,,TRUE,TRUE,TRUE,,,,30/04/26rut00576bf84959
,,,,,,,,,,,,,,,,,,FALSE,FALSE,FALSE,FALSE,,,
,,,,,,,,,,,,,,,,,,FALSE,FALSE,FALSE,FALSE,,,
,,,,,,,,,,,,,,,,,,FALSE,FALSE,FALSE,FALSE,,,
,,,,,,,,,,,,,,,,,,FALSE,FALSE,FALSE,FALSE,,,
,,,,,,,,,,,,,,,,,,FALSE,FALSE,FALSE,FALSE,,,
,,,,,,,,,,,,,,,,,,FALSE,FALSE,FALSE,FALSE,,,
,,,,,,,,,,,,,,,,,,FALSE,FALSE,FALSE,FALSE,,,
,,,,,,,,,,,,,,,,,,FALSE,FALSE,FALSE,FALSE,,,
,,,,,,,,,,,,,,,,,,FALSE,FALSE,FALSE,FALSE,,,
,,,,,,,,,,,,,,,,,,FALSE,FALSE,FALSE,FALSE,,,
,,,,,,,,,,,,,,,,,,FALSE,FALSE,FALSE,FALSE,,,
,,,,,,,,,,,,,,,,,,FALSE,FALSE,FALSE,FALSE,,,
,,,,,,,,,,,,,,,,,,FALSE,FALSE,FALSE,FALSE,,,
,,,,,,,,,,,,,,,,,,FALSE,FALSE,FALSE,FALSE,,,
,,,,,,,,,,,,,,,,,,FALSE,FALSE,FALSE,FALSE,,,
,,,,,,,,,,,,,,,,,,FALSE,FALSE,FALSE,FALSE,,,
,,,,,,,,,,,,,,,,,,FALSE,FALSE,FALSE,FALSE,,,
,,,,,,,,,,,,,,,,,,FALSE,FALSE,FALSE,FALSE,,,
,,,,,,,,,,,,,,,,,,FALSE,FALSE,FALSE,FALSE,,,
,,,,,,,,,,,,,,,,,,FALSE,FALSE,FALSE,FALSE,,,
,,,,,,,,,,,,,,,,,,FALSE,FALSE,FALSE,FALSE,,,
,,,,,,,,,,,,,,,,,,FALSE,FALSE,FALSE,FALSE,,,
,,,,,,,,,,,,,,,,,,FALSE,FALSE,FALSE,FALSE,,,
,,,,,,,,,,,,,,,,,,FALSE,FALSE,FALSE,FALSE,,,
,,,,,,,,,,,,,,,,,,FALSE,FALSE,FALSE,FALSE,,,
,,,,,,,,,,,,,,,,,,FALSE,FALSE,FALSE,FALSE,,,
,,,,,,,,,,,,,,,,,,FALSE,FALSE,FALSE,FALSE,,,
,,,,,,,,,,,,,,,,,,FALSE,FALSE,FALSE,FALSE,,,
,,,,,,,,,,,,,,,,,,FALSE,FALSE,FALSE,FALSE,,,
,,,,,,,,,,,,,,,,,,FALSE,FALSE,FALSE,FALSE,,,
,,,,,,,,,,,,,,,,,,FALSE,FALSE,FALSE,FALSE,,,
,,,,,,,,,,,,,,,,,,FALSE,FALSE,FALSE,FALSE,,,
,,,,,,,,,,,,,,,,,,FALSE,FALSE,FALSE,FALSE,,,
,,,,,,,,,,,,,,,,,,FALSE,FALSE,FALSE,FALSE,,,
,,,,,,,,,,,,,,,,,,FALSE,FALSE,FALSE,FALSE,,,
,,,,,,,,,,,,,,,,,,FALSE,FALSE,FALSE,FALSE,,,
,,,,,,,,,,,,,,,,,,FALSE,FALSE,FALSE,FALSE,,,
,,,,,,,,,,,,,,,,,,FALSE,FALSE,FALSE,FALSE,,,
,,,,,,,,,,,,,,,,,,FALSE,FALSE,FALSE,FALSE,,,
,,,,,,,,,,,,,,,,,,FALSE,FALSE,FALSE,FALSE,,,
,,,,,,,,,,,,,,,,,,FALSE,FALSE,FALSE,FALSE,,,
,,,,,,,,,,,,,,,,,,FALSE,FALSE,FALSE,FALSE,,,
,,,,,,,,,,,,,,,,,,FALSE,FALSE,FALSE,FALSE,,,
,,,,,,,,,,,,,,,,,,FALSE,FALSE,FALSE,FALSE,,,
,,,,,,,,,,,,,,,,,,FALSE,FALSE,FALSE,FALSE,,,
,,,,,,,,,,,,,,,,,,FALSE,FALSE,FALSE,FALSE,,,
,,,,,,,,,,,,,,,,,,FALSE,FALSE,FALSE,FALSE,,,
,,,,,,,,,,,,,,,,,,FALSE,FALSE,FALSE,FALSE,,,
,,,,,,,,,,,,,,,,,,FALSE,FALSE,FALSE,FALSE,,,
,,,,,,,,,,,,,,,,,,FALSE,FALSE,FALSE,FALSE,,,
,,,,,,,,,,,,,,,,,,FALSE,FALSE,FALSE,FALSE,,,
,,,,,,,,,,,,,,,,,,FALSE,FALSE,FALSE,FALSE,,,
,,,,,,,,,,,,,,,,,,FALSE,FALSE,FALSE,FALSE,,,
,,,,,,,,,,,,,,,,,,FALSE,FALSE,FALSE,FALSE,,,
,,,,,,,,,,,,,,,,,,FALSE,FALSE,FALSE,FALSE,,,
,,,,,,,,,,,,,,,,,,FALSE,FALSE,FALSE,FALSE,,,
,,,,,,,,,,,,,,,,,,FALSE,FALSE,FALSE,FALSE,,,
,,,,,,,,,,,,,,,,,,FALSE,FALSE,FALSE,FALSE,,,
,,,,,,,,,,,,,,,,,,FALSE,FALSE,FALSE,FALSE,,,
,,,,,,,,,,,,,,,,,,FALSE,FALSE,FALSE,FALSE,,,
,,,,,,,,,,,,,,,,,,FALSE,FALSE,FALSE,FALSE,,,
,,,,,,,,,,,,,,,,,,FALSE,FALSE,FALSE,FALSE,,,
,,,,,,,,,,,,,,,,,,FALSE,FALSE,FALSE,FALSE,,,
,,,,,,,,,,,,,,,,,,FALSE,FALSE,FALSE,FALSE,,,
,,,,,,,,,,,,,,,,,,FALSE,FALSE,FALSE,FALSE,,,
,,,,,,,,,,,,,,,,,,FALSE,FALSE,FALSE,FALSE,,,
,,,,,,,,,,,,,,,,,,FALSE,FALSE,FALSE,FALSE,,,
,,,,,,,,,,,,,,,,,,FALSE,FALSE,FALSE,FALSE,,,
,,,,,,,,,,,,,,,,,,FALSE,FALSE,FALSE,FALSE,,,
,,,,,,,,,,,,,,,,,,FALSE,FALSE,FALSE,FALSE,,,
,,,,,,,,,,,,,,,,,,FALSE,FALSE,FALSE,FALSE,,,
,,,,,,,,,,,,,,,,,,FALSE,FALSE,FALSE,FALSE,,,
,,,,,,,,,,,,,,,,,,FALSE,FALSE,FALSE,FALSE,,,
,,,,,,,,,,,,,,,,,,FALSE,FALSE,FALSE,FALSE,,,
,,,,,,,,,,,,,,,,,,FALSE,FALSE,FALSE,FALSE,,,
,,,,,,,,,,,,,,,,,,FALSE,FALSE,FALSE,FALSE,,,
,,,,,,,,,,,,,,,,,,FALSE,FALSE,FALSE,FALSE,,,
,,,,,,,,,,,,,,,,,,FALSE,FALSE,FALSE,FALSE,,,
,,,,,,,,,,,,,,,,,,FALSE,FALSE,FALSE,FALSE,,,
,,,,,,,,,,,,,,,,,,FALSE,FALSE,FALSE,FALSE,,,
,,,,,,,,,,,,,,,,,,FALSE,FALSE,FALSE,FALSE,,,
,,,,,,,,,,,,,,,,,,FALSE,FALSE,FALSE,FALSE,,,
,,,,,,,,,,,,,,,,,,FALSE,FALSE,FALSE,FALSE,,,
,,,,,,,,,,,,,,,,,,FALSE,FALSE,FALSE,FALSE,,,
,,,,,,,,,,,,,,,,,,FALSE,FALSE,FALSE,FALSE,,,
,,,,,,,,,,,,,,,,,,FALSE,FALSE,FALSE,FALSE,,,
,,,,,,,,,,,,,,,,,,FALSE,FALSE,FALSE,FALSE,,,
,,,,,,,,,,,,,,,,,,FALSE,FALSE,FALSE,FALSE,,,
,,,,,,,,,,,,,,,,,,FALSE,FALSE,FALSE,FALSE,,,
,,,,,,,,,,,,,,,,,,FALSE,FALSE,FALSE,FALSE,,,
,,,,,,,,,,,,,,,,,,FALSE,FALSE,FALSE,FALSE,,,
,,,,,,,,,,,,,,,,,,FALSE,FALSE,FALSE,FALSE,,,
,,,,,,,,,,,,,,,,,,FALSE,FALSE,FALSE,FALSE,,,
,,,,,,,,,,,,,,,,,,FALSE,FALSE,FALSE,FALSE,,,
,,,,,,,,,,,,,,,,,,FALSE,FALSE,FALSE,FALSE,,,
,,,,,,,,,,,,,,,,,,FALSE,FALSE,FALSE,FALSE,,,
,,,,,,,,,,,,,,,,,,FALSE,FALSE,FALSE,FALSE,,,
,,,,,,,,,,,,,,,,,,FALSE,FALSE,FALSE,FALSE,,,
,,,,,,,,,,,,,,,,,,FALSE,FALSE,FALSE,FALSE,,,
,,,,,,,,,,,,,,,,,,FALSE,FALSE,FALSE,FALSE,,,
,,,,,,,,,,,,,,,,,,FALSE,FALSE,FALSE,FALSE,,,
,,,,,,,,,,,,,,,,,,FALSE,FALSE,FALSE,FALSE,,,
,,,,,,,,,,,,,,,,,,FALSE,FALSE,FALSE,FALSE,,,
,,,,,,,,,,,,,,,,,,FALSE,FALSE,FALSE,FALSE,,,
,,,,,,,,,,,,,,,,,,FALSE,FALSE,FALSE,FALSE,,,
,,,,,,,,,,,,,,,,,,FALSE,FALSE,FALSE,FALSE,,,
,,,,,,,,,,,,,,,,,,FALSE,FALSE,FALSE,FALSE,,,
,,,,,,,,,,,,,,,,,,FALSE,FALSE,FALSE,FALSE,,,
,,,,,,,,,,,,,,,,,,FALSE,FALSE,FALSE,FALSE,,,
,,,,,,,,,,,,,,,,,,FALSE,FALSE,FALSE,FALSE,,,
,,,,,,,,,,,,,,,,,,FALSE,FALSE,FALSE,FALSE,,,
,,,,,,,,,,,,,,,,,,FALSE,FALSE,FALSE,FALSE,,,
,,,,,,,,,,,,,,,,,,FALSE,FALSE,FALSE,FALSE,,,
,,,,,,,,,,,,,,,,,,FALSE,FALSE,FALSE,FALSE,,,
,,,,,,,,,,,,,,,,,,FALSE,FALSE,FALSE,FALSE,,,
,,,,,,,,,,,,,,,,,,FALSE,FALSE,FALSE,FALSE,,,
,,,,,,,,,,,,,,,,,,FALSE,FALSE,FALSE,FALSE,,,
,,,,,,,,,,,,,,,,,,FALSE,FALSE,FALSE,FALSE,,,
,,,,,,,,,,,,,,,,,,FALSE,FALSE,FALSE,FALSE,,,
,,,,,,,,,,,,,,,,,,FALSE,FALSE,FALSE,FALSE,,,
,,,,,,,,,,,,,,,,,,FALSE,FALSE,FALSE,FALSE,,,
,,,,,,,,,,,,,,,,,,FALSE,FALSE,FALSE,FALSE,,,
,,,,,,,,,,,,,,,,,,FALSE,FALSE,FALSE,FALSE,,,
,,,,,,,,,,,,,,,,,,FALSE,FALSE,FALSE,FALSE,,,
,,,,,,,,,,,,,,,,,,FALSE,FALSE,FALSE,FALSE,,,
,,,,,,,,,,,,,,,,,,FALSE,FALSE,FALSE,FALSE,,,
,,,,,,,,,,,,,,,,,,FALSE,FALSE,FALSE,FALSE,,,
,,,,,,,,,,,,,,,,,,FALSE,FALSE,FALSE,FALSE,,,
,,,,,,,,,,,,,,,,,,FALSE,FALSE,FALSE,FALSE,,,
,,,,,,,,,,,,,,,,,,FALSE,FALSE,FALSE,FALSE,,,
,,,,,,,,,,,,,,,,,,FALSE,FALSE,FALSE,FALSE,,,
,,,,,,,,,,,,,,,,,,FALSE,FALSE,FALSE,FALSE,,,
,,,,,,,,,,,,,,,,,,FALSE,FALSE,FALSE,FALSE,,,
,,,,,,,,,,,,,,,,,,FALSE,FALSE,FALSE,FALSE,,,
,,,,,,,,,,,,,,,,,,FALSE,FALSE,FALSE,FALSE,,,
,,,,,,,,,,,,,,,,,,FALSE,FALSE,FALSE,FALSE,,,
,,,,,,,,,,,,,,,,,,FALSE,FALSE,FALSE,FALSE,,,
,,,,,,,,,,,,,,,,,,FALSE,FALSE,FALSE,FALSE,,,
,,,,,,,,,,,,,,,,,,FALSE,FALSE,FALSE,FALSE,,,
,,,,,,,,,,,,,,,,,,FALSE,FALSE,FALSE,FALSE,,,
,,,,,,,,,,,,,,,,,,FALSE,FALSE,FALSE,FALSE,,,
,,,,,,,,,,,,,,,,,,FALSE,FALSE,FALSE,FALSE,,,
,,,,,,,,,,,,,,,,,,FALSE,FALSE,FALSE,FALSE,,,
,,,,,,,,,,,,,,,,,,FALSE,FALSE,FALSE,FALSE,,,
,,,,,,,,,,,,,,,,,,FALSE,FALSE,FALSE,FALSE,,,
,,,,,,,,,,,,,,,,,,FALSE,FALSE,FALSE,FALSE,,,
,,,,,,,,,,,,,,,,,,FALSE,FALSE,FALSE,FALSE,,,
,,,,,,,,,,,,,,,,,,FALSE,FALSE,FALSE,FALSE,,,
,,,,,,,,,,,,,,,,,,FALSE,FALSE,FALSE,FALSE,,,
,,,,,,,,,,,,,,,,,,FALSE,FALSE,FALSE,FALSE,,,
,,,,,,,,,,,,,,,,,,FALSE,FALSE,FALSE,FALSE,,,
,,,,,,,,,,,,,,,,,,FALSE,FALSE,FALSE,FALSE,,,
,,,,,,,,,,,,,,,,,,FALSE,FALSE,FALSE,FALSE,,,
,,,,,,,,,,,,,,,,,,FALSE,FALSE,FALSE,FALSE,,,
,,,,,,,,,,,,,,,,,,FALSE,FALSE,FALSE,FALSE,,,
,,,,,,,,,,,,,,,,,,FALSE,FALSE,FALSE,FALSE,,,
,,,,,,,,,,,,,,,,,,FALSE,FALSE,FALSE,FALSE,,,
,,,,,,,,,,,,,,,,,,FALSE,FALSE,FALSE,FALSE,,,
,,,,,,,,,,,,,,,,,,FALSE,FALSE,FALSE,FALSE,,,
,,,,,,,,,,,,,,,,,,FALSE,FALSE,FALSE,FALSE,,,
,,,,,,,,,,,,,,,,,,FALSE,FALSE,FALSE,FALSE,,,
,,,,,,,,,,,,,,,,,,FALSE,FALSE,FALSE,FALSE,,,
,,,,,,,,,,,,,,,,,,FALSE,FALSE,FALSE,FALSE,,,
,,,,,,,,,,,,,,,,,,FALSE,FALSE,FALSE,FALSE,,,
,,,,,,,,,,,,,,,,,,FALSE,FALSE,FALSE,FALSE,,,
,,,,,,,,,,,,,,,,,,FALSE,FALSE,FALSE,FALSE,,,
,,,,,,,,,,,,,,,,,,FALSE,FALSE,FALSE,FALSE,,,
,,,,,,,,,,,,,,,,,,FALSE,FALSE,FALSE,FALSE,,,
,,,,,,,,,,,,,,,,,,FALSE,FALSE,FALSE,FALSE,,,
,,,,,,,,,,,,,,,,,,FALSE,FALSE,FALSE,FALSE,,,
,,,,,,,,,,,,,,,,,,FALSE,FALSE,FALSE,FALSE,,,
,,,,,,,,,,,,,,,,,,FALSE,FALSE,FALSE,FALSE,,,
,,,,,,,,,,,,,,,,,,FALSE,FALSE,FALSE,FALSE,,,
,,,,,,,,,,,,,,,,,,FALSE,FALSE,FALSE,FALSE,,,
,,,,,,,,,,,,,,,,,,FALSE,FALSE,FALSE,FALSE,,,
,,,,,,,,,,,,,,,,,,FALSE,FALSE,FALSE,FALSE,,,
,,,,,,,,,,,,,,,,,,FALSE,FALSE,FALSE,FALSE,,,
,,,,,,,,,,,,,,,,,,FALSE,FALSE,FALSE,FALSE,,,
,,,,,,,,,,,,,,,,,,FALSE,FALSE,FALSE,FALSE,,,
,,,,,,,,,,,,,,,,,,FALSE,FALSE,FALSE,FALSE,,,
,,,,,,,,,,,,,,,,,,FALSE,FALSE,FALSE,FALSE,,,
,,,,,,,,,,,,,,,,,,FALSE,FALSE,FALSE,FALSE,,,
,,,,,,,,,,,,,,,,,,FALSE,FALSE,FALSE,FALSE,,,
,,,,,,,,,,,,,,,,,,FALSE,FALSE,FALSE,FALSE,,,
,,,,,,,,,,,,,,,,,,FALSE,FALSE,FALSE,FALSE,,,
,,,,,,,,,,,,,,,,,,FALSE,FALSE,FALSE,FALSE,,,
,,,,,,,,,,,,,,,,,,FALSE,FALSE,FALSE,FALSE,,,
,,,,,,,,,,,,,,,,,,FALSE,FALSE,FALSE,FALSE,,,
,,,,,,,,,,,,,,,,,,FALSE,FALSE,FALSE,FALSE,,,
,,,,,,,,,,,,,,,,,,FALSE,FALSE,FALSE,FALSE,,,
,,,,,,,,,,,,,,,,,,FALSE,FALSE,FALSE,FALSE,,,
,,,,,,,,,,,,,,,,,,FALSE,FALSE,FALSE,FALSE,,,
,,,,,,,,,,,,,,,,,,FALSE,FALSE,FALSE,FALSE,,,
,,,,,,,,,,,,,,,,,,FALSE,FALSE,FALSE,FALSE,,,
,,,,,,,,,,,,,,,,,,FALSE,FALSE,FALSE,FALSE,,,
,,,,,,,,,,,,,,,,,,FALSE,FALSE,FALSE,FALSE,,,
,,,,,,,,,,,,,,,,,,FALSE,FALSE,FALSE,FALSE,,,
,,,,,,,,,,,,,,,,,,FALSE,FALSE,FALSE,FALSE,,,
,,,,,,,,,,,,,,,,,,FALSE,FALSE,FALSE,FALSE,,,
,,,,,,,,,,,,,,,,,,FALSE,FALSE,FALSE,FALSE,,,
,,,,,,,,,,,,,,,,,,FALSE,FALSE,FALSE,FALSE,,,
,,,,,,,,,,,,,,,,,,FALSE,FALSE,FALSE,FALSE,,,
,,,,,,,,,,,,,,,,,,FALSE,FALSE,FALSE,FALSE,,,
,,,,,,,,,,,,,,,,,,FALSE,FALSE,FALSE,FALSE,,,
,,,,,,,,,,,,,,,,,,FALSE,FALSE,FALSE,FALSE,,,
,,,,,,,,,,,,,,,,,,FALSE,FALSE,FALSE,FALSE,,,
,,,,,,,,,,,,,,,,,,FALSE,FALSE,FALSE,FALSE,,,
,,,,,,,,,,,,,,,,,,FALSE,FALSE,FALSE,FALSE,,,
,,,,,,,,,,,,,,,,,,FALSE,FALSE,FALSE,FALSE,,,
,,,,,,,,,,,,,,,,,,FALSE,FALSE,FALSE,FALSE,,,
,,,,,,,,,,,,,,,,,,FALSE,FALSE,FALSE,FALSE,,,
,,,,,,,,,,,,,,,,,,FALSE,FALSE,FALSE,FALSE,,,
,,,,,,,,,,,,,,,,,,FALSE,FALSE,FALSE,FALSE,,,
,,,,,,,,,,,,,,,,,,FALSE,FALSE,FALSE,FALSE,,,
,,,,,,,,,,,,,,,,,,FALSE,FALSE,FALSE,FALSE,,,
,,,,,,,,,,,,,,,,,,FALSE,FALSE,FALSE,FALSE,,,
,,,,,,,,,,,,,,,,,,FALSE,FALSE,FALSE,FALSE,,,
,,,,,,,,,,,,,,,,,,FALSE,FALSE,FALSE,FALSE,,,
,,,,,,,,,,,,,,,,,,FALSE,FALSE,FALSE,FALSE,,,
,,,,,,,,,,,,,,,,,,FALSE,FALSE,FALSE,FALSE,,,
,,,,,,,,,,,,,,,,,,FALSE,FALSE,FALSE,FALSE,,,
,,,,,,,,,,,,,,,,,,FALSE,FALSE,FALSE,FALSE,,,
,,,,,,,,,,,,,,,,,,FALSE,FALSE,FALSE,FALSE,,,
,,,,,,,,,,,,,,,,,,FALSE,FALSE,FALSE,FALSE,,,
,,,,,,,,,,,,,,,,,,FALSE,FALSE,FALSE,FALSE,,,
,,,,,,,,,,,,,,,,,,FALSE,FALSE,FALSE,FALSE,,,
,,,,,,,,,,,,,,,,,,FALSE,FALSE,FALSE,FALSE,,,
,,,,,,,,,,,,,,,,,,FALSE,FALSE,FALSE,FALSE,,,
,,,,,,,,,,,,,,,,,,FALSE,FALSE,FALSE,FALSE,,,
,,,,,,,,,,,,,,,,,,FALSE,FALSE,FALSE,FALSE,,,
,,,,,,,,,,,,,,,,,,FALSE,FALSE,FALSE,FALSE,,,
,,,,,,,,,,,,,,,,,,FALSE,FALSE,FALSE,FALSE,,,
,,,,,,,,,,,,,,,,,,FALSE,FALSE,FALSE,FALSE,,,
,,,,,,,,,,,,,,,,,,FALSE,FALSE,FALSE,FALSE,,,
,,,,,,,,,,,,,,,,,,FALSE,FALSE,FALSE,FALSE,,,
,,,,,,,,,,,,,,,,,,FALSE,FALSE,FALSE,FALSE,,,
,,,,,,,,,,,,,,,,,,FALSE,FALSE,FALSE,FALSE,,,
,,,,,,,,,,,,,,,,,,FALSE,FALSE,FALSE,FALSE,,,
,,,,,,,,,,,,,,,,,,FALSE,FALSE,FALSE,FALSE,,,
,,,,,,,,,,,,,,,,,,FALSE,FALSE,FALSE,FALSE,,,
,,,,,,,,,,,,,,,,,,FALSE,FALSE,FALSE,FALSE,,,
,,,,,,,,,,,,,,,,,,FALSE,FALSE,FALSE,FALSE,,,
,,,,,,,,,,,,,,,,,,FALSE,FALSE,FALSE,FALSE,,,
,,,,,,,,,,,,,,,,,,FALSE,FALSE,FALSE,FALSE,,,
,,,,,,,,,,,,,,,,,,FALSE,FALSE,FALSE,FALSE,,,
,,,,,,,,,,,,,,,,,,FALSE,FALSE,FALSE,FALSE,,,
,,,,,,,,,,,,,,,,,,FALSE,FALSE,FALSE,FALSE,,,
,,,,,,,,,,,,,,,,,,FALSE,FALSE,FALSE,FALSE,,,
,,,,,,,,,,,,,,,,,,FALSE,FALSE,FALSE,FALSE,,,
,,,,,,,,,,,,,,,,,,FALSE,FALSE,FALSE,FALSE,,,
,,,,,,,,,,,,,,,,,,FALSE,FALSE,FALSE,FALSE,,,
,,,,,,,,,,,,,,,,,,FALSE,FALSE,FALSE,FALSE,,,
,,,,,,,,,,,,,,,,,,FALSE,FALSE,FALSE,FALSE,,,
,,,,,,,,,,,,,,,,,,FALSE,FALSE,FALSE,FALSE,,,
,,,,,,,,,,,,,,,,,,FALSE,FALSE,FALSE,FALSE,,,
,,,,,,,,,,,,,,,,,,FALSE,FALSE,FALSE,FALSE,,,
,,,,,,,,,,,,,,,,,,FALSE,FALSE,FALSE,FALSE,,,
,,,,,,,,,,,,,,,,,,FALSE,FALSE,FALSE,FALSE,,,
,,,,,,,,,,,,,,,,,,FALSE,FALSE,FALSE,FALSE,,,
,,,,,,,,,,,,,,,,,,FALSE,FALSE,FALSE,FALSE,,,
,,,,,,,,,,,,,,,,,,FALSE,FALSE,FALSE,FALSE,,,
,,,,,,,,,,,,,,,,,,FALSE,FALSE,FALSE,FALSE,,,
,,,,,,,,,,,,,,,,,,FALSE,FALSE,FALSE,FALSE,,,
,,,,,,,,,,,,,,,,,,FALSE,FALSE,FALSE,FALSE,,,
,,,,,,,,,,,,,,,,,,FALSE,FALSE,FALSE,FALSE,,,
,,,,,,,,,,,,,,,,,,FALSE,FALSE,FALSE,FALSE,,,
,,,,,,,,,,,,,,,,,,FALSE,FALSE,FALSE,FALSE,,,
,,,,,,,,,,,,,,,,,,FALSE,FALSE,FALSE,FALSE,,,
,,,,,,,,,,,,,,,,,,FALSE,FALSE,FALSE,FALSE,,,
,,,,,,,,,,,,,,,,,,FALSE,FALSE,FALSE,FALSE,,,
,,,,,,,,,,,,,,,,,,FALSE,FALSE,FALSE,FALSE,,,
,,,,,,,,,,,,,,,,,,FALSE,FALSE,FALSE,FALSE,,,
,,,,,,,,,,,,,,,,,,FALSE,FALSE,FALSE,FALSE,,,
,,,,,,,,,,,,,,,,,,FALSE,FALSE,FALSE,FALSE,,,
,,,,,,,,,,,,,,,,,,FALSE,FALSE,FALSE,FALSE,,,
,,,,,,,,,,,,,,,,,,FALSE,FALSE,FALSE,FALSE,,,
,,,,,,,,,,,,,,,,,,FALSE,FALSE,FALSE,FALSE,,,
,,,,,,,,,,,,,,,,,,FALSE,FALSE,FALSE,FALSE,,,
,,,,,,,,,,,,,,,,,,FALSE,FALSE,FALSE,FALSE,,,
,,,,,,,,,,,,,,,,,,FALSE,FALSE,FALSE,FALSE,,,
,,,,,,,,,,,,,,,,,,FALSE,FALSE,FALSE,FALSE,,,
,,,,,,,,,,,,,,,,,,FALSE,FALSE,FALSE,FALSE,,,
,,,,,,,,,,,,,,,,,,FALSE,FALSE,FALSE,FALSE,,,
,,,,,,,,,,,,,,,,,,FALSE,FALSE,FALSE,FALSE,,,
,,,,,,,,,,,,,,,,,,FALSE,FALSE,FALSE,FALSE,,,
,,,,,,,,,,,,,,,,,,FALSE,FALSE,FALSE,FALSE,,,
,,,,,,,,,,,,,,,,,,FALSE,FALSE,FALSE,FALSE,,,
,,,,,,,,,,,,,,,,,,FALSE,FALSE,FALSE,FALSE,,,
,,,,,,,,,,,,,,,,,,FALSE,FALSE,FALSE,FALSE,,,
,,,,,,,,,,,,,,,,,,FALSE,FALSE,FALSE,FALSE,,,
,,,,,,,,,,,,,,,,,,FALSE,FALSE,FALSE,FALSE,,,
,,,,,,,,,,,,,,,,,,FALSE,FALSE,FALSE,FALSE,,,
,,,,,,,,,,,,,,,,,,FALSE,FALSE,FALSE,FALSE,,,
,,,,,,,,,,,,,,,,,,FALSE,FALSE,FALSE,FALSE,,,
,,,,,,,,,,,,,,,,,,FALSE,FALSE,FALSE,FALSE,,,
,,,,,,,,,,,,,,,,,,FALSE,FALSE,FALSE,FALSE,,,
,,,,,,,,,,,,,,,,,,FALSE,FALSE,FALSE,FALSE,,,
,,,,,,,,,,,,,,,,,,FALSE,FALSE,FALSE,FALSE,,,
,,,,,,,,,,,,,,,,,,FALSE,FALSE,FALSE,FALSE,,,
,,,,,,,,,,,,,,,,,,FALSE,FALSE,FALSE,FALSE,,,
,,,,,,,,,,,,,,,,,,FALSE,FALSE,FALSE,FALSE,,,
,,,,,,,,,,,,,,,,,,FALSE,FALSE,FALSE,FALSE,,,
,,,,,,,,,,,,,,,,,,FALSE,FALSE,FALSE,FALSE,,,
,,,,,,,,,,,,,,,,,,FALSE,FALSE,FALSE,FALSE,,,
,,,,,,,,,,,,,,,,,,FALSE,FALSE,FALSE,FALSE,,,
,,,,,,,,,,,,,,,,,,FALSE,FALSE,FALSE,FALSE,,,
,,,,,,,,,,,,,,,,,,FALSE,FALSE,FALSE,FALSE,,,
,,,,,,,,,,,,,,,,,,FALSE,FALSE,FALSE,FALSE,,,
,,,,,,,,,,,,,,,,,,FALSE,FALSE,FALSE,FALSE,,,
,,,,,,,,,,,,,,,,,,FALSE,FALSE,FALSE,FALSE,,,
,,,,,,,,,,,,,,,,,,FALSE,FALSE,FALSE,FALSE,,,
,,,,,,,,,,,,,,,,,,FALSE,FALSE,FALSE,FALSE,,,
,,,,,,,,,,,,,,,,,,FALSE,FALSE,FALSE,FALSE,,,
,,,,,,,,,,,,,,,,,,FALSE,FALSE,FALSE,FALSE,,,
,,,,,,,,,,,,,,,,,,FALSE,FALSE,FALSE,FALSE,,,
,,,,,,,,,,,,,,,,,,FALSE,FALSE,FALSE,FALSE,,,
,,,,,,,,,,,,,,,,,,FALSE,FALSE,FALSE,FALSE,,,
,,,,,,,,,,,,,,,,,,FALSE,FALSE,FALSE,FALSE,,,
,,,,,,,,,,,,,,,,,,FALSE,FALSE,FALSE,FALSE,,,
,,,,,,,,,,,,,,,,,,FALSE,FALSE,FALSE,FALSE,,,
,,,,,,,,,,,,,,,,,,FALSE,FALSE,FALSE,FALSE,,,
,,,,,,,,,,,,,,,,,,FALSE,FALSE,FALSE,FALSE,,,
,,,,,,,,,,,,,,,,,,FALSE,FALSE,FALSE,FALSE,,,
,,,,,,,,,,,,,,,,,,FALSE,FALSE,FALSE,FALSE,,,
,,,,,,,,,,,,,,,,,,FALSE,FALSE,FALSE,FALSE,,,
,,,,,,,,,,,,,,,,,,FALSE,FALSE,FALSE,FALSE,,,
,,,,,,,,,,,,,,,,,,FALSE,FALSE,FALSE,FALSE,,,
,,,,,,,,,,,,,,,,,,FALSE,FALSE,FALSE,FALSE,,,
,,,,,,,,,,,,,,,,,,FALSE,FALSE,FALSE,FALSE,,,
,,,,,,,,,,,,,,,,,,FALSE,FALSE,FALSE,FALSE,,,
,,,,,,,,,,,,,,,,,,FALSE,FALSE,FALSE,FALSE,,,
,,,,,,,,,,,,,,,,,,FALSE,FALSE,FALSE,FALSE,,,
,,,,,,,,,,,,,,,,,,FALSE,FALSE,FALSE,FALSE,,,
,,,,,,,,,,,,,,,,,,FALSE,FALSE,FALSE,FALSE,,,
,,,,,,,,,,,,,,,,,,FALSE,FALSE,FALSE,FALSE,,,
,,,,,,,,,,,,,,,,,,FALSE,FALSE,FALSE,FALSE,,,
,,,,,,,,,,,,,,,,,,FALSE,FALSE,FALSE,FALSE,,,
,,,,,,,,,,,,,,,,,,FALSE,FALSE,FALSE,FALSE,,,
,,,,,,,,,,,,,,,,,,FALSE,FALSE,FALSE,FALSE,,,
,,,,,,,,,,,,,,,,,,FALSE,FALSE,FALSE,FALSE,,,
,,,,,,,,,,,,,,,,,,FALSE,FALSE,FALSE,FALSE,,,
,,,,,,,,,,,,,,,,,,FALSE,FALSE,FALSE,FALSE,,,
,,,,,,,,,,,,,,,,,,FALSE,FALSE,FALSE,FALSE,,,
,,,,,,,,,,,,,,,,,,FALSE,FALSE,FALSE,FALSE,,,
,,,,,,,,,,,,,,,,,,FALSE,FALSE,FALSE,FALSE,,,
,,,,,,,,,,,,,,,,,,FALSE,FALSE,FALSE,FALSE,,,
,,,,,,,,,,,,,,,,,,FALSE,FALSE,FALSE,FALSE,,,
,,,,,,,,,,,,,,,,,,FALSE,FALSE,FALSE,FALSE,,,
,,,,,,,,,,,,,,,,,,FALSE,FALSE,FALSE,FALSE,,,
,,,,,,,,,,,,,,,,,,FALSE,FALSE,FALSE,FALSE,,,
,,,,,,,,,,,,,,,,,,FALSE,FALSE,FALSE,FALSE,,,
,,,,,,,,,,,,,,,,,,FALSE,FALSE,FALSE,FALSE,,,
,,,,,,,,,,,,,,,,,,FALSE,FALSE,FALSE,FALSE,,,
,,,,,,,,,,,,,,,,,,FALSE,FALSE,FALSE,FALSE,,,
,,,,,,,,,,,,,,,,,,FALSE,FALSE,FALSE,FALSE,,,
,,,,,,,,,,,,,,,,,,FALSE,FALSE,FALSE,FALSE,,,
,,,,,,,,,,,,,,,,,,FALSE,FALSE,FALSE,FALSE,,,
,,,,,,,,,,,,,,,,,,FALSE,FALSE,FALSE,FALSE,,,
,,,,,,,,,,,,,,,,,,FALSE,FALSE,FALSE,FALSE,,,
,,,,,,,,,,,,,,,,,,FALSE,FALSE,FALSE,FALSE,,,
,,,,,,,,,,,,,,,,,,FALSE,FALSE,FALSE,FALSE,,,
,,,,,,,,,,,,,,,,,,FALSE,FALSE,FALSE,FALSE,,,
,,,,,,,,,,,,,,,,,,FALSE,FALSE,FALSE,FALSE,,,
,,,,,,,,,,,,,,,,,,FALSE,FALSE,FALSE,FALSE,,,
,,,,,,,,,,,,,,,,,,FALSE,FALSE,FALSE,FALSE,,,
,,,,,,,,,,,,,,,,,,FALSE,FALSE,FALSE,FALSE,,,
,,,,,,,,,,,,,,,,,,FALSE,FALSE,FALSE,FALSE,,,
,,,,,,,,,,,,,,,,,,FALSE,FALSE,FALSE,FALSE,,,
,,,,,,,,,,,,,,,,,,FALSE,FALSE,FALSE,FALSE,,,
,,,,,,,,,,,,,,,,,,FALSE,FALSE,FALSE,FALSE,,,
,,,,,,,,,,,,,,,,,,FALSE,FALSE,FALSE,FALSE,,,
,,,,,,,,,,,,,,,,,,FALSE,FALSE,FALSE,FALSE,,,
,,,,,,,,,,,,,,,,,,FALSE,FALSE,FALSE,FALSE,,,
,,,,,,,,,,,,,,,,,,FALSE,FALSE,FALSE,FALSE,,,
,,,,,,,,,,,,,,,,,,FALSE,FALSE,FALSE,FALSE,,,
,,,,,,,,,,,,,,,,,,FALSE,FALSE,FALSE,FALSE,,,
,,,,,,,,,,,,,,,,,,FALSE,FALSE,FALSE,FALSE,,,
,,,,,,,,,,,,,,,,,,FALSE,FALSE,FALSE,FALSE,,,
,,,,,,,,,,,,,,,,,,FALSE,FALSE,FALSE,FALSE,,,
,,,,,,,,,,,,,,,,,,FALSE,FALSE,FALSE,FALSE,,,
,,,,,,,,,,,,,,,,,,FALSE,FALSE,FALSE,FALSE,,,
,,,,,,,,,,,,,,,,,,FALSE,FALSE,FALSE,FALSE,,,
,,,,,,,,,,,,,,,,,,FALSE,FALSE,FALSE,FALSE,,,
,,,,,,,,,,,,,,,,,,FALSE,FALSE,FALSE,FALSE,,,
,,,,,,,,,,,,,,,,,,FALSE,FALSE,FALSE,FALSE,,,
,,,,,,,,,,,,,,,,,,FALSE,FALSE,FALSE,FALSE,,,
,,,,,,,,,,,,,,,,,,FALSE,FALSE,FALSE,FALSE,,,
,,,,,,,,,,,,,,,,,,FALSE,FALSE,FALSE,FALSE,,,
,,,,,,,,,,,,,,,,,,FALSE,FALSE,FALSE,FALSE,,,
,,,,,,,,,,,,,,,,,,FALSE,FALSE,FALSE,FALSE,,,
,,,,,,,,,,,,,,,,,,FALSE,FALSE,FALSE,FALSE,,,
,,,,,,,,,,,,,,,,,,FALSE,FALSE,FALSE,FALSE,,,
,,,,,,,,,,,,,,,,,,FALSE,FALSE,FALSE,FALSE,,,
,,,,,,,,,,,,,,,,,,FALSE,FALSE,FALSE,FALSE,,,
,,,,,,,,,,,,,,,,,,FALSE,FALSE,FALSE,FALSE,,,
,,,,,,,,,,,,,,,,,,FALSE,FALSE,FALSE,FALSE,,,
,,,,,,,,,,,,,,,,,,FALSE,FALSE,FALSE,FALSE,,,
,,,,,,,,,,,,,,,,,,FALSE,FALSE,FALSE,FALSE,,,
,,,,,,,,,,,,,,,,,,FALSE,FALSE,FALSE,FALSE,,,
,,,,,,,,,,,,,,,,,,FALSE,FALSE,FALSE,FALSE,,,
,,,,,,,,,,,,,,,,,,FALSE,FALSE,FALSE,FALSE,,,
,,,,,,,,,,,,,,,,,,FALSE,FALSE,FALSE,FALSE,,,
,,,,,,,,,,,,,,,,,,FALSE,FALSE,FALSE,FALSE,,,
,,,,,,,,,,,,,,,,,,FALSE,FALSE,FALSE,FALSE,,,
,,,,,,,,,,,,,,,,,,FALSE,FALSE,FALSE,FALSE,,,
,,,,,,,,,,,,,,,,,,FALSE,FALSE,FALSE,FALSE,,,
,,,,,,,,,,,,,,,,,,FALSE,FALSE,FALSE,FALSE,,,
,,,,,,,,,,,,,,,,,,FALSE,FALSE,FALSE,FALSE,,,
,,,,,,,,,,,,,,,,,,FALSE,FALSE,FALSE,FALSE,,,
,,,,,,,,,,,,,,,,,,FALSE,FALSE,FALSE,FALSE,,,
,,,,,,,,,,,,,,,,,,FALSE,FALSE,FALSE,FALSE,,,
,,,,,,,,,,,,,,,,,,FALSE,FALSE,FALSE,FALSE,,,
,,,,,,,,,,,,,,,,,,FALSE,FALSE,FALSE,FALSE,,,
,,,,,,,,,,,,,,,,,,FALSE,FALSE,FALSE,FALSE,,,
,,,,,,,,,,,,,,,,,,FALSE,FALSE,FALSE,FALSE,,,
,,,,,,,,,,,,,,,,,,FALSE,FALSE,FALSE,FALSE,,,
,,,,,,,,,,,,,,,,,,FALSE,FALSE,FALSE,FALSE,,,
,,,,,,,,,,,,,,,,,,FALSE,FALSE,FALSE,FALSE,,,
,,,,,,,,,,,,,,,,,,FALSE,FALSE,FALSE,FALSE,,,
,,,,,,,,,,,,,,,,,,FALSE,FALSE,FALSE,FALSE,,,
,,,,,,,,,,,,,,,,,,FALSE,FALSE,FALSE,FALSE,,,
,,,,,,,,,,,,,,,,,,FALSE,FALSE,FALSE,FALSE,,,
,,,,,,,,,,,,,,,,,,FALSE,FALSE,FALSE,FALSE,,,
,,,,,,,,,,,,,,,,,,FALSE,FALSE,FALSE,FALSE,,,
,,,,,,,,,,,,,,,,,,FALSE,FALSE,FALSE,FALSE,,,
,,,,,,,,,,,,,,,,,,FALSE,FALSE,FALSE,FALSE,,,
,,,,,,,,,,,,,,,,,,FALSE,FALSE,FALSE,FALSE,,,
,,,,,,,,,,,,,,,,,,FALSE,FALSE,FALSE,FALSE,,,
,,,,,,,,,,,,,,,,,,FALSE,FALSE,FALSE,FALSE,,,
,,,,,,,,,,,,,,,,,,FALSE,FALSE,FALSE,FALSE,,,
,,,,,,,,,,,,,,,,,,FALSE,FALSE,FALSE,FALSE,,,
,,,,,,,,,,,,,,,,,,FALSE,FALSE,FALSE,FALSE,,,
,,,,,,,,,,,,,,,,,,FALSE,FALSE,FALSE,FALSE,,,
,,,,,,,,,,,,,,,,,,FALSE,FALSE,FALSE,FALSE,,,
,,,,,,,,,,,,,,,,,,FALSE,FALSE,FALSE,FALSE,,,
,,,,,,,,,,,,,,,,,,FALSE,FALSE,FALSE,FALSE,,,
,,,,,,,,,,,,,,,,,,FALSE,FALSE,FALSE,FALSE,,,
,,,,,,,,,,,,,,,,,,FALSE,FALSE,FALSE,FALSE,,,
,,,,,,,,,,,,,,,,,,FALSE,FALSE,FALSE,FALSE,,,
,,,,,,,,,,,,,,,,,,FALSE,FALSE,FALSE,FALSE,,,
,,,,,,,,,,,,,,,,,,FALSE,FALSE,FALSE,FALSE,,,
,,,,,,,,,,,,,,,,,,FALSE,FALSE,FALSE,FALSE,,,
,,,,,,,,,,,,,,,,,,FALSE,FALSE,FALSE,FALSE,,,
,,,,,,,,,,,,,,,,,,FALSE,FALSE,FALSE,FALSE,,,
,,,,,,,,,,,,,,,,,,FALSE,FALSE,FALSE,FALSE,,,
,,,,,,,,,,,,,,,,,,FALSE,FALSE,FALSE,FALSE,,,
,,,,,,,,,,,,,,,,,,FALSE,FALSE,FALSE,FALSE,,,
,,,,,,,,,,,,,,,,,,FALSE,FALSE,FALSE,FALSE,,,
,,,,,,,,,,,,,,,,,,FALSE,FALSE,FALSE,FALSE,,,
,,,,,,,,,,,,,,,,,,FALSE,FALSE,FALSE,FALSE,,,