ID,Activo?,Documento,N° Plan Pago,Fecha Documento,N° Cuotas,Afecta UF,Exenta UF,Afecta CLP,Exenta CLP,Afecta USD,Exenta USD,Valor Cuota,N° Cuota Distinta,Valor Cutoa Distinta,Vcto Cuota 0,Vcto Cuota 1,PDF,Firmado?,Enviado?,Recibo Envío,Comentarios,Cargado Cuota?
Doc0001,TRUE,Doc0001,.,23/2/2023,1,,,,,,,,,,,,,,,,,FALSE
Doc0002,TRUE,Doc0002,.,23/2/2023,1,,,,,,,,,,,,,,,,,FALSE
Doc0003,TRUE,Doc0003,.,30/8/2022,1,,,,,,,,,,,,,,,,,FALSE
Doc0004,FALSE,Doc0004,.,2/7/2022,12,,,,,,,,,,,,,,,,,FALSE
Doc0005,FALSE,Doc0005,.,2/7/2022,1,,,,,,,,,,,,,,,,,FALSE
Doc0006,TRUE,Doc0006,.,15/7/2022,12,,,,,,,,,,,,,,,,,FALSE
Doc0007,FALSE,Doc0007,.,20/7/2022,12,,,,,,,,,,,,,,,,,FALSE
Doc0008,FALSE,Doc0008,.,20/7/2022,1,,,,,,,,,,,,,,,,,FALSE
Doc0009,FALSE,Doc0009,.,2/8/2022,12,,,,,,,,,,,,,,,,,FALSE
Doc0010,FALSE,Doc0010,.,2/8/2022,1,,,,,,,,,,,,,,,,,FALSE
Doc0011,FALSE,Doc0011,.,11/8/2022,12,,,,,,,,,,,,,,,,,FALSE
Doc0012,FALSE,Doc0012,.,11/8/2022,1,,,,,,,,,,,,,,,,,FALSE
Doc0013,TRUE,Doc0013,.,22/8/2022,12,,,,,,,,,,,,,,,,,FALSE
Doc0014,FALSE,Doc0014,.,3/9/2022,12,,,,,,,,,,,,,,,,,FALSE
Doc0015,FALSE,Doc0015,.,3/9/2022,1,,,,,,,,,,,,,,,,,FALSE
Doc0016,FALSE,Doc0016,.,6/9/2022,12,,,,,,,,,,,,,,,,,FALSE
Doc0017,FALSE,Doc0017,.,6/9/2022,1,,,,,,,,,,,,,,,,,FALSE
Doc0018,TRUE,Doc0018,.,7/9/2022,12,,,,,,,,,,,,,,,,,FALSE
Doc0019,TRUE,Doc0019,.,11/2/2023,1,,,,,,,,,,,,,,,,,FALSE
Doc0020,TRUE,Doc0020,.,9/9/2022,12,,,,,,,,,,,,,,,,,FALSE
Doc0021,TRUE,Doc0021,.,13/9/2022,12,,,,,,,,,,,,,,,,,FALSE
Doc0022,TRUE,Doc0022,.,15/9/2022,12,,,,,,,,,,,,,,,,,FALSE
Doc0023,TRUE,Doc0023,.,22/9/2022,6,,,,,,,,,,,,,,,,,FALSE
Doc0024,TRUE,Doc0024,.,30/9/2022,10,,,,,,,,,,,,,,,,,FALSE
Doc0025,TRUE,Doc0025,.,4/10/2022,12,,,,,,,,,,,,,,,,,FALSE
Doc0026,FALSE,Doc0026,.,13/10/2022,12,,,,,,,,,,,,,,,,,FALSE
Doc0027,FALSE,Doc0027,.,13/10/2022,1,,,,,,,,,,,,,,,,,FALSE
Doc0028,FALSE,Doc0028,.,20/10/2022,12,,,,,,,,,,,,,,,,,FALSE
Doc0029,FALSE,Doc0029,.,20/10/2022,1,,,,,,,,,,,,,,,,,FALSE
Doc0030,TRUE,Doc0030,.,4/11/2022,11,,,,,,,,,,,,,,,,,FALSE
Doc0031,TRUE,Doc0031,.,4/11/2022,5,,,,,,,,,,,,,,,,,FALSE
Doc0032,TRUE,Doc0032,.,4/11/2022,3,,,,,,,,,,,,,,,,,FALSE
Doc0033,TRUE,Doc0033,.,4/11/2022,5,,,,,,,,,,,,,,,,,FALSE
Doc0034,FALSE,Doc0034,.,5/11/2022,12,,,,,,,,,,,,,,,,,FALSE
Doc0035,FALSE,Doc0035,.,5/11/2022,1,,,,,,,,,,,,,,,,,FALSE
Doc0036,TRUE,Doc0036,.,14/11/2022,10,,,,,,,,,,,,,,,,,FALSE
Doc0037,TRUE,Doc0037,.,21/11/2022,12,,,,,,,,,,,,,,,,,FALSE
Doc0038,TRUE,Doc0038,.,22/11/2022,12,,,,,,,,,,,,,,,,,FALSE
Doc0039,FALSE,Doc0039,.,23/11/2022,12,,,,,,,,,,,,,,,,,FALSE
Doc0040,FALSE,Doc0040,.,23/11/2022,1,,,,,,,,,,,,,,,,,FALSE
Doc0041,TRUE,Doc0041,.,27/11/2022,12,,,,,,,,,,,,,,,,,FALSE
Doc0042,TRUE,Doc0042,.,13/12/2022,11,,,,,,,,,,,,,,,,,FALSE
Doc0043,TRUE,Doc0043,.,14/12/2022,8,,,,,,,,,,,,,,,,,FALSE
Doc0044,TRUE,Doc0044,.,18/12/2022,1,,,,,,,,,,,,,,,,,FALSE
Doc0045,FALSE,Doc0045,.,21/12/2022,12,,,,,,,,,,,,,,,,,FALSE
Doc0046,FALSE,Doc0046,.,21/12/2022,1,,,,,,,,,,,,,,,,,FALSE
Doc0047,TRUE,Doc0047,.,22/12/2022,12,,,,,,,,,,,,,,,,,FALSE
Doc0048,TRUE,Doc0048,.,22/12/2022,10,,,,,,,,,,,,,,,,,FALSE
Doc0049,TRUE,Doc0049,.,29/12/2022,12,,,,,,,,,,,,,,,,,FALSE
Doc0050,TRUE,Doc0050,.,19/1/2023,12,,,,,,,,,,,,,,,,,FALSE
Doc0051,TRUE,Doc0051,.,22/1/2023,10,,,,,,,,,,,,,,,,,FALSE
Doc0052,TRUE,Doc0052,.,7/6/2023,1,,,,,,,,,,,,,,,,,FALSE
Doc0053,TRUE,Doc0053,.,25/1/2023,10,,,,,,,,,,,,,,,,,FALSE
Doc0054,TRUE,Doc0054,.,31/1/2023,10,,,,,,,,,,,,,,,,,FALSE
Doc0055,TRUE,Doc0055,.,31/1/2023,10,,,,,,,,,,,,,,,,,FALSE
Doc0056,TRUE,Doc0056,.,31/1/2023,10,,,,,,,,,,,,,,,,,FALSE
Doc0057,TRUE,Doc0057,.,31/1/2023,10,,,,,,,,,,,,,,,,,FALSE
Doc0058,TRUE,Doc0058,.,31/1/2023,10,,,,,,,,,,,,,,,,,FALSE
Doc0059,TRUE,Doc0059,.,31/1/2023,10,,,,,,,,,,,,,,,,,FALSE
Doc0060,TRUE,Doc0060,.,31/1/2023,10,,,,,,,,,,,,,,,,,FALSE
Doc0061,FALSE,Doc0061,.,31/1/2023,10,,,,,,,,,,,,,,,,,FALSE
Doc0062,FALSE,Doc0062,.,31/1/2023,10,,,,,,,,,,,,,,,,,FALSE
Doc0063,TRUE,Doc0063,.,31/1/2023,10,,,,,,,,,,,,,,,,,FALSE
Doc0064,TRUE,Doc0064,.,31/1/2023,10,,,,,,,,,,,,,,,,,FALSE
Doc0065,TRUE,Doc0065,.,31/1/2023,10,,,,,,,,,,,,,,,,,FALSE
Doc0066,TRUE,Doc0066,.,31/1/2023,10,,,,,,,,,,,,,,,,,FALSE
Doc0067,TRUE,Doc0067,.,31/1/2023,10,,,,,,,,,,,,,,,,,FALSE
Doc0068,TRUE,Doc0068,.,31/1/2023,10,,,,,,,,,,,,,,,,,FALSE
Doc0069,TRUE,Doc0069,.,31/1/2023,10,,,,,,,,,,,,,,,,,FALSE
Doc0070,TRUE,Doc0070,.,31/1/2023,10,,,,,,,,,,,,,,,,,FALSE
Doc0071,TRUE,Doc0071,.,31/1/2023,10,,,,,,,,,,,,,,,,,FALSE
Doc0072,TRUE,Doc0072,.,31/1/2023,10,,,,,,,,,,,,,,,,,FALSE
Doc0073,TRUE,Doc0073,.,31/1/2023,10,,,,,,,,,,,,,,,,,FALSE
Doc0074,TRUE,Doc0074,.,31/1/2023,10,,,,,,,,,,,,,,,,,FALSE
Doc0075,TRUE,Doc0075,.,31/1/2023,10,,,,,,,,,,,,,,,,,FALSE
Doc0076,TRUE,Doc0076,.,31/1/2023,10,,,,,,,,,,,,,,,,,FALSE
Doc0077,FALSE,Doc0077,.,31/1/2023,10,,,,,,,,,,,,,,,,,FALSE
Doc0078,FALSE,Doc0078,.,31/1/2023,10,,,,,,,,,,,,,,,,,FALSE
Doc0079,FALSE,Doc0079,.,31/1/2023,1,,,,,,,,,,,,,,,,,FALSE
Doc0080,FALSE,Doc0080,.,31/1/2023,1,,,,,,,,,,,,,,,,,FALSE
Doc0081,FALSE,Doc0081,.,31/1/2023,1,,,,,,,,,,,,,,,,,FALSE
Doc0082,FALSE,Doc0082,.,31/1/2023,1,,,,,,,,,,,,,,,,,FALSE
Doc0083,TRUE,Doc0083,.,17/2/2023,10,,,,,,,,,,,,,,,,,FALSE
Doc0084,TRUE,Doc0084,.,20/2/2023,10,,,,,,,,,,,,,,,,,FALSE
Doc0085,TRUE,Doc0085,.,8/3/2023,10,,,,,,,,,,,,,,,,,FALSE
Doc0086,TRUE,Doc0086,.,15/3/2023,10,,,,,,,,,,,,,,,,,FALSE
Doc0087,TRUE,Doc0087,.,15/3/2023,1,,,,,,,,,,,,,,,,,FALSE
Doc0088,TRUE,Doc0088,.,3/4/2023,9,,,,,,,,,,,,,,,,,FALSE
Doc0089,TRUE,Doc0089,.,5/5/2023,1,,,,,,,,,,,,,,,,,FALSE
Doc0090,TRUE,Doc0090,.,7/6/2023,1,,,,,,,,,,,,,,,,,FALSE
Doc0091,TRUE,Doc0091,.,8/6/2023,1,,,,,,,,,,,,,,,,,FALSE
Doc0092,TRUE,Doc0092,.,30/6/2023,1,,,,,,,,,,,,,,,,,FALSE
Doc0093,FALSE,Doc0093,.,4/7/2023,6,,,,,,,,,,,,,,,,,FALSE
Doc0094,FALSE,Doc0094,.,4/7/2023,6,,,,,,,,,,,,,,,,,FALSE
Doc0095,FALSE,Doc0095,.,4/7/2023,6,,,,,,,,,,,,,,,,,FALSE
Doc0096,FALSE,Doc0096,.,4/7/2023,6,,,,,,,,,,,,,,,,,FALSE
Doc0097,FALSE,Doc0097,.,4/7/2023,1,,,,,,,,,,,,,,,,,FALSE
Doc0098,FALSE,Doc0098,.,4/7/2023,1,,,,,,,,,,,,,,,,,FALSE
Doc0099,TRUE,Doc0099,.,11/7/2023,6,,,,,,,,,,,,,,,,,FALSE
Doc0100,TRUE,Doc0100,.,28/7/2023,1,,,,,,,,,,,,,,,,,FALSE
Doc0101,FALSE,Doc0101,.,4/7/2023,1,,,,,,,,,,,,,,,,,FALSE
Doc0102,FALSE,Doc0102,.,4/7/2023,1,,,,,,,,,,,,,,,,,FALSE
Doc0103,TRUE,Doc0103,.,22/8/2023,5,,,,,,,,,,,,,,,,,FALSE
Doc0104,TRUE,Doc0104,.,22/8/2023,5,,,,,,,,,,,,,,,,,FALSE
Doc0105,TRUE,Doc0105,.,30/8/2023,1,,,,,,,,,,,,,,,,,FALSE
Doc0106,TRUE,Doc0106,.,6/9/2023,4,,,,,,,,,,,,,,,,,FALSE
Doc0107,TRUE,Doc0107,.,20/9/2023,4,,,,,,,,,,,,,,,,,FALSE
Doc0108,TRUE,Doc0108,.,5/10/2023,3,,,,,,,,,,,,,,,,,FALSE
Doc0109,TRUE,Doc0109,.,23/10/2023,1,,,,,,,,,,,,,,,,,FALSE
Doc0110,TRUE,Doc0110,.,21/12/2023,1,,,,,,,,,,,,,,,,,FALSE
Doc0111,TRUE,Doc0111,.,16/1/2024,1,,,,,,,,,,,,,,,,,FALSE
Doc0112,TRUE,Doc0112,.,16/1/2024,1,,,,,,,,,,,,,,,,,FALSE
Doc0113,TRUE,Doc0113,.,1/2/2023,12,,,,,,,,,,,,,,,,,FALSE
Doc0114,FALSE,Doc0114,.,1/2/2023,10,,,,,,,,,,,,,,,,,FALSE
Doc0115,FALSE,Doc0115,.,1/2/2023,1,,,,,,,,,,,,,,,,,FALSE
Doc0116,TRUE,Doc0116,.,12/9/2023,1,,,,,,,,,,,,,,,,,FALSE
Doc0117,FALSE,Doc0117,.,26/2/2023,11,,,,,,,,,,,,,,,,,FALSE
Doc0118,FALSE,Doc0118,.,26/2/2023,1,,,,,,,,,,,,,,,,,FALSE
Doc0119,TRUE,Doc0119,.,2/3/2023,12,,,,,,,,,,,,,,,,,FALSE
Doc0120,TRUE,Doc0120,.,9/6/2023,1,,,,,,,,,,,,,,,,,FALSE
Doc0121,TRUE,Doc0121,.,4/3/2023,12,,,,,,,,,,,,,,,,,FALSE
Doc0122,TRUE,Doc0122,.,16/5/2023,1,,,,,,,,,,,,,,,,,FALSE
Doc0123,TRUE,Doc0123,.,6/3/2023,12,,,,,,,,,,,,,,,,,FALSE
Doc0124,TRUE,Doc0124,.,6/3/2023,12,,,,,,,,,,,,,,,,,FALSE
Doc0125,TRUE,Doc0125,.,8/3/2023,10,,,,,,,,,,,,,,,,,FALSE
Doc0126,TRUE,Doc0126,.,9/3/2023,11,,,,,,,,,,,,,,,,,FALSE
Doc0127,TRUE,Doc0127,.,9/3/2023,10,,,,,,,,,,,,,,,,,FALSE
Doc0128,TRUE,Doc0128,.,4/1/2024,1,,,,,,,,,,,,,,,,,FALSE
Doc0129,TRUE,Doc0129,.,15/4/2023,1,,,,,,,,,,,,,,,,,FALSE
Doc0130,TRUE,Doc0130,.,17/4/2023,10,,,,,,,,,,,,,,,,,FALSE
Doc0131,TRUE,Doc0131,.,19/4/2023,10,,,,,,,,,,,,,,,,,FALSE
Doc0132,TRUE,Doc0132,.,28/4/2023,12,,,,,,,,,,,,,,,,,FALSE
Doc0133,TRUE,Doc0133,.,10/5/2023,12,,,,,,,,,,,,,,,,,FALSE
Doc0134,TRUE,Doc0134,.,16/5/2023,10,,,,,,,,,,,,,,,,,FALSE
Doc0135,TRUE,Doc0135,.,2/6/2023,11,,,,,,,,,,,,,,,,,FALSE
Doc0136,TRUE,Doc0136,.,4/6/2023,10,,,,,,,,,,,,,,,,,FALSE
Doc0137,TRUE,Doc0137,.,5/10/2023,1,,,,,,,,,,,,,,,,,FALSE
Doc0138,TRUE,Doc0138,.,8/6/2023,10,,,,,,,,,,,,,,,,,FALSE
Doc0139,TRUE,Doc0139,.,23/3/2024,1,,,,,,,,,,,,,,,,,FALSE
Doc0140,TRUE,Doc0140,.,16/6/2023,10,,,,,,,,,,,,,,,,,FALSE
Doc0141,TRUE,Doc0141,.,22/6/2023,1,,,,,,,,,,,,,,,,,FALSE
Doc0142,TRUE,Doc0142,.,28/6/2023,10,,,,,,,,,,,,,,,,,FALSE
Doc0143,TRUE,Doc0143,.,30/6/2023,9,,,,,,,,,,,,,,,,,FALSE
Doc0144,TRUE,Doc0144,.,30/6/2023,10,,,,,,,,,,,,,,,,,FALSE
Doc0145,TRUE,Doc0145,.,30/6/2023,10,,,,,,,,,,,,,,,,,FALSE
Doc0146,TRUE,Doc0146,.,30/6/2023,10,,,,,,,,,,,,,,,,,FALSE
Doc0147,TRUE,Doc0147,.,31/7/2023,9,,,,,,,,,,,,,,,,,FALSE
Doc0148,TRUE,Doc0148,.,31/7/2023,1,,,,,,,,,,,,,,,,,FALSE
Doc0149,TRUE,Doc0149,.,31/7/2023,1,,,,,,,,,,,,,,,,,FALSE
Doc0150,TRUE,Doc0150,.,3/8/2023,8,,,,,,,,,,,,,,,,,FALSE
Doc0151,TRUE,Doc0151,.,4/8/2023,1,,,,,,,,,,,,,,,,,FALSE
Doc0152,TRUE,Doc0152,.,7/8/2023,8,,,,,,,,,,,,,,,,,FALSE
Doc0153,TRUE,Doc0153,.,31/8/2023,1,,,,,,,,,,,,,,,,,FALSE
Doc0154,TRUE,Doc0154,.,3/7/2023,1,,,,,,,,,,,,,,,,,FALSE
Doc0155,TRUE,Doc0155,.,6/7/2023,10,,,,,,,,,,,,,,,,,FALSE
Doc0156,TRUE,Doc0156,.,11/7/2023,11,,,,,,,,,,,,,,,,,FALSE
Doc0157,FALSE,Doc0157,.,15/7/2023,12,,,,,,,,,,,,,,,,,FALSE
Doc0158,FALSE,Doc0158,.,15/7/2023,1,,,,,,,,,,,,,,,,,FALSE
Doc0159,FALSE,Doc0159,.,19/7/2023,1,,,,,,,,,,,,,,,,,FALSE
Doc0160,TRUE,Doc0160,.,23/7/2023,1,,,,,,,,,,,,,,,,,FALSE
Doc0161,FALSE,Doc0161,.,11/8/2023,10,,,,,,,,,,,,,,,,,FALSE
Doc0162,FALSE,Doc0162,.,11/8/2023,1,,,,,,,,,,,,,,,,,FALSE
Doc0163,TRUE,Doc0163,.,17/8/2023,10,,,,,,,,,,,,,,,,,FALSE
Doc0164,TRUE,Doc0164,.,18/8/2023,12,,,,,,,,,,,,,,,,,FALSE
Doc0165,TRUE,Doc0165,.,22/8/2023,12,,,,,,,,,,,,,,,,,FALSE
Doc0166,TRUE,Doc0166,.,9/9/2023,12,,,,,,,,,,,,,,,,,FALSE
Doc0167,TRUE,Doc0167,.,13/9/2023,12,,,,,,,,,,,,,,,,,FALSE
Doc0168,TRUE,Doc0168,.,18/6/2024,1,,,,,,,,,,,,,,,,,FALSE
Doc0169,FALSE,Doc0169,.,15/9/2023,10,,,,,,,,,,,,,,,,,FALSE
Doc0170,FALSE,Doc0170,.,15/9/2023,1,,,,,,,,,,,,,,,,,FALSE
Doc0171,TRUE,Doc0171,.,22/9/2023,6,,,,,,,,,,,,,,,,,FALSE
Doc0172,TRUE,Doc0172,.,30/11/2023,3,,,,,,,,,,,,,,,,,FALSE
Doc0173,TRUE,Doc0173,.,4/10/2023,12,,,,,,,,,,,,,,,,,FALSE
Doc0174,TRUE,Doc0174,.,5/10/2023,10,,,,,,,,,,,,,,,,,FALSE
Doc0175,TRUE,Doc0175,.,7/5/2024,1,,,,,,,,,,,,,,,,,FALSE
Doc0176,TRUE,Doc0176,.,11/10/2023,10,,,,,,,,,,,,,,,,,FALSE
Doc0177,TRUE,Doc0177,.,25/10/2023,10,,,,,,,,,,,,,,,,,FALSE
Doc0178,TRUE,Doc0178,.,25/10/2023,10,,,,,,,,,,,,,,,,,FALSE
Doc0179,TRUE,Doc0179,.,15/3/2024,1,,,,,,,,,,,,,,,,,FALSE
Doc0180,TRUE,Doc0180,.,29/10/2023,11,,,,,,,,,,,,,,,,,FALSE
Doc0181,TRUE,Doc0181,.,4/11/2023,11,,,,,,,,,,,,,,,,,FALSE
Doc0182,TRUE,Doc0182,.,4/11/2023,5,,,,,,,,,,,,,,,,,FALSE
Doc0183,TRUE,Doc0183,.,4/11/2023,3,,,,,,,,,,,,,,,,,FALSE
Doc0184,TRUE,Doc0184,.,4/11/2023,5,,,,,,,,,,,,,,,,,FALSE
Doc0185,TRUE,Doc0185,.,6/11/2023,10,,,,,,,,,,,,,,,,,FALSE
Doc0186,TRUE,Doc0186,.,22/5/2024,1,,,,,,,,,,,,,,,,,FALSE
Doc0187,TRUE,Doc0187,.,11/11/2023,10,,,,,,,,,,,,,,,,,FALSE
Doc0188,TRUE,Doc0188,.,14/11/2023,10,,,,,,,,,,,,,,,,,FALSE
Doc0189,TRUE,Doc0189,.,15/11/2023,12,,,,,,,,,,,,,,,,,FALSE
Doc0190,TRUE,Doc0190,.,21/11/2023,12,,,,,,,,,,,,,,,,,FALSE
Doc0191,TRUE,Doc0191,.,22/11/2023,12,,,,,,,,,,,,,,,,,FALSE
Doc0192,TRUE,Doc0192,.,22/11/2023,1,,,,,,,,,,,,,,,,,FALSE
Doc0194,TRUE,Doc0194,.,23/11/2023,11,,,,,,,,,,,,,,,,,FALSE
Doc0195,TRUE,Doc0195,.,31/7/2024,1,,,,,,,,,,,,,,,,,FALSE
Doc0196,TRUE,Doc0196,.,24/11/2023,12,,,,,,,,,,,,,,,,,FALSE
Doc0197,TRUE,Doc0197,.,26/11/2023,10,,,,,,,,,,,,,,,,,FALSE
Doc0198,TRUE,Doc0198,.,26/11/2023,10,,,,,,,,,,,,,,,,,FALSE
Doc0199,TRUE,Doc0199,.,26/11/2023,10,,,,,,,,,,,,,,,,,FALSE
Doc0200,TRUE,Doc0200,.,27/11/2023,12,,,,,,,,,,,,,,,,,FALSE
Doc0201,TRUE,Doc0201,.,29/8/2024,1,,,,,,,,,,,,,,,,,FALSE
Doc0202,TRUE,Doc0202,.,12/12/2023,11,,,,,,,,,,,,,,,,,FALSE
Doc0203,TRUE,Doc0203,.,12/12/2023,10,,,,,,,,,,,,,,,,,FALSE
Doc0204,TRUE,Doc0204,.,4/10/2024,1,,,,,,,,,,,,,,,,,FALSE
Doc0205,TRUE,Doc0205,.,13/12/2023,12,,,,,,,,,,,,,,,,,FALSE
Doc0206,TRUE,Doc0206,.,4/6/2024,1,,,,,,,,,,,,,,,,,FALSE
Doc0207,TRUE,Doc0207,.,14/12/2023,11,,,,,,,,,,,,,,,,,FALSE
Doc0209,TRUE,Doc0209,.,18/12/2023,1,,,,,,,,,,,,,,,,,FALSE
Doc0210,TRUE,Doc0210,.,22/12/2023,12,,,,,,,,,,,,,,,,,FALSE
Doc0211,TRUE,Doc0211,.,22/12/2023,12,,,,,,,,,,,,,,,,,FALSE
Doc0212,TRUE,Doc0212,.,26/12/2023,12,,,,,,,,,,,,,,,,,FALSE
Doc0213,TRUE,Doc0213,.,26/12/2023,12,,,,,,,,,,,,,,,,,FALSE
Doc0214,TRUE,Doc0214,.,29/12/2023,12,,,,,,,,,,,,,,,,,FALSE
Doc0215,TRUE,Doc0215,.,29/12/2023,3,,,,,,,,,,,,,,,,,FALSE
Doc0216,TRUE,Doc0216,.,29/12/2023,3,,,,,,,,,,,,,,,,,FALSE
Doc0217,TRUE,Doc0217,.,29/12/2023,10,,,,,,,,,,,,,,,,,FALSE
Doc0218,FALSE,Doc0218,.,25/1/2024,1,,,,,,,,,,,,,,,,,FALSE
Doc0219,FALSE,Doc0219,.,25/1/2024,1,,,,,,,,,,,,,,,,,FALSE
Doc0220,TRUE,Doc0220,.,8/1/2024,12,,,,,,,,,,,,,,,,,FALSE
Doc0221,TRUE,Doc0221,.,19/1/2024,12,,,,,,,,,,,,,,,,,FALSE
Doc0222,TRUE,Doc0222,.,22/1/2024,12,,,,,,,,,,,,,,,,,FALSE
Doc0223,TRUE,Doc0223,.,25/1/2024,10,,,,,,,,,,,,,,,,,FALSE
Doc0224,FALSE,Doc0224,.,31/1/2024,1,,,,,,,,,,,,,,,,,FALSE
Doc0225,TRUE,Doc0225,.,31/1/2024,11,,,,,,,,,,,,,,,,,FALSE
Doc0226,TRUE,Doc0226,.,31/1/2024,10,,,,,,,,,,,,,,,,,FALSE
Doc0227,TRUE,Doc0227,.,31/1/2024,10,,,,,,,,,,,,,,,,,FALSE
Doc0228,TRUE,Doc0228,.,31/1/2024,12,,,,,,,,,,,,,,,,,FALSE
Doc0229,TRUE,Doc0229,.,31/1/2024,12,,,,,,,,,,,,,,,,,FALSE
Doc0230,TRUE,Doc0230,.,31/1/2024,12,,,,,,,,,,,,,,,,,FALSE
Doc0231,FALSE,Doc0231,.,31/1/2024,1,,,,,,,,,,,,,,,,,FALSE
Doc0232,FALSE,Doc0232,.,31/1/2024,1,,,,,,,,,,,,,,,,,FALSE
Doc0233,TRUE,Doc0233,.,31/1/2024,1,,,,,,,,,,,,,,,,,FALSE
Doc0234,TRUE,Doc0234,.,31/1/2024,10,,,,,,,,,,,,,,,,,FALSE
Doc0235,TRUE,Doc0235,.,31/1/2024,10,,,,,,,,,,,,,,,,,FALSE
Doc0236,FALSE,Doc0236,.,31/1/2024,1,,,,,,,,,,,,,,,,,FALSE
Doc0237,TRUE,Doc0237,.,31/1/2024,11,,,,,,,,,,,,,,,,,FALSE
Doc0238,TRUE,Doc0238,.,31/1/2024,11,,,,,,,,,,,,,,,,,FALSE
Doc0239,FALSE,Doc0239,.,31/1/2024,1,,,,,,,,,,,,,,,,,FALSE
Doc0240,TRUE,Doc0240,.,31/1/2024,10,,,,,,,,,,,,,,,,,FALSE
Doc0241,TRUE,Doc0241,.,31/1/2024,10,,,,,,,,,,,,,,,,,FALSE
Doc0242,TRUE,Doc0242,.,31/1/2024,10,,,,,,,,,,,,,,,,,FALSE
Doc0243,TRUE,Doc0243,.,31/1/2024,10,,,,,,,,,,,,,,,,,FALSE
Doc0244,TRUE,Doc0244,.,31/1/2024,10,,,,,,,,,,,,,,,,,FALSE
Doc0245,TRUE,Doc0245,.,31/1/2024,10,,,,,,,,,,,,,,,,,FALSE
Doc0246,TRUE,Doc0246,.,31/1/2024,10,,,,,,,,,,,,,,,,,FALSE
Doc0247,TRUE,Doc0247,.,31/1/2024,1,,,,,,,,,,,,,,,,,FALSE
Doc0248,TRUE,Doc0248,.,31/1/2024,1,,,,,,,,,,,,,,,,,FALSE
Doc0249,TRUE,Doc0249,.,31/1/2024,11,,,,,,,,,,,,,,,,,FALSE
Doc0250,FALSE,Doc0250,.,19/7/2023,1,,,,,,,,,,,,,,,,,FALSE
Doc0251,FALSE,Doc0251,.,31/1/2024,1,,,,,,,,,,,,,,,,,FALSE
Doc0252,TRUE,Doc0252,.,31/1/2024,12,,,,,,,,,,,,,,,,,FALSE
Doc0253,TRUE,Doc0253,.,31/1/2024,1,,,,,,,,,,,,,,,,,FALSE
Doc0254,TRUE,Doc0254,.,31/1/2024,10,,,,,,,,,,,,,,,,,FALSE
Doc0255,TRUE,Doc0255,.,31/1/2024,10,,,,,,,,,,,,,,,,,FALSE
Doc0256,FALSE,Doc0256,.,31/1/2024,1,,,,,,,,,,,,,,,,,FALSE
Doc0257,FALSE,Doc0257,.,31/1/2024,1,,,,,,,,,,,,,,,,,FALSE
Doc0258,FALSE,Doc0258,.,31/1/2024,1,,,,,,,,,,,,,,,,,FALSE
Doc0259,FALSE,Doc0259,.,31/1/2024,1,,,,,,,,,,,,,,,,,FALSE
Doc0260,FALSE,Doc0260,.,31/1/2024,1,,,,,,,,,,,,,,,,,FALSE
Doc0261,FALSE,Doc0261,.,31/1/2024,1,,,,,,,,,,,,,,,,,FALSE
Doc0262,TRUE,Doc0262,.,25/4/2024,1,,,,,,,,,,,,,,,,,FALSE
Doc0263,TRUE,Doc0263,.,24/6/2024,1,,,,,,,,,,,,,,,,,FALSE
Doc0264,TRUE,Doc0264,.,23/7/2024,1,,,,,,,,,,,,,,,,,FALSE
Doc0265,TRUE,Doc0265,.,31/7/2024,1,,,,,,,,,,,,,,,,,FALSE
Doc0266,TRUE,Doc0266,.,31/7/2024,1,,,,,,,,,,,,,,,,,FALSE
Doc0267,TRUE,Doc0267,.,8/8/2024,1,,,,,,,,,,,,,,,,,FALSE
Doc0268,TRUE,Doc0268,.,7/9/2024,1,,,,,,,,,,,,,,,,,FALSE
Doc0269,TRUE,Doc0269,.,23/1/2025,1,,,,,,,,,,,,,,,,,FALSE
Doc0271,TRUE,Doc0271,.,4/2/2024,11,,,,,,,,,,,,,,,,,FALSE
Doc0272,TRUE,Doc0272,.,8/1/2025,1,,,,,,,,,,,,,,,,,FALSE
Doc0273,TRUE,Doc0273,.,8/2/2024,8,,,,,,,,,,,,,,,,,FALSE
Doc0274,TRUE,Doc0274,.,23/2/2024,10,,,,,,,,,,,,,,,,,FALSE
Doc0275,TRUE,Doc0275,.,28/2/2024,11,,,,,,,,,,,,,,,,,FALSE
Doc0276,TRUE,Doc0276,.,28/2/2024,11,,,,,,,,,,,,,,,,,FALSE
Doc0277,TRUE,Doc0277,.,4/3/2024,11,,,,,,,,,,,,,,,,,FALSE
Doc0278,TRUE,Doc0278,.,5/3/2024,11,,,,,,,,,,,,,,,,,FALSE
Doc0279,TRUE,Doc0279,.,6/3/2024,12,,,,,,,,,,,,,,,,,FALSE
Doc0280,TRUE,Doc0280,.,6/3/2024,12,,,,,,,,,,,,,,,,,FALSE
Doc0281,TRUE,Doc0281,.,6/3/2024,12,,,,,,,,,,,,,,,,,FALSE
Doc0282,TRUE,Doc0282,.,8/3/2024,10,,,,,,,,,,,,,,,,,FALSE
Doc0283,TRUE,Doc0283,.,9/3/2024,11,,,,,,,,,,,,,,,,,FALSE
Doc0284,TRUE,Doc0284,.,7/2/2025,1,,,,,,,,,,,,,,,,,FALSE
Doc0285,TRUE,Doc0285,.,19/3/2024,6,,,,,,,,,,,,,,,,,FALSE
Doc0286,TRUE,Doc0286,.,19/3/2024,6,,,,,,,,,,,,,,,,,FALSE
Doc0287,TRUE,Doc0287,.,20/3/2024,12,,,,,,,,,,,,,,,,,FALSE
Doc0288,TRUE,Doc0288,.,27/3/2024,10,,,,,,,,,,,,,,,,,FALSE
Doc0289,FALSE,Doc0289,.,27/3/2024,10,,,,,,,,,,,,,,,,,FALSE
Doc0290,TRUE,Doc0290,.,27/3/2024,10,,,,,,,,,,,,,,,,,FALSE
Doc0291,FALSE,Doc0291,.,27/3/2024,10,,,,,,,,,,,,,,,,,FALSE
Doc0292,TRUE,Doc0292,.,27/3/2024,10,,,,,,,,,,,,,,,,,FALSE
Doc0293,TRUE,Doc0293,.,4/4/2024,1,,,,,,,,,,,,,,,,,FALSE
Doc0294,TRUE,Doc0294,.,9/3/2025,1,,,,,,,,,,,,,,,,,FALSE
Doc0295,TRUE,Doc0295,.,15/4/2024,1,,,,,,,,,,,,,,,,,FALSE
Doc0296,TRUE,Doc0296,.,15/4/2024,1,,,,,,,,,,,,,,,,,FALSE
Doc0297,TRUE,Doc0297,.,17/4/2024,10,,,,,,,,,,,,,,,,,FALSE
Doc0299,TRUE,Doc0299,.,25/4/2024,11,,,,,,,,,,,,,,,,,FALSE
Doc0300,TRUE,Doc0300,.,28/4/2024,12,,,,,,,,,,,,,,,,,FALSE
Doc0301,TRUE,Doc0301,.,29/4/2024,12,,,,,,,,,,,,,,,,,FALSE
Doc0302,TRUE,Doc0302,.,10/5/2024,11,,,,,,,,,,,,,,,,,FALSE
Doc0303,TRUE,Doc0303,.,13/2/2025,1,,,,,,,,,,,,,,,,,FALSE
Doc0304,TRUE,Doc0304,.,16/5/2024,10,,,,,,,,,,,,,,,,,FALSE
Doc0305,TRUE,Doc0305,.,31/5/2024,11,,,,,,,,,,,,,,,,,FALSE
Doc0306,FALSE,Doc0306,.,1/6/2024,1,,,,,,,,,,,,,,,,,FALSE
Doc0307,FALSE,Doc0307,.,1/6/2024,1,,,,,,,,,,,,,,,,,FALSE
Doc0308,TRUE,Doc0308,.,2/6/2024,11,,,,,,,,,,,,,,,,,FALSE
Doc0309,TRUE,Doc0309,.,4/6/2024,11,,,,,,,,,,,,,,,,,FALSE
Doc0310,TRUE,Doc0310,.,4/6/2024,12,,,,,,,,,,,,,,,,,FALSE
Doc0311,TRUE,Doc0311,.,6/6/2024,11,,,,,,,,,,,,,,,,,FALSE
Doc0312,TRUE,Doc0312,.,6/6/2024,1,,,,,,,,,,,,,,,,,FALSE
Doc0313,TRUE,Doc0313,.,16/6/2024,10,,,,,,,,,,,,,,,,,FALSE
Doc0314,TRUE,Doc0314,.,22/6/2024,1,,,,,,,,,,,,,,,,,FALSE
Doc0315,TRUE,Doc0315,.,27/8/2024,1,,,,,,,,,,,,,,,,,FALSE
Doc0316,TRUE,Doc0316,.,24/6/2024,11,,,,,,,,,,,,,,,,,FALSE
Doc0317,TRUE,Doc0317,.,28/6/2024,10,,,,,,,,,,,,,,,,,FALSE
Doc0318,TRUE,Doc0318,.,30/6/2024,10,,,,,,,,,,,,,,,,,FALSE
Doc0319,TRUE,Doc0319,.,30/6/2024,10,,,,,,,,,,,,,,,,,FALSE
Doc0320,TRUE,Doc0320,.,30/6/2024,10,,,,,,,,,,,,,,,,,FALSE
Doc0321,TRUE,Doc0321,.,3/7/2024,1,,,,,,,,,,,,,,,,,FALSE
Doc0322,TRUE,Doc0322,.,11/7/2024,11,,,,,,,,,,,,,,,,,FALSE
Doc0323,TRUE,Doc0323,.,23/7/2024,1,,,,,,,,,,,,,,,,,FALSE
Doc0324,TRUE,Doc0324,.,29/7/2024,12,,,,,,,,,,,,,,,,,FALSE
Doc0325,TRUE,Doc0325,.,31/7/2024,11,,,,,,,,,,,,,,,,,FALSE
Doc0326,TRUE,Doc0326,.,31/7/2024,11,,,,,,,,,,,,,,,,,FALSE
Doc0327,TRUE,Doc0327,.,31/7/2024,11,,,,,,,,,,,,,,,,,FALSE
Doc0328,TRUE,Doc0328,.,8/8/2024,11,,,,,,,,,,,,,,,,,FALSE
Doc0329,TRUE,Doc0329,.,22/1/2025,1,,,,,,,,,,,,,,,,,FALSE
Doc0330,TRUE,Doc0330,.,17/8/2024,10,,,,,,,,,,,,,,,,,FALSE
Doc0331,TRUE,Doc0331,.,18/8/2024,12,,,,,,,,,,,,,,,,,FALSE
Doc0332,TRUE,Doc0332,.,22/8/2024,12,,,,,,,,,,,,,,,,,FALSE
Doc0333,TRUE,Doc0333,.,29/8/2024,10,,,,,,,,,,,,,,,,,FALSE
Doc0334,TRUE,Doc0334,.,7/9/2024,12,,,,,,,,,,,,,,,,,FALSE
Doc0335,TRUE,Doc0335,.,9/9/2024,12,,,,,,,,,,,,,,,,,FALSE
Doc0336,TRUE,Doc0336,.,11/9/2024,1,,,,,,,,,,,,,,,,,FALSE
Doc0337,TRUE,Doc0337,.,19/9/2024,11,,,,,,,,,,,,,,,,,FALSE
Doc0338,TRUE,Doc0338,.,24/9/2024,11,,,,,,,,,,,,,,,,,FALSE
Doc0339,TRUE,Doc0339,.,4/2/2025,1,,,,,,,,,,,,,,,,,FALSE
Doc0340,TRUE,Doc0340,.,26/9/2024,1,,,,,,,,,,,,,,,,,FALSE
Doc0341,TRUE,Doc0341,.,4/10/2024,12,,,,,,,,,,,,,,,,,FALSE
Doc0342,TRUE,Doc0342,.,11/10/2024,10,,,,,,,,,,,,,,,,,FALSE
Doc0343,TRUE,Doc0343,.,24/1/2025,1,,,,,,,,,,,,,,,,,FALSE
Doc0344,TRUE,Doc0344,.,22/10/2024,12,,,,,,,,,,,,,,,,,FALSE
Doc0345,TRUE,Doc0345,.,25/10/2024,10,,,,,,,,,,,,,,,,,FALSE
Doc0346,TRUE,Doc0346,.,29/10/2024,11,,,,,,,,,,,,,,,,,FALSE
Doc0347,TRUE,Doc0347,.,4/11/2024,5,,,,,,,,,,,,,,,,,FALSE
Doc0348,TRUE,Doc0348,.,4/11/2024,3,,,,,,,,,,,,,,,,,FALSE
Doc0349,TRUE,Doc0349,.,4/11/2024,5,,,,,,,,,,,,,,,,,FALSE
Doc0350,TRUE,Doc0350,.,4/11/2024,12,,,,,,,,,,,,,,,,,FALSE
Doc0351,TRUE,Doc0351,.,11/11/2024,10,,,,,,,,,,,,,,,,,FALSE
Doc0352,TRUE,Doc0352,.,27/12/2024,1,,,,,,,,,,,,,,,,,FALSE
Doc0353,TRUE,Doc0353,.,14/11/2024,10,,,,,,,,,,,,,,,,,FALSE
Doc0354,TRUE,Doc0354,.,15/11/2024,12,,,,,,,,,,,,,,,,,FALSE
Doc0355,FALSE,Doc0355,.,15/11/2024,1,,,,,,,,,,,,,,,,,FALSE
Doc0356,FALSE,Doc0356,.,15/11/2024,1,,,,,,,,,,,,,,,,,FALSE
Doc0357,FALSE,Doc0357,.,21/11/2024,12,,,,,,,,,,,,,,,,,FALSE
Doc0358,FALSE,Doc0358,.,21/11/2024,1,,,,,,,,,,,,,,,,,FALSE
Doc0359,TRUE,Doc0359,.,21/11/2024,12,,,,,,,,,,,,,,,,,FALSE
Doc0360,TRUE,Doc0360,.,22/11/2024,1,,,,,,,,,,,,,,,,,FALSE
Doc0361,TRUE,Doc0361,.,22/11/2024,12,,,,,,,,,,,,,,,,,FALSE
Doc0362,FALSE,Doc0362,.,22/11/2024,12,,,,,,,,,,,,,,,,,FALSE
Doc0363,TRUE,Doc0363,.,22/11/2024,12,,,,,,,,,,,,,,,,,FALSE
Doc0364,FALSE,Doc0364,.,22/11/2024,1,,,,,,,,,,,,,,,,,FALSE
Doc0365,TRUE,Doc0365,.,24/11/2024,12,,,,,,,,,,,,,,,,,FALSE
Doc0366,TRUE,Doc0366,.,26/11/2024,10,,,,,,,,,,,,,,,,,FALSE
Doc0367,TRUE,Doc0367,.,26/11/2024,10,,,,,,,,,,,,,,,,,FALSE
Doc0368,TRUE,Doc0368,.,26/11/2024,10,,,,,,,,,,,,,,,,,FALSE
Doc0369,TRUE,Doc0369,.,12/12/2024,10,,,,,,,,,,,,,,,,,FALSE
Doc0370,TRUE,Doc0370,.,14/12/2024,11,,,,,,,,,,,,,,,,,FALSE
Doc0371,TRUE,Doc0371,.,18/12/2024,1,,,,,,,,,,,,,,,,,FALSE
Doc0372,TRUE,Doc0372,.,22/12/2024,12,,,,,,,,,,,,,,,,,FALSE
Doc0373,TRUE,Doc0373,.,26/12/2024,12,,,,,,,,,,,,,,,,,FALSE
Doc0374,TRUE,Doc0374,.,26/12/2024,12,,,,,,,,,,,,,,,,,FALSE
Doc0375,TRUE,Doc0375,.,29/12/2024,12,,,,,,,,,,,,,,,,,FALSE
Doc0376,TRUE,Doc0376,.,29/12/2024,3,,,,,,,,,,,,,,,,,FALSE
Doc0377,TRUE,Doc0377,.,29/12/2024,3,,,,,,,,,,,,,,,,,FALSE
Doc0378,TRUE,Doc0378,.,29/12/2024,10,,,,,,,,,,,,,,,,,FALSE
Doc0379,TRUE,Doc0379,.,11/2/2025,1,,,,,,,,,,,,,,,,,FALSE
Doc0380,TRUE,Doc0380,.,25/2/2025,1,,,,,,,,,,,,,,,,,FALSE
Doc0381,TRUE,Doc0381,.,25/2/2025,1,,,,,,,,,,,,,,,,,FALSE
Doc0382,TRUE,Doc0382,.,25/2/2025,1,,,,,,,,,,,,,,,,,FALSE
Doc0383,FALSE,Doc0383,.,19/1/2025,12,,,,,,,,,,,,,,,,,FALSE
Doc0384,TRUE,Doc0384,.,19/1/2025,12,,,,,,,,,,,,,,,,,FALSE
Doc0385,FALSE,Doc0385,.,19/1/2025,1,,,,,,,,,,,,,,,,,FALSE
Doc0386,FALSE,Doc0386,.,22/1/2025,12,,,,,,,,,,,,,,,,,FALSE
Doc0387,FALSE,Doc0387,.,6/2/2025,11,,,,,,,,,,,,,,,,,FALSE
Doc0388,TRUE,Doc0388,.,24/1/2025,10,,,,,,,,,,,,,,,,,FALSE
Doc0389,TRUE,Doc0389,.,24/1/2025,10,,,,,,,,,,,,,,,,,FALSE
Doc0390,TRUE,Doc0390,.,25/1/2025,10,,,,,,,,,,,,,,,,,FALSE
Doc0391,TRUE,Doc0391,.,27/1/2025,12,,,,,,,,,,,,,,,,,FALSE
Doc0392,TRUE,Doc0392,.,30/1/2025,12,,,,,,,,,,,,,,,,,FALSE
Doc0393,TRUE,Doc0393,.,31/1/2025,10,,,,,,,,,,,,,,,,,FALSE
Doc0394,FALSE,Doc0394,.,31/1/2025,10,,,,,,,,,,,,,,,,,FALSE
Doc0395,TRUE,Doc0395,.,31/1/2025,10,,,,,,,,,,,,,,,,,FALSE
Doc0396,TRUE,Doc0396,.,31/1/2025,10,,,,,,,,,,,,,,,,,FALSE
Doc0397,FALSE,Doc0397,.,31/1/2025,11,,,,,,,,,,,,,,,,,FALSE
Doc0398,FALSE,Doc0398,.,31/1/2025,11,,,,,,,,,,,,,,,,,FALSE
Doc0399,TRUE,Doc0399,.,31/1/2025,10,,,,,,,,,,,,,,,,,FALSE
Doc0400,TRUE,Doc0400,.,31/1/2025,10,,,,,,,,,,,,,,,,,FALSE
Doc0401,TRUE,Doc0401,.,31/1/2025,10,,,,,,,,,,,,,,,,,FALSE
Doc0402,FALSE,Doc0402,.,31/1/2025,10,,,,,,,,,,,,,,,,,FALSE
Doc0403,FALSE,Doc0403,.,31/1/2025,10,,,,,,,,,,,,,,,,,FALSE
Doc0404,FALSE,Doc0404,.,31/1/2025,10,,,,,,,,,,,,,,,,,FALSE
Doc0405,FALSE,Doc0405,.,31/1/2025,1,,,,,,,,,,,,,,,,,FALSE
Doc0406,FALSE,Doc0406,.,31/1/2025,1,,,,,,,,,,,,,,,,,FALSE
Doc0407,FALSE,Doc0407,.,31/1/2025,1,,,,,,,,,,,,,,,,,FALSE
Doc0408,TRUE,Doc0408,.,31/1/2025,12,,,,,,,,,,,,,,,,,FALSE
Doc0409,TRUE,Doc0409,.,31/1/2025,10,,,,,,,,,,,,,,,,,FALSE
Doc0410,FALSE,Doc0410,.,31/1/2025,1,,,,,,,,,,,,,,,,,FALSE
Doc0411,TRUE,Doc0411,.,31/1/2025,12,,,,,,,,,,,,,,,,,FALSE
Doc0412,TRUE,Doc0412,.,31/1/2025,12,,,,,,,,,,,,,,,,,FALSE
Doc0413,TRUE,Doc0413,.,31/1/2025,12,,,,,,,,,,,,,,,,,FALSE
Doc0414,FALSE,Doc0414,.,31/1/2025,1,,,,,,,,,,,,,,,,,FALSE
Doc0415,FALSE,Doc0415,.,31/1/2025,1,,,,,,,,,,,,,,,,,FALSE
Doc0416,TRUE,Doc0416,.,31/1/2025,1,,,,,,,,,,,,,,,,,FALSE
Doc0417,TRUE,Doc0417,.,31/1/2025,1,,,,,,,,,,,,,,,,,FALSE
Doc0418,FALSE,Doc0418,.,31/1/2025,1,,,,,,,,,,,,,,,,,FALSE
Doc0419,FALSE,Doc0419,.,31/1/2025,1,,,,,,,,,,,,,,,,,FALSE
Doc0420,FALSE,Doc0420,.,31/1/2025,1,,,,,,,,,,,,,,,,,FALSE
Doc0421,TRUE,Doc0421,.,31/1/2025,12,,,,,,,,,,,,,,,,,FALSE
Doc0422,TRUE,Doc0422,.,31/1/2025,12,,,,,,,,,,,,,,,,,FALSE
Doc0423,FALSE,Doc0423,.,31/1/2025,1,,,,,,,,,,,,,,,,,FALSE
Doc0424,FALSE,Doc0424,.,31/1/2025,1,,,,,,,,,,,,,,,,,FALSE
Doc0425,FALSE,Doc0425,.,31/1/2025,1,,,,,,,,,,,,,,,,,FALSE
Doc0426,TRUE,Doc0426,.,27/2/2025,1,,,,,,,,,,,,,,,,,FALSE
Doc0427,TRUE,Doc0427,.,4/2/2025,12,,,,,,,,,,,,,,,,,FALSE
Doc0428,TRUE,Doc0428,.,8/2/2025,8,,,,,,,,,,,,,,,,,FALSE
Doc0430,TRUE,Doc0430,.,23/2/2025,10,,,,,,,,,,,,,,,,,FALSE
Doc0431,TRUE,Doc0431,.,26/2/2025,1,,,,,,,,,,,,,,,,,FALSE
Doc0432,TRUE,Doc0432,.,28/2/2025,11,,,,,,,,,,,,,,,,,FALSE
Doc0433,TRUE,Doc0433,.,28/2/2025,11,,,,,,,,,,,,,,,,,FALSE
Doc0434,TRUE,Doc0434,.,4/3/2025,12,,,,,,,,,,,,,,,,,FALSE
Doc0435,TRUE,Doc0435,.,5/3/2025,11,,,,,,,,,,,,,,,,,FALSE
Doc0436,TRUE,Doc0436,.,5/3/2025,12,,,,,,,,,,,,,,,,,FALSE
Doc0437,TRUE,Doc0437,.,6/3/2025,12,,,,,,,,,,,,,,,,,FALSE
Doc0438,TRUE,Doc0438,.,7/3/2025,12,,,,,,,,,,,,,,,,,FALSE
Doc0439,FALSE,Doc0439,.,7/3/2025,1,,,,,,,,,,,,,,,,,FALSE
Doc0440,TRUE,Doc0440,.,7/3/2025,12,,,,,,,,,,,,,,,,,FALSE
Doc0441,TRUE,Doc0441,.,8/3/2025,11,,,,,,,,,,,,,,,,,FALSE
Doc0442,TRUE,Doc0442,.,9/3/2025,11,,,,,,,,,,,,,,,,,FALSE
Doc0443,TRUE,Doc0443,.,19/3/2025,6,,,,,,,,,,,,,,,,,FALSE
Doc0444,TRUE,Doc0444,.,19/3/2025,6,,,,,,,,,,,,,,,,,FALSE
Doc0445,TRUE,Doc0445,.,20/3/2025,12,,,,,,,,,,,,,,,,,FALSE
Doc0448,TRUE,Doc0448,.,27/3/2025,10,,,,,,,,,,,,,,,,,FALSE
Doc0449,TRUE,Doc0449,.,27/3/2025,10,,,,,,,,,,,,,,,,,FALSE
Doc0450,TRUE,Doc0450,.,27/3/2025,10,,,,,,,,,,,,,,,,,FALSE
Doc0451,TRUE,Doc0451,.,15/4/2025,1,,,,,,,,,,,,,,,,,FALSE
Doc0452,TRUE,Doc0452,.,15/4/2025,1,,,,,,,,,,,,,,,,,FALSE
Doc0453,TRUE,Doc0453,.,26/3/2025,1,,,,,,,,,,,,,,,,,FALSE
Doc0454,TRUE,Doc0454,.,8/4/2025,10,,,,,,,,,,,,,,,,,FALSE
Doc0455,TRUE,Doc0455,.,4/4/2025,1,,,,,,,,,,,,,,,,,FALSE
Doc0456,TRUE,Doc0456,.,17/4/2025,10,,,,,,,,,,,,,,,,,FALSE
Doc0457,FALSE,Doc0457,.,7/3/2025,1,,,,,,,,,,,,,,,,,FALSE
Doc0458,TRUE,Doc0458,.,11/11/2023,1,,,,,,,,,,,,,,,,,FALSE
Doc0459,FALSE,Doc0459,.,6/3/2024,1,,,,,,,,,,,,,,,,,FALSE
Doc0460,FALSE,Doc0460,.,6/3/2024,1,,,,,,,,,,,,,,,,,FALSE
Doc0461,TRUE,Doc0461,.,15/4/2025,12,,,,,,,,,,,,,,,,,FALSE
Doc0462,FALSE,Doc0462,.,25/1/2024,1,,,,,,,,,,,,,,,,,FALSE
Doc0463,FALSE,Doc0463,.,25/1/2024,1,,,,,,,,,,,,,,,,,FALSE
Doc0464,FALSE,Doc0464,.,27/3/2024,1,,,,,,,,,,,,,,,,,FALSE
Doc0465,FALSE,Doc0465,.,27/3/2024,1,,,,,,,,,,,,,,,,,FALSE
Doc0466,TRUE,Doc0466,.,3/1/2025,1,,,,,,,,,,,,,,,,,FALSE
Doc0468,TRUE,Doc0468,.,2/1/2025,9,,,,,,,,,,,,,,,,,FALSE
Doc0469,FALSE,Doc0469,.,19/3/2025,1,,,,,,,,,,,,,,,,,FALSE
Doc0470,FALSE,Doc0470,.,19/3/2025,1,,,,,,,,,,,,,,,,,FALSE
Doc0471,FALSE,Doc0471,.,26/12/2024,1,,,,,,,,,,,,,,,,,FALSE
Doc0472,FALSE,Doc0472,.,26/12/2024,1,,,,,,,,,,,,,,,,,FALSE
Doc0473,TRUE,Doc0473,.,21/11/2024,1,,,,,,,,,,,,,,,,,FALSE
Doc0474,FALSE,Doc0474,.,25/4/2025,11,,,,,,,,,,,,,,,,,FALSE
Doc0475,TRUE,Doc0475,.,25/4/2025,12,18.76,0,0,0,0,0,,,,,,,,TRUE,,,FALSE
Doc0476,TRUE,Doc0476,.,31/5/2025,12,,,,,,,,,,,,,,,,,FALSE
Doc0477,FALSE,Doc0477,.,28/4/2025,12,,,,,,,,,,,,,,,,,FALSE
Doc0478,FALSE,Doc0478,.,25/4/2025,1,,,,,,,,,,,,,,,,,FALSE
Doc0479,TRUE,Doc0479,.,28/4/2025,12,13.81,0,0,0,0,0,,,,,,,,TRUE,,,FALSE
Doc0480,FALSE,Doc0480,.,28/4/2025,1,,,,,,,,,,,,,,,,,FALSE
Doc0481,TRUE,Doc0481,.,18/10/2022,1,,,,,,,,,,,,,,,,,FALSE
Doc0482,TRUE,Doc0482,.,18/10/2022,1,,,,,,,,,,,,,,,,,FALSE
Doc0483,TRUE,Doc0483,.,23/3/2024,1,,,,,,,,,,,,,,,,,FALSE
Doc0484,TRUE,Doc0484,.,29/4/2025,12,17.2,0,0,0,0,0,,,,,,,,TRUE,,,FALSE
Doc0485,TRUE,Doc0485,.,28/4/2025,10,2.88,6.58,0,0,0,0,,,,,,,,TRUE,,,FALSE
Doc0486,TRUE,Doc0486,.,2/5/2025,12,11.59,0,0,0,0,0,,,,,,,,TRUE,,,FALSE
Doc0487,TRUE,Doc0487,.,2/5/2025,1,,,,,,,,,,,,,,,,,FALSE
Doc0488,TRUE,Doc0488,.,22/11/2024,1,,,,,,,,,,,,,,,,,FALSE
Doc0489,TRUE,Doc0489,.,22/1/2025,12,,,,,,,,,,,,,,,,,FALSE
Doc0490,TRUE,Doc0490,.,6/2/2025,11,,,,,,,,,,,,,,,,,FALSE
Doc0491,TRUE,Doc0491,.,16/5/2025,10,85.26,0,0,0,0,0,,,,,,,,TRUE,,,FALSE
Doc0492,TRUE,Doc0492,.,2/6/2025,11,5.89,1.12,0,0,0,0,,,,,,,,TRUE,,,FALSE
Doc0493,FALSE,Doc0493,.,16/5/2025,10,,,,,,,,,,,,,,,,,FALSE
Doc0494,FALSE,Doc0494,.,16/5/2025,1,,,,,,,,,,,,,,,,,FALSE
Doc0495,TRUE,Doc0495,.,16/5/2025,1,,,,,,,,,,,,,,,,,FALSE
Doc0496,TRUE,Doc0496,.,16/5/2025,1,,,,,,,,,,,,,,,,,FALSE
Doc0497,TRUE,Doc0497,.,4/6/2025,11,4.96,2.73,0,0,0,0,,,,,,,,TRUE,,,FALSE
Doc0498,TRUE,Doc0498,.,6/6/2025,12,,,,,,,,,,,,,,,,,FALSE
Doc0499,TRUE,Doc0499,.,4/6/2025,12,15.22,0,0,0,0,0,,,,,,,,TRUE,,,FALSE
Doc0500,TRUE,Doc0500,.,6/6/2025,1,,,,,,,,,,,,,,,,,FALSE
Doc0501,TRUE,Doc0501,.,9/6/2025,12,16.17,0,0,0,0,0,,,,,,,,TRUE,,,FALSE
Doc0502,FALSE,Doc0502,.,28/6/2025,10,,,,,,,,,,,,,,,,,FALSE
Doc0503,TRUE,Doc0503,.,16/6/2025,10,63,0,0,0,0,0,,,,,,,,TRUE,,,FALSE
Doc0504,TRUE,Doc0504,.,18/6/2025,1,,,,,,,,,,,,,,,,,FALSE
Doc0505,TRUE,Doc0505,.,18/6/2025,1,,,,,,,,,,,,,,,,,FALSE
Doc0506,TRUE,Doc0506,.,19/6/2025,1,,,,,,,,,,,,,,,,,FALSE
Doc0507,TRUE,Doc0507,.,28/6/2025,11,33.47,0,0,0,0,0,,,,,,,,TRUE,,,FALSE
Doc0508,FALSE,Doc0508,.,28/6/2025,1,,,,,,,,,,,,,,,,,FALSE
Doc0509,TRUE,Doc0509,.,30/6/2025,10,75,0,0,0,0,0,,,,,,,,TRUE,,,FALSE
Doc0510,TRUE,Doc0510,.,30/6/2025,10,12,0,0,0,0,0,,,,,,,,TRUE,,,FALSE
Doc0511,TRUE,Doc0511,.,30/6/2025,10,398.18,0,0,0,0,0,,,,,,,,TRUE,,,FALSE
Doc0512,FALSE,Doc0512,.,22/1/2025,1,,,,,,,,,,,,,,,,,FALSE
Doc0513,TRUE,Doc0513,.,24/6/2025,11,,,,,,,,,,,,,,,,,FALSE
Doc0514,TRUE,Doc0514,.,11/7/2025,11,5.32,14.26,0,0,0,0,,,,,,,,TRUE,,,FALSE
Doc0515,TRUE,Doc0515,.,8/5/2025,1,,,,,,,,,,,,,,,,,FALSE
Doc0516,TRUE,Doc0516,.,26/6/2025,1,,,,,,,,,,,,,,,,,FALSE
Doc0517,TRUE,Doc0517,.,26/6/2025,1,,,,,,,,,,,,,,,,,FALSE
Doc0518,TRUE,Doc0518,.,3/7/2025,10,9.16,0,0,0,0,0,,,,,,,,TRUE,,,FALSE
Doc0519,TRUE,Doc0519,.,27/6/2025,1,,,,,,,,,,,,,,,,,FALSE
Doc0520,TRUE,Doc0520,.,7/7/2025,12,27.75,0,0,0,0,0,,,,,,,,TRUE,,,FALSE
Doc0521,TRUE,Doc0521,.,24/6/2025,1,,,,,,,,,,,,,,,,,FALSE
Doc0522,TRUE,Doc0522,.,23/7/2025,1,2.24,14.19,0,0,0,0,,,,,,,,TRUE,,,FALSE
Doc0523,TRUE,Doc0523,.,4/7/2025,12,,,,,,,,,,,,,,,,,FALSE
Doc0524,TRUE,Doc0524,.,5/7/2025,1,,,,,,,,,,,,,,,,,FALSE
Doc0525,TRUE,Doc0525,.,29/7/2025,12,12.4,0,0,0,0,0,,,,,,,,TRUE,,,FALSE
Doc0526,FALSE,Doc0526,.,31/7/2025,11,,,,,,,,,,,,,,,,,FALSE
Doc0527,TRUE,Doc0527,.,31/7/2025,11,,,,,,,,,,,,,,,,,FALSE
Doc0528,TRUE,Doc0528,.,31/7/2025,11,19.31,0,0,0,0,0,,,,,,,,TRUE,,,FALSE
Doc0529,TRUE,Doc0529,.,22/7/2025,1,,,,,,,,,,,,,,,,,FALSE
Doc0530,TRUE,Doc0530,.,17/8/2025,10,84,0,0,0,0,0,,,,,,,,TRUE,,,FALSE
Doc0531,TRUE,Doc0531,.,28/7/2025,1,,,,,,,,,,,,,,,,,FALSE
Doc0532,TRUE,Doc0532,.,25/7/2025,1,,,,,,,,,,,,,,,,,FALSE
Doc0533,TRUE,Doc0533,.,29/7/2025,1,,,,,,,,,,,,,,,,,FALSE
Doc0534,FALSE,Doc0534,.,31/7/2025,1,,,,,,,,,,,,,,,,,FALSE
Doc0535,TRUE,Doc0535,.,13/8/2025,11,13.14,0,0,0,0,0,,,,,,,,TRUE,,,FALSE
Doc0536,TRUE,Doc0536,.,18/8/2025,12,,,,,,,,,,,,,,,,,FALSE
Doc0537,TRUE,Doc0537,.,21/8/2025,1,,,,,,,,,,,,,,,,,FALSE
Doc0538,TRUE,Doc0538,.,21/8/2025,1,,,,,,,,,,,,,,,,,FALSE
Doc0539,TRUE,Doc0539,.,4/7/2025,1,,,,,,,,,,,,,,,,,FALSE
Doc0540,TRUE,Doc0540,.,9/9/2025,12,1.76,4.61,0,0,0,0,,,,,,,,TRUE,,,FALSE
Doc0541,FALSE,Doc0541,.,6/7/2024,1,,,,,,,,,,,,,,,,,FALSE
Doc0542,FALSE,Doc0542,.,6/7/2024,1,,,,,,,,,,,,,,,,,FALSE
Doc0543,TRUE,Doc0543,.,11/9/2025,1,25.56,0,0,0,0,0,,,,,,,,TRUE,,,FALSE
8d83795e,TRUE,8d83795e,.,20/8/2025,11,,,,,,,,,,,,,,,,,FALSE
e0aa559d,TRUE,e0aa559d,.,23/9/2025,1,3.43,0,0,0,0,0,,,,,,,,TRUE,,,FALSE
497e0c55,TRUE,497e0c55,.,8/10/2025,1,,,,,,,,,,,,,,,,,FALSE
e1f06246,TRUE,e1f06246,.,13/10/2025,12,12.94,0,0,0,0,0,,,,,,,,TRUE,,,FALSE
4ef9c53a,FALSE,4ef9c53a,.,2/10/2025,10,,,,,,,,,,,,,,,,,FALSE
0b926cad,FALSE,0b926cad,.,25/10/2025,1,,,,,,,,,,,,,,,,,FALSE
6d2be205,TRUE,6d2be205,.,25/10/2025,5,6.58,0,0,0,0,0,,,,,,,,TRUE,,,FALSE
8327a4af,FALSE,8327a4af,.,26/11/2025,10,,,,,,,,,,,,,,,,,FALSE
85e4e92b,TRUE,85e4e92b,.,28/10/2025,10,5.2,0,0,0,0,0,,,,,,,,TRUE,,,FALSE
c7748d8a,TRUE,c7748d8a,.,22/10/2025,5,2.86,2.86,0,0,0,0,,,,,,,,TRUE,,,FALSE
b0f1c8ea,TRUE,b0f1c8ea,.,22/10/2025,3,1.69,1.55,0,0,0,0,,,,,,,,TRUE,,,FALSE
293463d0,TRUE,293463d0,.,28/10/2025,1,,,,,,,,,,,,,,,,,FALSE
8fe77dff,TRUE,8fe77dff,.,22/10/2025,5,2.36,2.33,0,0,0,0,,,,,,,,TRUE,,,FALSE
32965d00,TRUE,32965d00,.,21/10/2025,10,,,,,,,,,,,,,,,,,FALSE
6d8d59a2,FALSE,6d8d59a2,.,22/10/2025,12,,,,,,,,,,,,,,,,,FALSE
a0e1eb06,TRUE,a0e1eb06,.,22/10/2025,12,13.45,0,0,0,0,0,,,,,,,,TRUE,,,FALSE
0b1b7cea,TRUE,0b1b7cea,.,22/10/2025,12,9.77,0,0,0,0,0,,,,,,,,TRUE,,,FALSE
9b02c6ec,FALSE,9b02c6ec,.,7/11/2025,12,,,,,,,,,,,,,,,,,FALSE
938b5ef3,FALSE,938b5ef3,.,18/11/2025,1,,,,,,,,,,,,,,,,,FALSE
21f69bec,TRUE,21f69bec,.,12/11/2025,12,16.59,0,0,0,0,0,,,,,,,,TRUE,,,FALSE
813db0fc,TRUE,813db0fc,.,15/11/2025,12,22.64,0,0,0,0,0,,,,,,,,TRUE,,,FALSE
90c88dd8,FALSE,90c88dd8,.,12/11/2025,1,,,,,,,,,,,,,,,,,FALSE
30b808cd,TRUE,30b808cd,.,10/11/2025,1,4.33,2.82,0,0,0,0,,,,,,,,TRUE,,,FALSE
dcc36496,TRUE,dcc36496,.,18/11/2025,12,,,,,,,,,,,,,,,,,FALSE
b5990e75,TRUE,b5990e75,.,23/10/2025,3,,,,,,,,,,,,,,,,,FALSE
fc5ced12,TRUE,fc5ced12,.,26/11/2025,10,3.14,2.17,0,0,0,0,,,,,,,,TRUE,,,FALSE
0088d47c,TRUE,0088d47c,.,4/12/2025,11,10,0,0,0,0,0,,,,,,,,TRUE,,,FALSE
eed524b8,TRUE,eed524b8,.,26/11/2025,10,21.01,84,0,0,0,0,,,,,,,,TRUE,,,FALSE
0980ba0c,TRUE,0980ba0c,.,26/11/2025,10,31.51,126,0,0,0,0,,,,,,,,TRUE,,,FALSE
ea7a8d52,FALSE,ea7a8d52,.,26/11/2025,1,,,,,,,,,,,,,,,,,FALSE
5757f9b8,TRUE,5757f9b8,.,12/12/2025,10,22.99,0,0,0,0,0,,,,,,,,TRUE,,,FALSE
3648c90d,TRUE,3648c90d,.,2/12/2025,12,9.7,0,0,0,0,0,,,,,,,,TRUE,,,FALSE
2f68d388,TRUE,2f68d388,.,20/11/2025,11,26.85,13.88,0,0,0,0,,,,,,,,TRUE,,,FALSE
f51f8dcc,TRUE,f51f8dcc,.,18/12/2025,1,4.53,0,0,0,0,0,,,,,,,,TRUE,,,FALSE
6ba2a976,TRUE,6ba2a976,.,11/11/2025,12,,,,,,,,,,,,,,,,,FALSE
cd3c9cad,TRUE,cd3c9cad,.,10/11/2025,12,18.03,0,0,0,0,0,,,,,,,,TRUE,,,FALSE
71e447d1,TRUE,71e447d1,.,5/12/2025,1,,,,,,,,,,,,,,,,,FALSE
d8b60874,TRUE,d8b60874,.,15/12/2025,12,2.89,0,0,0,0,0,,,,,,,,TRUE,,,FALSE
bfe14e40,TRUE,bfe14e40,.,16/12/2025,11,2.54,6.4,0,0,0,0,,,,,,,,TRUE,,,FALSE
ad723b68,TRUE,ad723b68,.,26/12/2025,11,8.74,0,0,0,0,0,,,,,,,,TRUE,,,FALSE
f184944c,TRUE,f184944c,.,22/12/2025,11,10,0,0,0,0,0,,,,,,,,TRUE,,,FALSE
da5ba033,TRUE,da5ba033,.,15/9/2025,11,,,,,,,,,,,,,,,,,FALSE
8b98063f,TRUE,8b98063f,.,5/1/2026,12,8,0,0,0,0,0,,,,,,,,TRUE,,,FALSE
8611fa43,TRUE,8611fa43,.,2/1/2026,7,0.89,6.27,0,0,0,0,,,,,,,,TRUE,,,FALSE
46733625,FALSE,46733625,.,18/12/2025,1,,,,,,,,,,,,,,,,,FALSE
3fc26c10,FALSE,3fc26c10,.,2/1/2026,1,,,,,,,,,,,,,,,,,FALSE
68946a82,TRUE,68946a82,.,26/7/2025,1,,,,,,,,,,,,,,,,,FALSE
fe087795,TRUE,fe087795,.,18/12/2025,10,,,,,,,,,,,,,,,,,FALSE
82841a3d,FALSE,82841a3d,.,18/12/2025,12,,,,,,,,,,,,,,,,,FALSE
b4639c90,TRUE,b4639c90,.,2/1/2026,10,13.97,0,0,0,0,0,,,,,,,,TRUE,,,FALSE
08e67dea,FALSE,08e67dea,.,18/12/2025,12,,,,,,,,,,,,,,,,,FALSE
2506c34a,TRUE,2506c34a,.,13/1/2026,12,9.34,0,0,0,0,0,,,,,,,,TRUE,,,FALSE
e2cda8ba,FALSE,e2cda8ba,.,18/12/2025,1,,,,,,,,,,,,,,,,,FALSE
581e420d,FALSE,581e420d,.,9/12/2025,12,,,,,,,,,,,,,,,,,FALSE
44b849be,TRUE,44b849be,.,2/1/2026,10,14.55,0,0,0,0,0,,,,,,,,TRUE,,,FALSE
86fe7b0f,FALSE,86fe7b0f,.,18/12/2025,12,,,,,,,,,,,,,,,,,FALSE
8a997141,FALSE,8a997141,.,18/12/2025,12,,,,,,,,,,,,,,,,,FALSE
c3cce6aa,TRUE,c3cce6aa,.,18/12/2025,12,,,,,,,,,,,,,,,,,FALSE
53ea5615,TRUE,53ea5615,.,18/12/2025,12,,,,,,,,,,,,,,,,,FALSE
5157268b,FALSE,5157268b,.,18/12/2025,1,,,,,,,,,,,,,,,,,FALSE
383fbdd0,FALSE,383fbdd0,.,18/12/2025,1,,,,,,,,,,,,,,,,,FALSE
75aef5ca,FALSE,75aef5ca,.,18/12/2025,12,,,,,,,,,,,,,,,,,FALSE
e9101edf,FALSE,e9101edf,.,18/12/2025,12,,,,,,,,,,,,,,,,,FALSE
bcc0b1ff,FALSE,bcc0b1ff,.,14/1/2026,1,,,,,,,,,,,,,,,,,FALSE
aacab6da,TRUE,aacab6da,.,14/1/2026,12,8,0,0,0,0,0,,,,,,,,TRUE,,,FALSE
99eeb447,FALSE,99eeb447,.,18/12/2026,1,,,,,,,,,,,,,,,,,FALSE
17ed660b,TRUE,17ed660b,.,14/1/2026,1,16.75,0,0,0,0,0,,,,,,,,TRUE,,,FALSE
6b049452,FALSE,6b049452,.,15/1/2026,1,,,,,,,,,,,,,,,,,FALSE
72d4bdb9,TRUE,72d4bdb9,.,14/1/2026,1,10,0,0,0,0,0,,,,,,,,TRUE,,,FALSE
79298a4b,FALSE,79298a4b,.,14/1/2026,1,,,,,,,,,,,,,,,,,FALSE
3d851c38,TRUE,3d851c38,.,14/1/2026,12,8,0,0,0,0,0,,,,,,,,TRUE,,,FALSE
581c4a47,FALSE,581c4a47,.,14/1/2026,1,,,,,,,,,,,,,,,,,FALSE
6df4b1e6,TRUE,6df4b1e6,.,14/1/2026,12,8,0,0,0,0,0,,,,,,,,TRUE,,,FALSE
fa6db85e,FALSE,fa6db85e,.,22/1/2026,1,,,,,,,,,,,,,,,,,FALSE
c0994d80,TRUE,c0994d80,.,14/1/2026,12,12.47,0,0,0,0,0,,,,,,,,TRUE,,,FALSE
5e5103f5,TRUE,5e5103f5,.,6/1/2026,1,,,,,,,,,,,,,,,,,FALSE
0625ad59,TRUE,0625ad59,.,19/1/2026,12,13.13,0,0,0,0,0,,,,,,,,TRUE,,,FALSE
13594cc3,FALSE,13594cc3,.,20/1/2026,1,,,,,,,,,,,,,,,,,FALSE
e9e543f5,TRUE,e9e543f5,.,20/1/2026,12,11.4,0,0,0,0,0,,,,,,,,TRUE,,,FALSE
519c9e92,TRUE,519c9e92,.,21/1/2026,12,16.79,0,0,0,0,0,,,,,,,,TRUE,,,FALSE
6bedbb5f,TRUE,6bedbb5f,.,23/1/2026,12,156.52,0,0,0,0,0,,,,,,,,TRUE,,,FALSE
a300d1ca,TRUE,a300d1ca,.,28/1/2026,1,1.46,0,0,0,0,0,,,,,,,,TRUE,,,FALSE
1af7548e,TRUE,1af7548e,.,26/1/2026,12,10,0,0,0,0,0,,,,,,,,TRUE,,,FALSE
8c11979c,TRUE,8c11979c,.,29/1/2026,8,10,0,0,0,0,0,,,,,,,,TRUE,,,FALSE
6ed756a7,TRUE,6ed756a7,.,29/1/2026,12,7.46,0,0,0,0,0,,,,,,,,TRUE,,,FALSE
4e5625b7,TRUE,4e5625b7,.,12/2/2026,12,5.54,0,0,0,0,0,,,,,,,,TRUE,,,FALSE
3e189a9a,FALSE,3e189a9a,.,28/1/2026,12,,,,,,,,,,,,,,,,,FALSE
80c6bbb2,TRUE,80c6bbb2,.,12/1/2026,10,1.94,4.8,0,0,0,0,,,,,,,,TRUE,,,FALSE
dab3b776,FALSE,dab3b776,.,2/2/2026,1,,,,,,,,,,,,,,,,,FALSE
86e0296c,TRUE,86e0296c,.,30/1/2026,12,10,0,0,0,0,0,,,,,,,,TRUE,,,FALSE
11008863,FALSE,11008863,.,4/2/2026,1,,,,,,,,,,,,,,,,,FALSE
72ce25cc,TRUE,72ce25cc,.,15/9/2025,1,,,,,,,,,,,,,,,,,FALSE
30ec13be,TRUE,30ec13be,.,6/2/2026,12,3.93,0,0,0,0,0,,,,,,,,TRUE,,,FALSE
f3e78bc9,TRUE,f3e78bc9,.,7/2/2026,12,11.23,0,0,0,0,0,,,,,,,,TRUE,,,FALSE
f4a1d3d8,TRUE,f4a1d3d8,.,7/2/2026,12,12,0,0,0,0,0,,,,,,,,TRUE,,,FALSE
9f4bbd7a2,TRUE,9f4bbd7a2,.,5/8/2023,12,,,,,,,,,,,,,,,,,FALSE
9f4bbd7a,TRUE,9f4bbd7a,.,5/8/2024,12,,,,,,,,,,,,,,,,,FALSE
9ba90668,TRUE,9ba90668,.,5/8/2025,12,17.88,0,0,0,0,0,,,,,,,,TRUE,,,FALSE
e4da5a07,TRUE,e4da5a07,.,4/3/2026,11,9.09,0,0,0,0,0,,,,,,,,TRUE,,,FALSE
a6c31c88,TRUE,a6c31c88,.,24/2/2026,12,8.86,0,0,0,0,0,,,,,,,,TRUE,,,FALSE
8242195d,FALSE,8242195d,.,2/1/2026,1,,,,,,,,,,,,,,,,,FALSE
1ecf3fe4,FALSE,1ecf3fe4,.,8/1/2026,1,,,,,,,,,,,,,,,,,FALSE
7ce05548,TRUE,7ce05548,.,23/2/2026,12,15.14,0,0,0,0,0,,,,,,,,TRUE,,,FALSE
99f9541a,TRUE,99f9541a,.,9/3/2026,12,8,0,0,0,0,0,,,,,,,,TRUE,,,FALSE
d22382db,TRUE,d22382db,.,27/2/2026,12,9.14,0,0,0,0,0,,,,,,,,TRUE,,,FALSE
d200243b,TRUE,d200243b,.,28/2/2026,12,10.49,0,0,0,0,0,,,,,,,,TRUE,,,FALSE
dce7f7b8,TRUE,dce7f7b8,.,26/2/2026,12,13.04,0,0,0,0,0,,,,,,,,TRUE,,,FALSE
1cddf23d,TRUE,1cddf23d,.,26/2/2026,1,11.19,0,0,0,0,0,,,,,,,,TRUE,,,FALSE
fa12c19a,FALSE,fa12c19a,.,22/1/2026,1,,,,,,,,,,,,,,,,,FALSE
af8abc50,FALSE,af8abc50,.,26/2/2026,1,,,,,,,,,,,,,,,,,FALSE
47876742,TRUE,47876742,.,19/2/2026,11,3.92,6.16,0,0,0,0,,,,,,,,TRUE,,,FALSE
5645a256,TRUE,5645a256,.,27/2/2026,11,2.8,6.02,0,0,0,0,,,,,,,,TRUE,,,FALSE
b0ae2e2d,TRUE,b0ae2e2d,.,27/2/2026,10,2.75,7.7,0,0,0,0,,,,,,,,TRUE,,,FALSE
630fc3e6,TRUE,630fc3e6,.,9/2/2026,12,9.54,0,0,0,0,0,,,,,,,,TRUE,,,FALSE
15aae5fc,TRUE,15aae5fc,.,19/2/2026,12,15.03,0,0,0,0,0,,,,,,,,TRUE,,,FALSE
23a03a7c,TRUE,23a03a7c,.,19/2/2026,6,2.07,2.93,0,0,0,0,,,,,,,,TRUE,,,FALSE
9b9e9b7d,FALSE,9b9e9b7d,.,10/3/2026,12,,,,,,,,,,,,,,,,,FALSE
99444490,TRUE,99444490,.,18/12/2025,1,,,,,,,,,,,,,,,,,FALSE
bf7ad955,TRUE,bf7ad955,.,2/3/2026,6,9,0,0,0,0,0,,,,,,,,TRUE,,,FALSE
be6b9371,TRUE,be6b9371,.,19/2/2026,10,8.4,0,0,0,0,0,,,,,,,,TRUE,,,FALSE
bfdd72b4,TRUE,bfdd72b4,.,9/2/2026,12,15.18,0,0,0,0,0,,,,,,,,TRUE,,,FALSE
f02b31e5,TRUE,f02b31e5,.,2/3/2026,1,11.78,0,0,0,0,0,,,,,,,,TRUE,,,FALSE
98178a2c,FALSE,98178a2c,.,19/2/2026,1,,,,,,,,,,,,,,,,,FALSE
54d9e8bd,FALSE,54d9e8bd,.,6/3/2026,1,,,,,,,,,,,,,,,,,FALSE
7a33b03f,TRUE,7a33b03f,.,4/3/2026,12,12.1,0,0,0,0,0,,,,,,,,TRUE,,,FALSE
91d1069d,FALSE,91d1069d,.,19/2/2026,1,,,,,,,,,,,,,,,,,FALSE
d0c1843c,FALSE,d0c1843c,.,4/3/2026,1,,,,,,,,,,,,,,,,,FALSE
c073f003,TRUE,c073f003,.,5/3/2026,12,10.47,0,0,0,0,0,,,,,,,,TRUE,,,FALSE
78df28f8,FALSE,78df28f8,.,7/3/2026,1,,,,,,,,,,,,,,,,,FALSE
5d01a2e1,FALSE,5d01a2e1,.,,12,,,,,,,,,,,,,,,,,FALSE
df375d93,TRUE,df375d93,.,16/12/2025,1,-2.54,-6.4,0,0,0,0,,,,,,,,TRUE,,,FALSE
c7ab2472,FALSE,c7ab2472,.,,12,,,,,,,,,,,,,,,,,FALSE
e6c2cfb5,TRUE,e6c2cfb5,.,18/12/2025,1,,,,,,,,,,,,,,,,,FALSE
46e2e095,TRUE,46e2e095,.,12/2/2026,1,,,,,,,,,,,,,,,,,FALSE
3b74cb4f,TRUE,3b74cb4f,.,16/3/2026,11,12,0,0,0,0,0,,,,,,,,TRUE,,,FALSE
4e38b299,TRUE,4e38b299,.,10/3/2026,1,2.54,6.4,0,0,0,0,,,,,,,,TRUE,,,FALSE
30891042,TRUE,30891042,.,12/3/2026,3,2.51,0,0,0,0,0,,,,,,,,TRUE,,,FALSE
9a38fdb1,TRUE,9a38fdb1,.,16/3/2026,12,11.73,0,0,0,0,0,,,,,,,,TRUE,,,FALSE
fe20c3a2,TRUE,fe20c3a2,.,12/3/2026,10,17.8,0,0,0,0,0,,,,,,,,TRUE,,,FALSE
707cf2bb,TRUE,707cf2bb,.,12/3/2026,10,21.53,0,0,0,0,0,,,,,,,,TRUE,,,FALSE
88e138d1,TRUE,88e138d1,.,,1,,,,,,,,,,,,,,,,,FALSE
c2e67288,TRUE,c2e67288,.,11/11/2025,1,,,,,,,,,,,,,,,,,FALSE
bd0ccb5e,TRUE,bd0ccb5e,.,,1,,,,,,,,,,,,,,,,,FALSE
f2815603,TRUE,f2815603,.,25/3/2026,12,9.01,0,0,0,0,0,,,,,,,,TRUE,,,FALSE
906a08d8,TRUE,906a08d8,.,26/3/2026,1,0,0,7300,0,0,0,,,,,,,,TRUE,,,FALSE
74d05808,TRUE,74d05808,.,26/3/2026,1,0,0,7300,0,0,0,,,,,,,,TRUE,,,FALSE
2c17c3d7,TRUE,2c17c3d7,.,26/3/2026,1,0,0,7300,0,0,0,,,,,,,,TRUE,,,FALSE
86cf5334,TRUE,86cf5334,.,26/3/2026,1,0,0,7300,0,0,0,,,,,,,,TRUE,,,FALSE
1e79a8a3,TRUE,1e79a8a3,.,26/3/2026,1,0,0,7300,0,0,0,,,,,,,,TRUE,,,FALSE
a7fce9a6,TRUE,a7fce9a6,.,26/3/2026,1,0,0,7300,0,0,0,,,,,,,,TRUE,,,FALSE
386769d5,TRUE,386769d5,.,26/3/2026,1,0,0,7300,0,0,0,,,,,,,,TRUE,,,FALSE
c086dc0e,TRUE,c086dc0e,.,26/3/2026,1,0,0,7300,0,0,0,,,,,,,,TRUE,,,FALSE
570cd034,TRUE,570cd034,.,26/3/2026,1,0,0,7300,0,0,0,,,,,,,,TRUE,,,FALSE
738ceac9,TRUE,738ceac9,.,26/3/2026,1,0,0,7300,0,0,0,,,,,,,,TRUE,,,FALSE
1c99ca71,TRUE,1c99ca71,.,26/3/2026,1,0,0,7300,0,0,0,,,,,,,,TRUE,,,FALSE
743c3323,TRUE,743c3323,.,26/3/2026,1,0,0,7300,0,0,0,,,,,,,,TRUE,,,FALSE
2a59752c,TRUE,2a59752c,.,26/3/2026,10,1.97,4.4,0,0,0,0,,,,,,,,TRUE,,,FALSE
62886a61,TRUE,62886a61,.,26/3/2026,1,0,0,7300,0,0,0,,,,,,,,TRUE,,,FALSE
74b462de,TRUE,74b462de,.,26/3/2026,1,0,0,7300,0,0,0,,,,,,,,TRUE,,,FALSE
3f0e1d8a,TRUE,3f0e1d8a,.,26/3/2026,1,0,0,7300,0,0,0,,,,,,,,TRUE,,,FALSE
c59da61d,TRUE,c59da61d,.,26/3/2026,1,0,0,7300,0,0,0,,,,,,,,TRUE,,,FALSE
a66c20b8,TRUE,a66c20b8,.,31/3/2026,11,13.56,0,0,0,0,0,,,,,,,,TRUE,,,FALSE
c1b4e691,TRUE,c1b4e691,.,20/3/2026,1,15.41,0,0,0,0,0,,,,,,,,TRUE,,,FALSE
eb9b23cd,TRUE,eb9b23cd,.,,10,,,,,,,$19.40,10,$19.44,4/5/2026,2/6/2026,,,,,,FALSE
9f53ac69,TRUE,9f53ac69,.,20/3/2026,12,6.46,0,0,0,0,0,,,,,,,,TRUE,,,FALSE
572abdb5,TRUE,572abdb5,.,,12,,,,,,,,,,,,,,,,,FALSE
ed7ecc04,FALSE,ed7ecc04,.,20/3/2026,1,,,,,,,,,,,,,,,,,FALSE
6ebba3d1,FALSE,6ebba3d1,.,,1,,,,,,,,,,,,,,,,,FALSE
8525b6a4,FALSE,8525b6a4,.,17/3/2026,12,,,,,,,$1.54,,,5/5/2026,5/6/2026,,,,,,FALSE
0b540dcf,FALSE,0b540dcf,.,20/3/2026,12,13.81,0,0,0,0,0,$1.40,1,$1.37,14/5/2026,25/6/2026,,,TRUE,,,FALSE
5158b0e5,TRUE,5158b0e5,.,2/4/2026,12,,,,,,,,,,,,,,,,,FALSE
ec74a6bb,TRUE,ec74a6bb,.,7/4/2026,12,0,0,0,0,0,0,,,,,,,,TRUE,,,FALSE
21874ae5,TRUE,21874ae5,.,,10,,,,,,,$0.87,10,$0.83,5/5/2026,5/6/2026,,,,,,FALSE
22049f94,TRUE,22049f94,.,,10,,,,,,,$1.02,10,$1.01,5/5/2026,5/6/2026,,,,,,FALSE
d78dd6ea,TRUE,92646330,29219550,,12,11.03,0,,,,,$1.12,1,$1.09,13/5/2026,2/6/2026,/Gestión/Pólizas/Documentos/Planes de Pago/d78dd6ea.PDF.185513.pdf,FALSE,FALSE,,,FALSE
9f3852a6,TRUE,679cde3b,1,10/4/2026,1,2,0,0,0,0,0,$3.38,,,10/4/2026,,,FALSE,TRUE,,,FALSE
c535953d,TRUE,cfeb0314,1,10/4/2026,1,1.3,0,0,0,0,0,$1.55,,,10/4/2026,,,FALSE,TRUE,,,FALSE
82136f80,FALSE,edce6881,,20/4/2026,1,-15.48,0,0,0,0,0,-$18.42,,,,,,FALSE,FALSE,,,
4de469f6,FALSE,d42cca33,,20/4/2026,1,-13.81,0,0,0,0,0,-$16.43,,,,,,FALSE,FALSE,,,
f57ce768,TRUE,1820370e,1,,12,11.59,0,0,0,0,0,$1.17,1,$1.15,18/5/2026,5/6/2026,,FALSE,FALSE,,,FALSE
dfba2e2b,TRUE,acff375c,1,,12,11.4,0,,,,,$1.13,12,$1.14,5/5/2026,5/6/2026,,FALSE,FALSE,,,FALSE
90e1abfd,TRUE,727a6cb7,1,,11,2.48,6.08,,,,,$0.83,11,$0.91,30/5/2026,30/6/2026,,FALSE,FALSE,,,FALSE
9a0b9a41,TRUE,3efe61f8,1,,12,11.4,0,,,,,$1.15,1,$1.13,20/5/2026,20/6/2026,,FALSE,FALSE,,,FALSE
a28787f3,TRUE,e272197c,1,,10,91.84,0,0,0,0,0,$11.91,1,$11.91,25/6/2026,25/7/2026,,FALSE,FALSE,,,FALSE
448a30f5,,2b5e85d4,,,12,9.1,0,,,,,,,,,,,FALSE,FALSE,,,
e5efe93f,,121c7182,,,12,11.95,0,,,,,,,,,,,FALSE,FALSE,,,
19d4a3a4,TRUE,7e1561c3,1,,12,8.27,0,,,,,$0.84,1,$0.82,25/5/2026,25/6/2026,,FALSE,FALSE,,,FALSE
,FALSE,,,,,,,,,,,,,,,,,FALSE,FALSE,,,FALSE
,FALSE,,,,,,,,,,,,,,,,,FALSE,FALSE,,,FALSE
,FALSE,,,,,,,,,,,,,,,,,FALSE,FALSE,,,FALSE
,FALSE,,,,,,,,,,,,,,,,,FALSE,FALSE,,,FALSE
,FALSE,,,,,,,,,,,,,,,,,FALSE,FALSE,,,FALSE
,FALSE,,,,,,,,,,,,,,,,,FALSE,FALSE,,,FALSE
,FALSE,,,,,,,,,,,,,,,,,FALSE,FALSE,,,FALSE
,FALSE,,,,,,,,,,,,,,,,,FALSE,FALSE,,,FALSE
,FALSE,,,,,,,,,,,,,,,,,FALSE,FALSE,,,FALSE
,FALSE,,,,,,,,,,,,,,,,,FALSE,FALSE,,,FALSE
,FALSE,,,,,,,,,,,,,,,,,FALSE,FALSE,,,FALSE
,FALSE,,,,,,,,,,,,,,,,,FALSE,FALSE,,,FALSE
,FALSE,,,,,,,,,,,,,,,,,FALSE,FALSE,,,FALSE
,FALSE,,,,,,,,,,,,,,,,,FALSE,FALSE,,,FALSE
,FALSE,,,,,,,,,,,,,,,,,FALSE,FALSE,,,FALSE
,FALSE,,,,,,,,,,,,,,,,,FALSE,FALSE,,,FALSE
,FALSE,,,,,,,,,,,,,,,,,FALSE,FALSE,,,FALSE
,FALSE,,,,,,,,,,,,,,,,,FALSE,FALSE,,,FALSE
,FALSE,,,,,,,,,,,,,,,,,FALSE,FALSE,,,FALSE
,FALSE,,,,,,,,,,,,,,,,,FALSE,FALSE,,,FALSE
,FALSE,,,,,,,,,,,,,,,,,FALSE,FALSE,,,FALSE
,FALSE,,,,,,,,,,,,,,,,,FALSE,FALSE,,,FALSE
,FALSE,,,,,,,,,,,,,,,,,FALSE,FALSE,,,FALSE
,FALSE,,,,,,,,,,,,,,,,,FALSE,FALSE,,,FALSE
,FALSE,,,,,,,,,,,,,,,,,FALSE,FALSE,,,FALSE
,FALSE,,,,,,,,,,,,,,,,,FALSE,FALSE,,,FALSE
,FALSE,,,,,,,,,,,,,,,,,FALSE,FALSE,,,FALSE
,FALSE,,,,,,,,,,,,,,,,,FALSE,FALSE,,,FALSE
,FALSE,,,,,,,,,,,,,,,,,FALSE,FALSE,,,FALSE
,FALSE,,,,,,,,,,,,,,,,,FALSE,FALSE,,,FALSE
,FALSE,,,,,,,,,,,,,,,,,FALSE,FALSE,,,FALSE
,FALSE,,,,,,,,,,,,,,,,,FALSE,FALSE,,,FALSE
,FALSE,,,,,,,,,,,,,,,,,FALSE,FALSE,,,FALSE
,FALSE,,,,,,,,,,,,,,,,,FALSE,FALSE,,,FALSE
,FALSE,,,,,,,,,,,,,,,,,FALSE,FALSE,,,FALSE
,FALSE,,,,,,,,,,,,,,,,,FALSE,FALSE,,,FALSE
,FALSE,,,,,,,,,,,,,,,,,FALSE,FALSE,,,FALSE
,FALSE,,,,,,,,,,,,,,,,,FALSE,FALSE,,,FALSE
,FALSE,,,,,,,,,,,,,,,,,FALSE,FALSE,,,FALSE
,FALSE,,,,,,,,,,,,,,,,,FALSE,FALSE,,,FALSE
,FALSE,,,,,,,,,,,,,,,,,FALSE,FALSE,,,FALSE
,FALSE,,,,,,,,,,,,,,,,,FALSE,FALSE,,,FALSE
,FALSE,,,,,,,,,,,,,,,,,FALSE,FALSE,,,FALSE
,FALSE,,,,,,,,,,,,,,,,,FALSE,FALSE,,,FALSE
,FALSE,,,,,,,,,,,,,,,,,FALSE,FALSE,,,FALSE
,FALSE,,,,,,,,,,,,,,,,,FALSE,FALSE,,,FALSE
,FALSE,,,,,,,,,,,,,,,,,FALSE,FALSE,,,FALSE
,FALSE,,,,,,,,,,,,,,,,,FALSE,FALSE,,,FALSE
,FALSE,,,,,,,,,,,,,,,,,FALSE,FALSE,,,FALSE
,FALSE,,,,,,,,,,,,,,,,,FALSE,FALSE,,,FALSE
,FALSE,,,,,,,,,,,,,,,,,FALSE,FALSE,,,FALSE
,FALSE,,,,,,,,,,,,,,,,,FALSE,FALSE,,,FALSE
,FALSE,,,,,,,,,,,,,,,,,FALSE,FALSE,,,FALSE
,FALSE,,,,,,,,,,,,,,,,,FALSE,FALSE,,,FALSE
,FALSE,,,,,,,,,,,,,,,,,FALSE,FALSE,,,FALSE
,FALSE,,,,,,,,,,,,,,,,,FALSE,FALSE,,,FALSE
,FALSE,,,,,,,,,,,,,,,,,FALSE,FALSE,,,FALSE
,FALSE,,,,,,,,,,,,,,,,,FALSE,FALSE,,,FALSE
,FALSE,,,,,,,,,,,,,,,,,FALSE,FALSE,,,FALSE
,FALSE,,,,,,,,,,,,,,,,,FALSE,FALSE,,,FALSE
,FALSE,,,,,,,,,,,,,,,,,FALSE,FALSE,,,FALSE
,FALSE,,,,,,,,,,,,,,,,,FALSE,FALSE,,,FALSE
,FALSE,,,,,,,,,,,,,,,,,FALSE,FALSE,,,FALSE
,FALSE,,,,,,,,,,,,,,,,,FALSE,FALSE,,,FALSE
,FALSE,,,,,,,,,,,,,,,,,FALSE,FALSE,,,FALSE
,FALSE,,,,,,,,,,,,,,,,,FALSE,FALSE,,,FALSE
,FALSE,,,,,,,,,,,,,,,,,FALSE,FALSE,,,FALSE
,FALSE,,,,,,,,,,,,,,,,,FALSE,FALSE,,,FALSE
,FALSE,,,,,,,,,,,,,,,,,FALSE,FALSE,,,FALSE
,FALSE,,,,,,,,,,,,,,,,,FALSE,FALSE,,,FALSE
,FALSE,,,,,,,,,,,,,,,,,FALSE,FALSE,,,FALSE
,FALSE,,,,,,,,,,,,,,,,,FALSE,FALSE,,,FALSE
,FALSE,,,,,,,,,,,,,,,,,FALSE,FALSE,,,FALSE
,FALSE,,,,,,,,,,,,,,,,,FALSE,FALSE,,,FALSE
,FALSE,,,,,,,,,,,,,,,,,FALSE,FALSE,,,FALSE
,FALSE,,,,,,,,,,,,,,,,,FALSE,FALSE,,,FALSE
,FALSE,,,,,,,,,,,,,,,,,FALSE,FALSE,,,FALSE
,FALSE,,,,,,,,,,,,,,,,,FALSE,FALSE,,,FALSE
,FALSE,,,,,,,,,,,,,,,,,FALSE,FALSE,,,FALSE
,FALSE,,,,,,,,,,,,,,,,,FALSE,FALSE,,,FALSE
,FALSE,,,,,,,,,,,,,,,,,FALSE,FALSE,,,FALSE
,FALSE,,,,,,,,,,,,,,,,,FALSE,FALSE,,,FALSE
,FALSE,,,,,,,,,,,,,,,,,FALSE,FALSE,,,FALSE
,FALSE,,,,,,,,,,,,,,,,,FALSE,FALSE,,,FALSE
,FALSE,,,,,,,,,,,,,,,,,FALSE,FALSE,,,FALSE
,FALSE,,,,,,,,,,,,,,,,,FALSE,FALSE,,,FALSE
,FALSE,,,,,,,,,,,,,,,,,FALSE,FALSE,,,FALSE
,FALSE,,,,,,,,,,,,,,,,,FALSE,FALSE,,,FALSE
,FALSE,,,,,,,,,,,,,,,,,FALSE,FALSE,,,FALSE
,FALSE,,,,,,,,,,,,,,,,,FALSE,FALSE,,,FALSE
,FALSE,,,,,,,,,,,,,,,,,FALSE,FALSE,,,FALSE
,FALSE,,,,,,,,,,,,,,,,,FALSE,FALSE,,,FALSE
,FALSE,,,,,,,,,,,,,,,,,FALSE,FALSE,,,FALSE
,FALSE,,,,,,,,,,,,,,,,,FALSE,FALSE,,,FALSE
,FALSE,,,,,,,,,,,,,,,,,FALSE,FALSE,,,FALSE
,FALSE,,,,,,,,,,,,,,,,,FALSE,FALSE,,,FALSE
,FALSE,,,,,,,,,,,,,,,,,FALSE,FALSE,,,FALSE
,FALSE,,,,,,,,,,,,,,,,,FALSE,FALSE,,,FALSE
,FALSE,,,,,,,,,,,,,,,,,FALSE,FALSE,,,FALSE
,FALSE,,,,,,,,,,,,,,,,,FALSE,FALSE,,,FALSE
,FALSE,,,,,,,,,,,,,,,,,FALSE,FALSE,,,FALSE
,FALSE,,,,,,,,,,,,,,,,,FALSE,FALSE,,,FALSE
,FALSE,,,,,,,,,,,,,,,,,FALSE,FALSE,,,FALSE
,FALSE,,,,,,,,,,,,,,,,,FALSE,FALSE,,,FALSE
,FALSE,,,,,,,,,,,,,,,,,FALSE,FALSE,,,FALSE
,FALSE,,,,,,,,,,,,,,,,,FALSE,FALSE,,,FALSE
,FALSE,,,,,,,,,,,,,,,,,FALSE,FALSE,,,FALSE
,FALSE,,,,,,,,,,,,,,,,,FALSE,FALSE,,,FALSE
,FALSE,,,,,,,,,,,,,,,,,FALSE,FALSE,,,FALSE
,FALSE,,,,,,,,,,,,,,,,,FALSE,FALSE,,,FALSE
,FALSE,,,,,,,,,,,,,,,,,FALSE,FALSE,,,FALSE
,FALSE,,,,,,,,,,,,,,,,,FALSE,FALSE,,,FALSE
,FALSE,,,,,,,,,,,,,,,,,FALSE,FALSE,,,FALSE
,FALSE,,,,,,,,,,,,,,,,,FALSE,FALSE,,,FALSE
,FALSE,,,,,,,,,,,,,,,,,FALSE,FALSE,,,FALSE
,FALSE,,,,,,,,,,,,,,,,,FALSE,FALSE,,,FALSE
,FALSE,,,,,,,,,,,,,,,,,FALSE,FALSE,,,FALSE
,FALSE,,,,,,,,,,,,,,,,,FALSE,FALSE,,,FALSE
,FALSE,,,,,,,,,,,,,,,,,FALSE,FALSE,,,FALSE
,FALSE,,,,,,,,,,,,,,,,,FALSE,FALSE,,,FALSE
,FALSE,,,,,,,,,,,,,,,,,FALSE,FALSE,,,FALSE
,FALSE,,,,,,,,,,,,,,,,,FALSE,FALSE,,,FALSE
,FALSE,,,,,,,,,,,,,,,,,FALSE,FALSE,,,FALSE
,FALSE,,,,,,,,,,,,,,,,,FALSE,FALSE,,,FALSE
,FALSE,,,,,,,,,,,,,,,,,FALSE,FALSE,,,FALSE
,FALSE,,,,,,,,,,,,,,,,,FALSE,FALSE,,,FALSE
,FALSE,,,,,,,,,,,,,,,,,FALSE,FALSE,,,FALSE
,FALSE,,,,,,,,,,,,,,,,,FALSE,FALSE,,,FALSE
,FALSE,,,,,,,,,,,,,,,,,FALSE,FALSE,,,FALSE
,FALSE,,,,,,,,,,,,,,,,,FALSE,FALSE,,,FALSE
,FALSE,,,,,,,,,,,,,,,,,FALSE,FALSE,,,FALSE
,FALSE,,,,,,,,,,,,,,,,,FALSE,FALSE,,,FALSE
,FALSE,,,,,,,,,,,,,,,,,FALSE,FALSE,,,FALSE
,FALSE,,,,,,,,,,,,,,,,,FALSE,FALSE,,,FALSE
,FALSE,,,,,,,,,,,,,,,,,FALSE,FALSE,,,FALSE
,FALSE,,,,,,,,,,,,,,,,,FALSE,FALSE,,,FALSE
,FALSE,,,,,,,,,,,,,,,,,FALSE,FALSE,,,FALSE
,FALSE,,,,,,,,,,,,,,,,,FALSE,FALSE,,,FALSE
,FALSE,,,,,,,,,,,,,,,,,FALSE,FALSE,,,FALSE
,FALSE,,,,,,,,,,,,,,,,,FALSE,FALSE,,,FALSE
,FALSE,,,,,,,,,,,,,,,,,FALSE,FALSE,,,FALSE
,FALSE,,,,,,,,,,,,,,,,,FALSE,FALSE,,,FALSE
,FALSE,,,,,,,,,,,,,,,,,FALSE,FALSE,,,FALSE
,FALSE,,,,,,,,,,,,,,,,,FALSE,FALSE,,,FALSE
,FALSE,,,,,,,,,,,,,,,,,FALSE,FALSE,,,FALSE
,FALSE,,,,,,,,,,,,,,,,,FALSE,FALSE,,,FALSE
,FALSE,,,,,,,,,,,,,,,,,FALSE,FALSE,,,FALSE
,FALSE,,,,,,,,,,,,,,,,,FALSE,FALSE,,,FALSE
,FALSE,,,,,,,,,,,,,,,,,FALSE,FALSE,,,FALSE
,FALSE,,,,,,,,,,,,,,,,,FALSE,FALSE,,,FALSE
,FALSE,,,,,,,,,,,,,,,,,FALSE,FALSE,,,FALSE
,FALSE,,,,,,,,,,,,,,,,,FALSE,FALSE,,,FALSE
,FALSE,,,,,,,,,,,,,,,,,FALSE,FALSE,,,FALSE
,FALSE,,,,,,,,,,,,,,,,,FALSE,FALSE,,,FALSE
,FALSE,,,,,,,,,,,,,,,,,FALSE,FALSE,,,FALSE
,FALSE,,,,,,,,,,,,,,,,,FALSE,FALSE,,,FALSE
,FALSE,,,,,,,,,,,,,,,,,FALSE,FALSE,,,FALSE
,FALSE,,,,,,,,,,,,,,,,,FALSE,FALSE,,,FALSE
,FALSE,,,,,,,,,,,,,,,,,FALSE,FALSE,,,FALSE
,FALSE,,,,,,,,,,,,,,,,,FALSE,FALSE,,,FALSE
,FALSE,,,,,,,,,,,,,,,,,FALSE,FALSE,,,FALSE
,FALSE,,,,,,,,,,,,,,,,,FALSE,FALSE,,,FALSE
,FALSE,,,,,,,,,,,,,,,,,FALSE,FALSE,,,FALSE
,FALSE,,,,,,,,,,,,,,,,,FALSE,FALSE,,,FALSE
,FALSE,,,,,,,,,,,,,,,,,FALSE,FALSE,,,FALSE
,FALSE,,,,,,,,,,,,,,,,,FALSE,FALSE,,,FALSE
,FALSE,,,,,,,,,,,,,,,,,FALSE,FALSE,,,FALSE
,FALSE,,,,,,,,,,,,,,,,,FALSE,FALSE,,,FALSE
,FALSE,,,,,,,,,,,,,,,,,FALSE,FALSE,,,FALSE
,FALSE,,,,,,,,,,,,,,,,,FALSE,FALSE,,,FALSE
,FALSE,,,,,,,,,,,,,,,,,FALSE,FALSE,,,FALSE
,FALSE,,,,,,,,,,,,,,,,,FALSE,FALSE,,,FALSE
,FALSE,,,,,,,,,,,,,,,,,FALSE,FALSE,,,FALSE
,FALSE,,,,,,,,,,,,,,,,,FALSE,FALSE,,,FALSE
,FALSE,,,,,,,,,,,,,,,,,FALSE,FALSE,,,FALSE
,FALSE,,,,,,,,,,,,,,,,,FALSE,FALSE,,,FALSE
,FALSE,,,,,,,,,,,,,,,,,FALSE,FALSE,,,FALSE
,FALSE,,,,,,,,,,,,,,,,,FALSE,FALSE,,,FALSE
,FALSE,,,,,,,,,,,,,,,,,FALSE,FALSE,,,FALSE
,FALSE,,,,,,,,,,,,,,,,,FALSE,FALSE,,,FALSE
,FALSE,,,,,,,,,,,,,,,,,FALSE,FALSE,,,FALSE
,FALSE,,,,,,,,,,,,,,,,,FALSE,FALSE,,,FALSE
,FALSE,,,,,,,,,,,,,,,,,FALSE,FALSE,,,FALSE
,FALSE,,,,,,,,,,,,,,,,,FALSE,FALSE,,,FALSE
,FALSE,,,,,,,,,,,,,,,,,FALSE,FALSE,,,FALSE
,FALSE,,,,,,,,,,,,,,,,,FALSE,FALSE,,,FALSE
,FALSE,,,,,,,,,,,,,,,,,FALSE,FALSE,,,FALSE
,FALSE,,,,,,,,,,,,,,,,,FALSE,FALSE,,,FALSE
,FALSE,,,,,,,,,,,,,,,,,FALSE,FALSE,,,FALSE
,FALSE,,,,,,,,,,,,,,,,,FALSE,FALSE,,,FALSE
,FALSE,,,,,,,,,,,,,,,,,FALSE,FALSE,,,FALSE
,FALSE,,,,,,,,,,,,,,,,,FALSE,FALSE,,,FALSE
,FALSE,,,,,,,,,,,,,,,,,FALSE,FALSE,,,FALSE
,FALSE,,,,,,,,,,,,,,,,,FALSE,FALSE,,,FALSE
,FALSE,,,,,,,,,,,,,,,,,FALSE,FALSE,,,FALSE
,FALSE,,,,,,,,,,,,,,,,,FALSE,FALSE,,,FALSE
,FALSE,,,,,,,,,,,,,,,,,FALSE,FALSE,,,FALSE
,FALSE,,,,,,,,,,,,,,,,,FALSE,FALSE,,,FALSE
,FALSE,,,,,,,,,,,,,,,,,FALSE,FALSE,,,FALSE
,FALSE,,,,,,,,,,,,,,,,,FALSE,FALSE,,,FALSE
,FALSE,,,,,,,,,,,,,,,,,FALSE,FALSE,,,FALSE
,FALSE,,,,,,,,,,,,,,,,,FALSE,FALSE,,,FALSE
,FALSE,,,,,,,,,,,,,,,,,FALSE,FALSE,,,FALSE
,FALSE,,,,,,,,,,,,,,,,,FALSE,FALSE,,,FALSE
,FALSE,,,,,,,,,,,,,,,,,FALSE,FALSE,,,FALSE
,FALSE,,,,,,,,,,,,,,,,,FALSE,FALSE,,,FALSE
,FALSE,,,,,,,,,,,,,,,,,FALSE,FALSE,,,FALSE
,FALSE,,,,,,,,,,,,,,,,,FALSE,FALSE,,,FALSE
,FALSE,,,,,,,,,,,,,,,,,FALSE,FALSE,,,FALSE
,FALSE,,,,,,,,,,,,,,,,,FALSE,FALSE,,,FALSE
,FALSE,,,,,,,,,,,,,,,,,FALSE,FALSE,,,FALSE
,FALSE,,,,,,,,,,,,,,,,,FALSE,FALSE,,,FALSE
,FALSE,,,,,,,,,,,,,,,,,FALSE,FALSE,,,FALSE
,FALSE,,,,,,,,,,,,,,,,,FALSE,FALSE,,,FALSE
,FALSE,,,,,,,,,,,,,,,,,FALSE,FALSE,,,FALSE
,FALSE,,,,,,,,,,,,,,,,,FALSE,FALSE,,,FALSE
,FALSE,,,,,,,,,,,,,,,,,FALSE,FALSE,,,FALSE
,FALSE,,,,,,,,,,,,,,,,,FALSE,FALSE,,,FALSE
,FALSE,,,,,,,,,,,,,,,,,FALSE,FALSE,,,FALSE
,FALSE,,,,,,,,,,,,,,,,,FALSE,FALSE,,,FALSE
,FALSE,,,,,,,,,,,,,,,,,FALSE,FALSE,,,FALSE
,FALSE,,,,,,,,,,,,,,,,,FALSE,FALSE,,,FALSE
,FALSE,,,,,,,,,,,,,,,,,FALSE,FALSE,,,FALSE
,FALSE,,,,,,,,,,,,,,,,,FALSE,FALSE,,,FALSE
,FALSE,,,,,,,,,,,,,,,,,FALSE,FALSE,,,FALSE
,FALSE,,,,,,,,,,,,,,,,,FALSE,FALSE,,,FALSE
,FALSE,,,,,,,,,,,,,,,,,FALSE,FALSE,,,FALSE
,FALSE,,,,,,,,,,,,,,,,,FALSE,FALSE,,,FALSE
,FALSE,,,,,,,,,,,,,,,,,FALSE,FALSE,,,FALSE
,FALSE,,,,,,,,,,,,,,,,,FALSE,FALSE,,,FALSE
,FALSE,,,,,,,,,,,,,,,,,FALSE,FALSE,,,FALSE
,FALSE,,,,,,,,,,,,,,,,,FALSE,FALSE,,,FALSE
,FALSE,,,,,,,,,,,,,,,,,FALSE,FALSE,,,FALSE
,FALSE,,,,,,,,,,,,,,,,,FALSE,FALSE,,,FALSE
,FALSE,,,,,,,,,,,,,,,,,FALSE,FALSE,,,FALSE
,FALSE,,,,,,,,,,,,,,,,,FALSE,FALSE,,,FALSE
,FALSE,,,,,,,,,,,,,,,,,FALSE,FALSE,,,FALSE
,FALSE,,,,,,,,,,,,,,,,,FALSE,FALSE,,,FALSE
,FALSE,,,,,,,,,,,,,,,,,FALSE,FALSE,,,FALSE
,FALSE,,,,,,,,,,,,,,,,,FALSE,FALSE,,,FALSE
,FALSE,,,,,,,,,,,,,,,,,FALSE,FALSE,,,FALSE
,FALSE,,,,,,,,,,,,,,,,,FALSE,FALSE,,,FALSE
,FALSE,,,,,,,,,,,,,,,,,FALSE,FALSE,,,FALSE
,FALSE,,,,,,,,,,,,,,,,,FALSE,FALSE,,,FALSE
,FALSE,,,,,,,,,,,,,,,,,FALSE,FALSE,,,FALSE
,FALSE,,,,,,,,,,,,,,,,,FALSE,FALSE,,,FALSE
,FALSE,,,,,,,,,,,,,,,,,FALSE,FALSE,,,FALSE
,FALSE,,,,,,,,,,,,,,,,,FALSE,FALSE,,,FALSE
,FALSE,,,,,,,,,,,,,,,,,FALSE,FALSE,,,FALSE
,FALSE,,,,,,,,,,,,,,,,,FALSE,FALSE,,,FALSE
,FALSE,,,,,,,,,,,,,,,,,FALSE,FALSE,,,FALSE
,FALSE,,,,,,,,,,,,,,,,,FALSE,FALSE,,,FALSE
,FALSE,,,,,,,,,,,,,,,,,FALSE,FALSE,,,FALSE
,FALSE,,,,,,,,,,,,,,,,,FALSE,FALSE,,,FALSE
,FALSE,,,,,,,,,,,,,,,,,FALSE,FALSE,,,FALSE
,FALSE,,,,,,,,,,,,,,,,,FALSE,FALSE,,,FALSE
,FALSE,,,,,,,,,,,,,,,,,FALSE,FALSE,,,FALSE
,FALSE,,,,,,,,,,,,,,,,,FALSE,FALSE,,,FALSE
,FALSE,,,,,,,,,,,,,,,,,FALSE,FALSE,,,FALSE
,FALSE,,,,,,,,,,,,,,,,,FALSE,FALSE,,,FALSE
,FALSE,,,,,,,,,,,,,,,,,FALSE,FALSE,,,FALSE
,FALSE,,,,,,,,,,,,,,,,,FALSE,FALSE,,,FALSE
,FALSE,,,,,,,,,,,,,,,,,FALSE,FALSE,,,FALSE
,FALSE,,,,,,,,,,,,,,,,,FALSE,FALSE,,,FALSE
,FALSE,,,,,,,,,,,,,,,,,FALSE,FALSE,,,FALSE
,FALSE,,,,,,,,,,,,,,,,,FALSE,FALSE,,,FALSE
,FALSE,,,,,,,,,,,,,,,,,FALSE,FALSE,,,FALSE
,FALSE,,,,,,,,,,,,,,,,,FALSE,FALSE,,,FALSE
,FALSE,,,,,,,,,,,,,,,,,FALSE,FALSE,,,FALSE
,FALSE,,,,,,,,,,,,,,,,,FALSE,FALSE,,,FALSE
,FALSE,,,,,,,,,,,,,,,,,FALSE,FALSE,,,FALSE
,FALSE,,,,,,,,,,,,,,,,,FALSE,FALSE,,,FALSE
,FALSE,,,,,,,,,,,,,,,,,FALSE,FALSE,,,FALSE
,FALSE,,,,,,,,,,,,,,,,,FALSE,FALSE,,,FALSE
,FALSE,,,,,,,,,,,,,,,,,FALSE,FALSE,,,FALSE
,FALSE,,,,,,,,,,,,,,,,,FALSE,FALSE,,,FALSE
,FALSE,,,,,,,,,,,,,,,,,FALSE,FALSE,,,FALSE