ID,Compañía,Tipo,Movimiento,Cantidad Documentos,Fecha Liquidación,N° Liquidación,Facturación,Monto Afecto,Monto Exento,Liquidación,Detalle,Comentarios
BCom0001,Com0001,Comisión,Factura,2,15/10/2022,15102022,Única,"$2,288",$0,/Gestión/Pólizas/Comisiones/BCom0001.Liquidación.172501.xlsx,/Gestión/Pólizas/Comisiones/BCom0001.Detalle.172501.xlsx,
BCom0002,Com0008,Comisión,Factura,1,11/11/2022,86642,Única,"$78,209.00",0,/Gestión/Pólizas/Comisiones/BCom0002.Liquidación.165127.pdf,/Gestión/Pólizas/Comisiones/BCom0002.Detalle.165127.xlsx,
BCom0003,Com0001,Comisión,Factura,1,15/11/2022,15112022,Única,"$100,640.00",0,/Gestión/Pólizas/Comisiones/BCom0003.Liquidación.174536.xlsx,/Gestión/Pólizas/Comisiones/BCom0003.Detalle.174536.xlsx,
BCom0004,Com0006,Comisión,Factura,1,15/11/2022,1,Única,"$63,294.00",0,/Gestión/Pólizas/Comisiones/BCom0004.Liquidación.182154.pdf,/Gestión/Pólizas/Comisiones/BCom0004.Detalle.182155.320.xlsx,
BCom0005,Com0001,Comisión,Factura,1,15/12/2022,15122022,Única,"$56,214.00",0,/Gestión/Pólizas/Comisiones/BCom0005.Liquidación.175648.xlsx,/Gestión/Pólizas/Comisiones/BCom0005.Detalle.175648.xlsx,
BCom0006,Com0006,Comisión,Factura,1,31/12/2022,2,Única,"$36,269.00",0,/Gestión/Pólizas/Comisiones/BCom0006.Liquidación.182320.pdf,/Gestión/Pólizas/Comisiones/BCom0006.Detalle.182320.160.xlsx,
BCom0007,Com0001,Comisión,Factura,2,15/1/2023,15012023,Única,"$22,588.00",0,/Gestión/Pólizas/Comisiones/BCom0007.Liquidación.175709.xlsx,/Gestión/Pólizas/Comisiones/BCom0007.Detalle.175709.xlsx,
BCom0008,Com0007,Comisión,Factura,1,30/1/2023,23012023,Separada,"$140,011.00",66634,/Gestión/Pólizas/Comisiones/BCom0008.Liquidación.170040.pdf,/Gestión/Pólizas/Comisiones/BCom0008.Detalle.170040.pdf,
BCom0009,Com0007,Comisión,Factura,1,9/2/2023,7022023,Única,"$88,712.00",0,/Gestión/Pólizas/Comisiones/BCom0009.Liquidación.170142.pdf,/Gestión/Pólizas/Comisiones/BCom0009.Detalle.170142.pdf,
BCom0010,Com0001,Comisión,Factura,5,15/2/2023,15022023,Única,"$164,551.00",0,/Gestión/Pólizas/Comisiones/BCom0010.Liquidación.175727.xlsx,/Gestión/Pólizas/Comisiones/BCom0010.Detalle.175727.xlsx,
BCom0011,Com0006,Comisión,Factura,1,15/2/2023,3,Única,"$94,676.00",0,/Gestión/Pólizas/Comisiones/BCom0011.Liquidación.182456.pdf,/Gestión/Pólizas/Comisiones/BCom0011.Detalle.182456.664.xlsx,
BCom0012,Com0007,Comisión,Factura,7,21/2/2023,21022023,Única,"$521,348.00",0,/Gestión/Pólizas/Comisiones/BCom0012.Liquidación.170222.pdf,/Gestión/Pólizas/Comisiones/BCom0012.Detalle.170222.pdf,
BCom0013,Com0008,Comisión,Factura,8,27/2/2023,89713,Única,"$737,018.00",0,/Gestión/Pólizas/Comisiones/BCom0013.Liquidación.183614.pdf,/Gestión/Pólizas/Comisiones/BCom0013.Detalle.183614.xlsx,
BCom0014,Com0007,Comisión,Factura,2,6/3/2023,6032023,Única,"$821,683.00",0,/Gestión/Pólizas/Comisiones/BCom0014.Liquidación.170300.pdf,/Gestión/Pólizas/Comisiones/BCom0014.Detalle.170300.pdf,
BCom0015,Com0008,Comisión,Factura,7,13/3/2023,90164,Única,"$832,405.00",0,/Gestión/Pólizas/Comisiones/BCom0015.Liquidación.185054.pdf,/Gestión/Pólizas/Comisiones/BCom0015.Detalle.185054.xlsx,
BCom0016,Com0001,Comisión,Factura,4,15/3/2023,15032023,Única,"$280,654.00",0,/Gestión/Pólizas/Comisiones/BCom0016.Liquidación.175753.xlsx,/Gestión/Pólizas/Comisiones/BCom0016.Detalle.175753.xlsx,
BCom0017,Com0007,Comisión,Factura,3,20/3/2023,20032023,Única,"$563,464.00",0,/Gestión/Pólizas/Comisiones/BCom0017.Liquidación.170334.pdf,/Gestión/Pólizas/Comisiones/BCom0017.Detalle.170334.pdf,
BCom0018,Com0007,Comisión,Factura,5,5/4/2023,5042023,Separada,"$82,373.00",16577,/Gestión/Pólizas/Comisiones/BCom0018.Liquidación.170412.pdf,/Gestión/Pólizas/Comisiones/BCom0018.Detalle.170412.pdf,
BCom0019,Com0001,Comisión,Factura,3,15/4/2023,15042023,Única,"$89,662.00",0,/Gestión/Pólizas/Comisiones/BCom0019.Liquidación.175814.xlsx,/Gestión/Pólizas/Comisiones/BCom0019.Detalle.175814.xlsx,
BCom0020,Com0007,Comisión,Factura,2,18/4/2023,18042023,Única,"$168,461.00",0,/Gestión/Pólizas/Comisiones/BCom0020.Liquidación.170445.pdf,/Gestión/Pólizas/Comisiones/BCom0020.Detalle.170445.pdf,
BCom0021,Com0008,Comisión,Factura,1,25/4/2023,91428,Única,"$50,624.00",0,/Gestión/Pólizas/Comisiones/BCom0021.Liquidación.185756.pdf,/Gestión/Pólizas/Comisiones/BCom0021.Detalle.185756.xlsx,
BCom0022,Com0006,Comisión,Factura,1,30/4/2023,4,Única,"$97,801.00",0,/Gestión/Pólizas/Comisiones/BCom0022.Liquidación.190715.pdf,/Gestión/Pólizas/Comisiones/BCom0022.Detalle.190715.383.xlsx,
BCom0023,Com0001,Comisión,Factura,1,15/5/2023,15052023,Única,"$143,452.00",0,/Gestión/Pólizas/Comisiones/BCom0023.Liquidación.175836.xlsx,/Gestión/Pólizas/Comisiones/BCom0023.Detalle.175836.xlsx,
BCom0024,Com0007,Comisión,Factura,2,22/6/2023,22062023,Única,"$142,840.00",0,/Gestión/Pólizas/Comisiones/BCom0024.Liquidación.170556.pdf,/Gestión/Pólizas/Comisiones/BCom0024.Detalle.170556.pdf,
BCom0025,Com0006,Comisión,Factura,1,30/6/2023,5,Única,"$214,797.00",0,/Gestión/Pólizas/Comisiones/BCom0025.Liquidación.161636.pdf,/Gestión/Pólizas/Comisiones/BCom0025.Detalle.161636.608.xlsx,
BCom0026,Com0004,Comisión,Factura,1,30/6/2023,17422,Única,"$119,240.00",0,/Gestión/Pólizas/Comisiones/BCom0026.Liquidación.160221.pdf,/Gestión/Pólizas/Comisiones/BCom0026.Detalle.160221.xlsx,
BCom0027,Com0005,Comisión,Factura,2,30/6/2023,30062023,Única,"$122,396.00",0,/Gestión/Pólizas/Comisiones/BCom0027.Liquidación.164845.pdf,/Gestión/Pólizas/Comisiones/BCom0027.Detalle.164845.xlsx,
BCom0028,Com0006,Comisión,Factura,4,15/7/2023,6,Única,"$1,717,098.00",0,/Gestión/Pólizas/Comisiones/BCom0028.Liquidación.162407.347.pdf,/Gestión/Pólizas/Comisiones/BCom0028.Detalle.162407.347.xlsx,
BCom0029,Com0006,Comisión,Factura,2,15/7/2023,Esp01,Única,"$1,110,237.00",0,/Gestión/Pólizas/Comisiones/BCom0029.Liquidación.162644.182.pdf,/Gestión/Pólizas/Comisiones/BCom0029.Detalle.162644.182.xlsx,
BCom0030,Com0007,Comisión,Factura,2,20/7/2023,20072023,Única,"$158,185.00",0,/Gestión/Pólizas/Comisiones/BCom0030.Liquidación.170630.pdf,/Gestión/Pólizas/Comisiones/BCom0030.Detalle.170630.pdf,
BCom0031,Com0006,Comisión,Factura,1,31/7/2023,7,Separada,"$7,566.00",48278,/Gestión/Pólizas/Comisiones/BCom0031.Liquidación.163000.454.pdf,/Gestión/Pólizas/Comisiones/BCom0031.Detalle.163000.454.xlsx,
BCom0032,Com0006,Comisión,Factura,6,15/8/2023,8,Separada,"$332,459.00",93494,/Gestión/Pólizas/Comisiones/BCom0032.Liquidación.165534.884.pdf,/Gestión/Pólizas/Comisiones/BCom0032.Detalle.165534.884.xlsx,
BCom0033,Com0006,Comisión,Saldo,1,31/8/2023,9,,"-$13,384.00",-41959,/Gestión/Pólizas/Comisiones/BCom0033.Liquidación.170636.pdf,/Gestión/Pólizas/Comisiones/BCom0033.Detalle.170636.pdf,
BCom0034,Com0006,Comisión,Saldo,1,31/8/2023,Esp02,,"-$448,534.00",0,/Gestión/Pólizas/Comisiones/BCom0034.Liquidación.171031.pdf,/Gestión/Pólizas/Comisiones/BCom0034.Detalle.171031.pdf,
BCom0035,Com0005,Comisión,Factura,1,31/8/2023,31082023,Única,"$455,711.00",0,/Gestión/Pólizas/Comisiones/BCom0035.Liquidación.165036.pdf,/Gestión/Pólizas/Comisiones/BCom0035.Detalle.165036.xlsx,
BCom0036,Com0007,Comisión,Factura,3,7/9/2023,7092023,Única,"$201,176.00",0,/Gestión/Pólizas/Comisiones/BCom0036.Liquidación.170719.pdf,/Gestión/Pólizas/Comisiones/BCom0036.Detalle.170719.pdf,
BCom0037,Com0001,Comisión,Factura,8,15/9/2023,15092023,Separada,"$5,095.00",16625,/Gestión/Pólizas/Comisiones/BCom0037.Liquidación.175858.xlsx,/Gestión/Pólizas/Comisiones/BCom0037.Detalle.175858.xlsx,
BCom0038,Com0006,Saldo,Saldo,0,15/9/2023,10,,"-$13,384.00",-41959,/Gestión/Pólizas/Comisiones/BCom0038.Liquidación.171214.pdf,/Gestión/Pólizas/Comisiones/BCom0038.Detalle.171214.pdf,
BCom0039,Com0006,Saldo,Saldo,0,30/9/2023,11,,"-$13,384.00",-41959,/Gestión/Pólizas/Comisiones/BCom0039.Liquidación.171401.pdf,/Gestión/Pólizas/Comisiones/BCom0039.Detalle.171401.pdf,
BCom0040,Com0007,Comisión,Factura,3,3/10/2023,3102023,Separada,"$32,381.00",0,/Gestión/Pólizas/Comisiones/BCom0040.Liquidación.152220.pdf,/Gestión/Pólizas/Comisiones/BCom0040.Detalle.153026.pdf,"Se reprocesó la liquidación y no avisaron hasta que nos dimos cuenta el 16/02/26.
Se segunda factura para cubrir la diferencia de lo pagado por la primera.
El cambio solo contempla el registro de los 2 documentos de la pol 300329874"
BCom0041,Com0006,Comisión,Saldo,2,15/10/2023,12,,"-$625,172.00",-55343,/Gestión/Pólizas/Comisiones/BCom0041.Liquidación.171725.pdf,/Gestión/Pólizas/Comisiones/BCom0041.Detalle.171725.pdf,
BCom0042,Com0006,Saldo,Saldo,0,15/10/2023,Esp03,,"-$448,534.00",0,/Gestión/Pólizas/Comisiones/BCom0042.Liquidación.171847.pdf,/Gestión/Pólizas/Comisiones/BCom0042.Detalle.171847.pdf,
BCom0043,Com0007,Comisión,Factura,1,19/10/2023,19102023,Única,"$36,114.00",0,/Gestión/Pólizas/Comisiones/BCom0043.Liquidación.170910.pdf,/Gestión/Pólizas/Comisiones/BCom0043.Detalle.170910.pdf,
BCom0044,Com0006,Saldo,Saldo,0,31/10/2023,13,,"-$638,556.00",-41959,/Gestión/Pólizas/Comisiones/BCom0044.Liquidación.171932.pdf,/Gestión/Pólizas/Comisiones/BCom0044.Detalle.171932.pdf,
BCom0045,Com0006,Comisión,Saldo,1,31/10/2023,Esp04,,"-$675,327.00",0,/Gestión/Pólizas/Comisiones/BCom0045.Liquidación.172850.pdf,/Gestión/Pólizas/Comisiones/BCom0045.Detalle.172850.pdf,
BCom0046,Com0005,Comisión,Factura,1,31/10/2023,31102023,Única,"$119,777.00",0,/Gestión/Pólizas/Comisiones/BCom0046.Liquidación.165155.pdf,/Gestión/Pólizas/Comisiones/BCom0046.Detalle.165155.xlsx,
BCom0047,Com0007,Comisión,Factura,2,7/11/2023,7112023,Única,"$18,088.00",0,/Gestión/Pólizas/Comisiones/BCom0047.Liquidación.171005.pdf,/Gestión/Pólizas/Comisiones/BCom0047.Detalle.171005.pdf,
BCom0048,Com0001,Comisión,Factura,3,15/11/2023,15112023,Única,"$43,900.00",0,/Gestión/Pólizas/Comisiones/BCom0048.Liquidación.175920.xlsx,/Gestión/Pólizas/Comisiones/BCom0048.Detalle.175920.xlsx,
BCom0049,Com0006,Comisión,Saldo,2,15/11/2023,14,,"-$542,393.00",-36840,/Gestión/Pólizas/Comisiones/BCom0049.Liquidación.173259.pdf,/Gestión/Pólizas/Comisiones/BCom0049.Detalle.173259.pdf,
BCom0050,Com0006,Saldo,Saldo,0,15/11/2023,Esp05,,"-$675,327.00",0,/Gestión/Pólizas/Comisiones/BCom0050.Liquidación.173347.pdf,/Gestión/Pólizas/Comisiones/BCom0050.Detalle.173347.pdf,
BCom0051,Com0007,Comisión,Factura,1,20/11/2023,20112023,Única,"$37,199.00",0,/Gestión/Pólizas/Comisiones/BCom0051.Liquidación.171118.pdf,/Gestión/Pólizas/Comisiones/BCom0051.Detalle.171118.pdf,
BCom0052,Com0006,Comisión,Saldo,2,30/11/2023,15,,"-$460,392.00",-29518,/Gestión/Pólizas/Comisiones/BCom0052.Liquidación.173453.pdf,/Gestión/Pólizas/Comisiones/BCom0052.Detalle.173453.pdf,
BCom0053,Com0006,Comisión,Factura,1,30/11/2023,Esp06,Separada,"-$400,037.00",638804,/Gestión/Pólizas/Comisiones/BCom0053.Liquidación.173619.pdf,/Gestión/Pólizas/Comisiones/BCom0053.Detalle.173619.pdf,
BCom0054,Com0004,Comisión,Factura,2,30/11/2023,20779,Única,"$192,180.00",0,/Gestión/Pólizas/Comisiones/BCom0054.Liquidación.160308.pdf,/Gestión/Pólizas/Comisiones/BCom0054.Detalle.160308.xls,
BCom0055,Com0005,Comisión,Factura,2,30/11/2023,30112023,Única,"$142,276.00",0,/Gestión/Pólizas/Comisiones/BCom0055.Liquidación.165314.pdf,/Gestión/Pólizas/Comisiones/BCom0055.Detalle.165314.xlsx,
BCom0056,Com0001,Comisión,Factura,3,15/12/2023,15122023,Única,"$290,030.00",0,/Gestión/Pólizas/Comisiones/BCom0056.Liquidación.175947.xlsx,/Gestión/Pólizas/Comisiones/BCom0056.Detalle.175947.xlsx,
BCom0057,Com0006,Saldo,Saldo,0,15/12/2023,16,,"-$460,392.00",-29518,/Gestión/Pólizas/Comisiones/BCom0057.Liquidación.173710.pdf,/Gestión/Pólizas/Comisiones/BCom0057.Detalle.173710.pdf,
BCom0058,Com0006,Saldo,Saldo,0,15/12/2023,Esp07,,$0.00,0,/Gestión/Pólizas/Comisiones/BCom0058.Liquidación.173746.pdf,/Gestión/Pólizas/Comisiones/BCom0058.Detalle.173746.pdf,
BCom0059,Com0007,Comisión,Factura,2,18/12/2023,18122023,Única,"$255,306.00",0,/Gestión/Pólizas/Comisiones/BCom0059.Liquidación.171203.pdf,/Gestión/Pólizas/Comisiones/BCom0059.Detalle.171203.pdf,
BCom0060,Com0006,Saldo,Saldo,0,31/12/2023,17,,"-$460,392.00",-29518,/Gestión/Pólizas/Comisiones/BCom0060.Liquidación.173823.pdf,/Gestión/Pólizas/Comisiones/BCom0060.Detalle.173823.pdf,
BCom0061,Com0004,Comisión,Factura,2,31/12/2023,21818,Única,"$168,477.00",0,/Gestión/Pólizas/Comisiones/BCom0061.Liquidación.160749.pdf,/Gestión/Pólizas/Comisiones/BCom0061.Detalle.160749.xls,
BCom0062,Com0009,Comisión,Factura,1,2/1/2024,2012024,Única,"$80,028.00",0,/Gestión/Pólizas/Comisiones/BCom0062.Liquidación.163518.pdf,/Gestión/Pólizas/Comisiones/BCom0062.Detalle.163518.pdf,
BCom0063,Com0007,Comisión,Factura,7,4/1/2024,4012024,Única,"$550,058.00",0,/Gestión/Pólizas/Comisiones/BCom0063.Liquidación.171303.pdf,/Gestión/Pólizas/Comisiones/BCom0063.Detalle.171303.pdf,
BCom0064,Com0001,Comisión,Factura,6,15/1/2024,15012024,Separada,"$298,816.00",17670,/Gestión/Pólizas/Comisiones/BCom0064.Liquidación.180007.xlsx,/Gestión/Pólizas/Comisiones/BCom0064.Detalle.180007.xlsx,
BCom0065,Com0006,Comisión,Saldo,3,15/1/2024,18,,"-$189,775.00",149179,/Gestión/Pólizas/Comisiones/BCom0065.Liquidación.180325.pdf,/Gestión/Pólizas/Comisiones/BCom0065.Detalle.180325.pdf,
BCom0066,Com0007,Comisión,Saldo,2,18/1/2024,18012024,,-$11.00,0,/Gestión/Pólizas/Comisiones/BCom0066.Liquidación.171403.pdf,/Gestión/Pólizas/Comisiones/BCom0066.Detalle.171403.pdf,
BCom0067,Com0006,Saldo,Saldo,0,31/1/2024,19,,"-$189,775.00",149179,/Gestión/Pólizas/Comisiones/BCom0067.Liquidación.180422.pdf,/Gestión/Pólizas/Comisiones/BCom0067.Detalle.180422.pdf,
BCom0068,Com0004,Comisión,Factura,6,31/1/2024,22411,Única,"$466,748.00",0,/Gestión/Pólizas/Comisiones/BCom0068.Liquidación.160914.pdf,/Gestión/Pólizas/Comisiones/BCom0068.Detalle.160914.xls,
BCom0069,Com0007,Comisión,Saldo,8,7/2/2024,7022024,,"-$193,441.00",0,/Gestión/Pólizas/Comisiones/BCom0069.Liquidación.171947.pdf,/Gestión/Pólizas/Comisiones/BCom0069.Detalle.171947.pdf,
BCom0070,Com0008,Comisión,Factura,3,13/2/2024,100215,Única,"$104,046.00",0,/Gestión/Pólizas/Comisiones/BCom0070.Liquidación.192316.pdf,/Gestión/Pólizas/Comisiones/BCom0070.Detalle.192316.xlsx,
BCom0071,Com0001,Comisión,Factura,1,15/2/2024,15022024,Única,"$590,272.00",0,/Gestión/Pólizas/Comisiones/BCom0071.Liquidación.180025.xlsx,/Gestión/Pólizas/Comisiones/BCom0071.Detalle.180025.xlsx,
BCom0072,Com0006,Saldo,Saldo,0,15/2/2024,20,,"-$189,775.00",149179,/Gestión/Pólizas/Comisiones/BCom0072.Liquidación.180633.pdf,/Gestión/Pólizas/Comisiones/BCom0072.Detalle.180633.pdf,
BCom0073,Com0007,Comisión,Factura,14,28/2/2024,20022024,Separada,"$346,356.00",22293,/Gestión/Pólizas/Comisiones/BCom0073.Liquidación.173753.pdf,/Gestión/Pólizas/Comisiones/BCom0073.Detalle.173753.pdf,
BCom0074,Com0008,Comisión,Factura,2,27/2/2024,635,Única,"$365,318.00",0,/Gestión/Pólizas/Comisiones/BCom0074.Liquidación.192524.pdf,/Gestión/Pólizas/Comisiones/BCom0074.Detalle.192524.xlsx,
BCom0075,Com0006,Comisión,Factura,2,29/2/2024,21,Separada,"$138,142.00",166908,/Gestión/Pólizas/Comisiones/BCom0075.Liquidación.180748.pdf,/Gestión/Pólizas/Comisiones/BCom0075.Detalle.180748.pdf,
BCom0076,Com0004,Comisión,Factura,1,29/2/2024,23535,Única,"$96,140.00",0,/Gestión/Pólizas/Comisiones/BCom0076.Liquidación.160943.pdf,/Gestión/Pólizas/Comisiones/BCom0076.Detalle.160943.xls,
BCom0077,Com0008,Comisión,Factura,2,11/3/2024,1030,Única,"$158,053.00",0,/Gestión/Pólizas/Comisiones/BCom0077.Liquidación.192829.pdf,/Gestión/Pólizas/Comisiones/BCom0077.Detalle.192829.xlsx,
BCom0078,Com0008,Comisión,Factura,1,15/4/2024,1882,Única,"$56,183.00",0,/Gestión/Pólizas/Comisiones/BCom0078.Liquidación.193437.pdf,/Gestión/Pólizas/Comisiones/BCom0078.Detalle.193437.xlsx,
BCom0079,Com0001,Comisión,Factura,1,15/3/2024,15032024,Única,"$81,637.00",0,/Gestión/Pólizas/Comisiones/BCom0079.Liquidación.180050.xlsx,/Gestión/Pólizas/Comisiones/BCom0079.Detalle.180050.xlsx,
BCom0080,Com0006,Comisión,Factura,4,15/3/2024,22,Única,"$104,544.00",0,/Gestión/Pólizas/Comisiones/BCom0080.Liquidación.180958.pdf,/Gestión/Pólizas/Comisiones/BCom0080.Detalle.180958.pdf,
BCom0081,Com0007,Comisión,Factura,1,19/3/2024,19032024,Única,"$79,834.00",0,/Gestión/Pólizas/Comisiones/BCom0081.Liquidación.173836.pdf,/Gestión/Pólizas/Comisiones/BCom0081.Detalle.173836.pdf,
BCom0082,Com0006,Comisión,Saldo,2,31/3/2024,23,,"-$76,174.00",0,/Gestión/Pólizas/Comisiones/BCom0082.Liquidación.181109.pdf,/Gestión/Pólizas/Comisiones/BCom0082.Detalle.181109.pdf,
BCom0083,Com0004,Comisión,Factura,1,31/3/2024,24201,Única,"$93,865.00",0,/Gestión/Pólizas/Comisiones/BCom0083.Liquidación.161142.pdf,/Gestión/Pólizas/Comisiones/BCom0083.Detalle.161142.xls,
BCom0084,Com0005,Comisión,Factura,1,31/3/2024,31032024,Única,"$50,163.00",0,/Gestión/Pólizas/Comisiones/BCom0084.Liquidación.165425.pdf,/Gestión/Pólizas/Comisiones/BCom0084.Detalle.165425.xlsx,
BCom0085,Com0007,Comisión,Factura,1,2/4/2024,2042024,Única,"$59,453.00",0,/Gestión/Pólizas/Comisiones/BCom0085.Liquidación.173916.pdf,/Gestión/Pólizas/Comisiones/BCom0085.Detalle.173916.pdf,
BCom0086,Com0001,Comisión,Factura,2,15/4/2024,15042024,Única,"$246,773.00",0,/Gestión/Pólizas/Comisiones/BCom0086.Liquidación.180111.xlsx,/Gestión/Pólizas/Comisiones/BCom0086.Detalle.180111.xlsx,
BCom0087,Com0006,Comisión,Saldo,1,15/4/2024,24,,"-$3,934.00",0,/Gestión/Pólizas/Comisiones/BCom0087.Liquidación.181305.pdf,/Gestión/Pólizas/Comisiones/BCom0087.Detalle.181305.pdf,
BCom0088,Com0007,Comisión,Saldo,2,16/4/2024,16042024,,"-$51,406.00",0,/Gestión/Pólizas/Comisiones/BCom0088.Liquidación.174017.pdf,/Gestión/Pólizas/Comisiones/BCom0088.Detalle.174017.pdf,
BCom0089,Com0006,Saldo,Saldo,0,30/4/2024,25,,"-$3,934.00",0,/Gestión/Pólizas/Comisiones/BCom0089.Liquidación.152206.pdf,/Gestión/Pólizas/Comisiones/BCom0089.Detalle.152206.pdf,
BCom0090,Com0006,Saldo,Saldo,0,30/4/2024,Esp08,,$0.00,0,/Gestión/Pólizas/Comisiones/BCom0090.Liquidación.152116.pdf,/Gestión/Pólizas/Comisiones/BCom0090.Detalle.152116.pdf,
BCom0091,Com0004,Comisión,Factura,1,30/4/2024,25037,Única,"$112,721.00",0,/Gestión/Pólizas/Comisiones/BCom0091.Liquidación.161210.pdf,/Gestión/Pólizas/Comisiones/BCom0091.Detalle.161210.xls,
BCom0092,Com0009,Comisión,Factura,4,3/5/2024,3052024,Única,"$290,461.00",0,/Gestión/Pólizas/Comisiones/BCom0092.Liquidación.163421.pdf,/Gestión/Pólizas/Comisiones/BCom0092.Detalle.163421.pdf,
BCom0093,Com0007,Comisión,Saldo,2,9/5/2024,9052024,,"-$51,503.00",0,/Gestión/Pólizas/Comisiones/BCom0093.Liquidación.174800.pdf,/Gestión/Pólizas/Comisiones/BCom0093.Detalle.174800.pdf,
BCom0094,Com0008,Comisión,Factura,1,15/5/2024,3235,Única,"$34,096.00",0,/Gestión/Pólizas/Comisiones/BCom0094.Liquidación.193654.pdf,/Gestión/Pólizas/Comisiones/BCom0094.Detalle.193654.xlsx,
BCom0095,Com0006,Comisión,Factura,1,15/5/2024,26,Única,"$99,006.00",0,/Gestión/Pólizas/Comisiones/BCom0095.Liquidación.152917.pdf,/Gestión/Pólizas/Comisiones/BCom0095.Detalle.152917.pdf,
BCom0096,Com0007,Comisión,Saldo,2,21/5/2024,21052024,,"-$51,677.00",0,/Gestión/Pólizas/Comisiones/BCom0096.Liquidación.175200.pdf,/Gestión/Pólizas/Comisiones/BCom0096.Detalle.175200.pdf,
BCom0097,Com0006,Comisión,Factura,3,31/5/2024,27,Separada,"$50,241.00",7124,/Gestión/Pólizas/Comisiones/BCom0097.Liquidación.155508.pdf,/Gestión/Pólizas/Comisiones/BCom0097.Detalle.155508.pdf,
BCom0098,Com0004,Comisión,Factura,2,31/5/2024,25690,Única,"$37,868.00",0,/Gestión/Pólizas/Comisiones/BCom0098.Liquidación.161241.pdf,/Gestión/Pólizas/Comisiones/BCom0098.Detalle.161241.xls,
BCom0099,Com0005,Comisión,Saldo,2,31/5/2024,31052024,,"-$27,724.00",0,/Gestión/Pólizas/Comisiones/BCom0099.Liquidación.165749.pdf,/Gestión/Pólizas/Comisiones/BCom0099.Detalle.165749.pdf,
BCom0100,Com0007,Comisión,Saldo,2,9/6/2024,9062024,,"-$51,760.00",0,/Gestión/Pólizas/Comisiones/BCom0100.Liquidación.175635.pdf,/Gestión/Pólizas/Comisiones/BCom0100.Detalle.175635.pdf,
BCom0101,Com0008,Comisión,Saldo,1,15/6/2024,4124,,"-$10,149.00",0,/Gestión/Pólizas/Comisiones/BCom0101.Liquidación.194636.pdf,/Gestión/Pólizas/Comisiones/BCom0101.Detalle.194636.xlsx,
BCom0102,Com0001,Comisión,Factura,3,15/6/2024,15062024,Única,"$85,305.00",0,/Gestión/Pólizas/Comisiones/BCom0102.Liquidación.180137.xlsx,/Gestión/Pólizas/Comisiones/BCom0102.Detalle.180137.xlsx,
BCom0103,Com0006,Comisión,Factura,2,15/6/2024,28,Separada,"$69,863.00",60848,/Gestión/Pólizas/Comisiones/BCom0103.Liquidación.155741.pdf,/Gestión/Pólizas/Comisiones/BCom0103.Detalle.155741.pdf,
BCom0104,Com0007,Comisión,Factura,3,18/6/2024,18062024,Única,"$125,264.00",0,/Gestión/Pólizas/Comisiones/BCom0104.Liquidación.190431.pdf,/Gestión/Pólizas/Comisiones/BCom0104.Detalle.190431.pdf,
BCom0105,Com0006,Comisión,Factura,1,30/6/2024,29,Única,"$1,573,793.00",0,/Gestión/Pólizas/Comisiones/BCom0105.Liquidación.160047.pdf,/Gestión/Pólizas/Comisiones/BCom0105.Detalle.160047.pdf,
BCom0106,Com0004,Comisión,Factura,2,30/6/2024,26902,Única,"$106,040.00",0,/Gestión/Pólizas/Comisiones/BCom0106.Liquidación.161314.pdf,/Gestión/Pólizas/Comisiones/BCom0106.Detalle.161314.xls,
BCom0107,Com0002,Comisión,Factura,1,2/7/2024,15062024,Única,"$28,179.00",0,/Gestión/Pólizas/Comisiones/BCom0107.Liquidación.153648.pdf,/Gestión/Pólizas/Comisiones/BCom0107.Detalle.153648.pdf,
BCom0108,Com0001,Comisión,Factura,4,15/7/2024,15072024,Separada,"$322,405.00",23674,/Gestión/Pólizas/Comisiones/BCom0108.Liquidación.180156.xlsx,/Gestión/Pólizas/Comisiones/BCom0108.Detalle.180156.xlsx,
BCom0109,Com0006,Comisión,Factura,2,15/7/2024,30,Separada,"$55,252.00",50366,/Gestión/Pólizas/Comisiones/BCom0109.Liquidación.160548.pdf,/Gestión/Pólizas/Comisiones/BCom0109.Detalle.160548.pdf,
BCom0110,Com0006,Comisión,Factura,1,15/7/2024,Esp09,Única,"$367,593.00",0,/Gestión/Pólizas/Comisiones/BCom0110.Liquidación.160428.pdf,/Gestión/Pólizas/Comisiones/BCom0110.Detalle.160428.pdf,
BCom0111,Com0006,Comisión,Saldo,1,31/7/2024,31,Separada,"-$45,082.00",-6386,/Gestión/Pólizas/Comisiones/BCom0111.Liquidación.160806.pdf,/Gestión/Pólizas/Comisiones/BCom0111.Detalle.160806.pdf,
BCom0112,Com0006,Saldo,Saldo,0,15/8/2024,32,,"-$45,082.00",-6386,/Gestión/Pólizas/Comisiones/BCom0112.Liquidación.161050.pdf,/Gestión/Pólizas/Comisiones/BCom0112.Detalle.161050.pdf,
BCom0113,Com0007,Comisión,Factura,1,19/8/2024,19082024,Única,"$89,838.00",0,/Gestión/Pólizas/Comisiones/BCom0113.Liquidación.190724.pdf,/Gestión/Pólizas/Comisiones/BCom0113.Detalle.190724.pdf,
BCom0114,Com0006,Comisión,Factura,1,31/8/2024,33,Separada,"$44,577.00",-6386,/Gestión/Pólizas/Comisiones/BCom0114.Liquidación.161301.pdf,/Gestión/Pólizas/Comisiones/BCom0114.Detalle.161301.pdf,
BCom0115,Com0005,Comisión,Factura,2,31/8/2024,31082024,Única,"$480,949.00",0,/Gestión/Pólizas/Comisiones/BCom0115.Liquidación.165929.pdf,/Gestión/Pólizas/Comisiones/BCom0115.Detalle.165929.xlsx,
BCom0116,Com0008,Comisión,Factura,1,15/9/2024,6886,Única,"$44,843.00",0,/Gestión/Pólizas/Comisiones/BCom0116.Liquidación.194851.pdf,/Gestión/Pólizas/Comisiones/BCom0116.Detalle.194851.xlsx,
BCom0117,Com0001,Comisión,Factura,1,15/9/2024,15092024,Única,"$101,241.00",0,/Gestión/Pólizas/Comisiones/BCom0117.Liquidación.180214.xlsx,/Gestión/Pólizas/Comisiones/BCom0117.Detalle.180214.xlsx,
BCom0118,Com0006,Saldo,Saldo,0,15/9/2024,34,,$0.00,0,/Gestión/Pólizas/Comisiones/BCom0118.Liquidación.161345.pdf,/Gestión/Pólizas/Comisiones/BCom0118.Detalle.161345.pdf,
BCom0119,Com0007,Comisión,Saldo,1,17/9/2024,17092024,,"-$44,342.00",0,/Gestión/Pólizas/Comisiones/BCom0119.Liquidación.191028.pdf,/Gestión/Pólizas/Comisiones/BCom0119.Detalle.191028.pdf,
BCom0120,Com0006,Comisión,Factura,1,30/9/2024,35,Única,"$125,217.00",0,/Gestión/Pólizas/Comisiones/BCom0120.Liquidación.161604.pdf,/Gestión/Pólizas/Comisiones/BCom0120.Detalle.161604.pdf,
BCom0121,Com0007,Comisión,Saldo,1,9/10/2024,9102024,,"-$44,395.00",0,/Gestión/Pólizas/Comisiones/BCom0121.Liquidación.191224.pdf,/Gestión/Pólizas/Comisiones/BCom0121.Detalle.191224.pdf,
BCom0122,Com0001,Comisión,Factura,3,15/10/2024,15102024,Separada,"$129,889.00",17445,/Gestión/Pólizas/Comisiones/BCom0122.Liquidación.175538.xlsx,/Gestión/Pólizas/Comisiones/BCom0122.Detalle.175538.xlsx,
BCom0123,Com0007,Comisión,Saldo,1,29/10/2024,29102024,,"-$44,423.00",0,/Gestión/Pólizas/Comisiones/BCom0123.Liquidación.193733.pdf,/Gestión/Pólizas/Comisiones/BCom0123.Detalle.193733.pdf,
BCom0124,Com0006,Comisión,Factura,2,31/10/2024,36,Separada,"$85,081.00",7596,/Gestión/Pólizas/Comisiones/BCom0124.Liquidación.161927.pdf,/Gestión/Pólizas/Comisiones/BCom0124.Detalle.161927.pdf,
BCom0125,Com0007,Comisión,Saldo,2,9/11/2024,9112024,,"-$53,445.00",0,/Gestión/Pólizas/Comisiones/BCom0125.Liquidación.194135.pdf,/Gestión/Pólizas/Comisiones/BCom0125.Detalle.194135.pdf,
BCom0126,Com0008,Comisión,Factura,1,15/11/2024,8777,Única,"$249,790.00",0,/Gestión/Pólizas/Comisiones/BCom0126.Liquidación.195008.pdf,/Gestión/Pólizas/Comisiones/BCom0126.Detalle.195008.xlsx,
BCom0127,Com0001,Comisión,Factura,7,15/11/2024,15112024,Única,"$106,818.00",0,/Gestión/Pólizas/Comisiones/BCom0127.Liquidación.180252.xlsx,/Gestión/Pólizas/Comisiones/BCom0127.Detalle.180252.xlsx,
BCom0128,Com0006,Comisión,Factura,1,15/11/2024,37,Única,"$70,330.00",0,/Gestión/Pólizas/Comisiones/BCom0128.Liquidación.162136.pdf,/Gestión/Pólizas/Comisiones/BCom0128.Detalle.162136.pdf,
BCom0129,Com0006,Comisión,Factura,1,15/11/2024,Esp10,Separada,"$286,669.00",665073,/Gestión/Pólizas/Comisiones/BCom0129.Liquidación.162042.pdf,/Gestión/Pólizas/Comisiones/BCom0129.Detalle.162042.pdf,
BCom0130,Com0007,Comisión,Factura,3,28/11/2024,28112024,Única,"$78,903.00",0,/Gestión/Pólizas/Comisiones/BCom0130.Liquidación.194802.pdf,/Gestión/Pólizas/Comisiones/BCom0130.Detalle.194802.pdf,
BCom0131,Com0004,Comisión,Factura,8,30/11/2024,31150,Única,"$42,068.00",0,/Gestión/Pólizas/Comisiones/BCom0131.Liquidación.161346.pdf,/Gestión/Pólizas/Comisiones/BCom0131.Detalle.161346.xlsx,
BCom0132,Com0005,Comisión,Factura,2,30/11/2024,30112024,Única,"$148,750.00",0,/Gestión/Pólizas/Comisiones/BCom0132.Liquidación.170046.pdf,/Gestión/Pólizas/Comisiones/BCom0132.Detalle.170046.xlsx,
BCom0133,Com0008,Comisión,Factura,1,15/12/2024,9660,Única,"$112,604.00",0,/Gestión/Pólizas/Comisiones/BCom0133.Liquidación.195118.pdf,/Gestión/Pólizas/Comisiones/BCom0133.Detalle.195118.xlsx,
BCom0134,Com0001,Comisión,Factura,3,15/12/2024,15122024,Única,"$179,417.00",0,/Gestión/Pólizas/Comisiones/BCom0134.Liquidación.180314.xlsx,/Gestión/Pólizas/Comisiones/BCom0134.Detalle.180314.xlsx,
BCom0135,Com0006,Comisión,Factura,1,15/12/2024,38,Única,"$105,619.00",0,/Gestión/Pólizas/Comisiones/BCom0135.Liquidación.162301.pdf,/Gestión/Pólizas/Comisiones/BCom0135.Detalle.162301.pdf,
BCom0136,Com0004,Comisión,Factura,3,31/12/2024,32085,Única,"$242,371.00",0,/Gestión/Pólizas/Comisiones/BCom0136.Liquidación.161422.pdf,/Gestión/Pólizas/Comisiones/BCom0136.Detalle.161422.xls,
BCom0137,Com0008,Comisión,Factura,1,15/1/2025,10521,Única,"$62,546.00",0,/Gestión/Pólizas/Comisiones/BCom0137.Liquidación.195308.pdf,/Gestión/Pólizas/Comisiones/BCom0137.Detalle.195308.xlsx,
BCom0138,Com0001,Comisión,Factura,10,15/1/2025,15012025,Separada,"$299,321.00",18441,/Gestión/Pólizas/Comisiones/BCom0138.Liquidación.180338.xlsx,/Gestión/Pólizas/Comisiones/BCom0138.Detalle.180338.xlsx,
BCom0139,Com0006,Comisión,Factura,3,15/1/2025,39,Separada,"-$19,988.00",34210,/Gestión/Pólizas/Comisiones/BCom0139.Liquidación.162426.pdf,/Gestión/Pólizas/Comisiones/BCom0139.Detalle.162426.pdf,
BCom0140,Com0007,Comisión,Saldo,1,30/1/2025,30012025,,"-$67,450.00",0,/Gestión/Pólizas/Comisiones/BCom0140.Liquidación.162749.266.pdf,/Gestión/Pólizas/Comisiones/BCom0140.Detalle.162749.266.pdf,
BCom0141,Com0007,Comisión,Saldo,2,9/2/2025,9022025,,"-$179,554.00",0,/Gestión/Pólizas/Comisiones/BCom0141.Liquidación.163114.669.pdf,/Gestión/Pólizas/Comisiones/BCom0141.Detalle.163114.669.pdf,
BCom0142,Com0008,Comisión,Factura,3,15/2/2025,10971,Única,"$81,292.00",0,/Gestión/Pólizas/Comisiones/BCom0142.Liquidación.195721.pdf,/Gestión/Pólizas/Comisiones/BCom0142.Detalle.195721.xlsx,
BCom0143,Com0001,Comisión,Factura,10,15/2/2025,15022025,Única,"$851,251.00",0,/Gestión/Pólizas/Comisiones/BCom0143.Liquidación.180402.xlsx,/Gestión/Pólizas/Comisiones/BCom0143.Detalle.180402.xlsx,
BCom0144,Com0006,Comisión,Factura,3,15/2/2025,40,Única,"$85,378.00",0,/Gestión/Pólizas/Comisiones/BCom0144.Liquidación.162605.pdf,/Gestión/Pólizas/Comisiones/BCom0144.Detalle.162605.pdf,
BCom0145,Com0007,Comisión,Saldo,3,27/2/2025,27022025,,"-$59,232.00",0,/Gestión/Pólizas/Comisiones/BCom0145.Liquidación.163347.486.pdf,/Gestión/Pólizas/Comisiones/BCom0145.Detalle.163347.486.pdf,
BCom0146,Com0006,Comisión,Factura,1,28/2/2025,41,Separada,"$17,065.00",15901,/Gestión/Pólizas/Comisiones/BCom0146.Liquidación.162846.pdf,/Gestión/Pólizas/Comisiones/BCom0146.Detalle.162846.pdf,
BCom0147,Com0008,Comisión,Factura,1,28/2/2025,11425,Única,"$58,472.00",0,/Gestión/Pólizas/Comisiones/BCom0147.Liquidación.195824.pdf,/Gestión/Pólizas/Comisiones/BCom0147.Detalle.195824.xlsx,
BCom0148,Com0012,Comisión,Factura,1,4/3/2025,15022025,Única,"$67,634.00",0,/Gestión/Pólizas/Comisiones/BCom0148.Liquidación.153822.pdf,/Gestión/Pólizas/Comisiones/BCom0148.Detalle.153822.pdf,
BCom0149,Com0007,Comisión,Factura,4,9/3/2025,5032025,Separada,"$29,332.00",12578,/Gestión/Pólizas/Comisiones/BCom0149.Liquidación.163843.873 (1).pdf,/Gestión/Pólizas/Comisiones/BCom0149.Detalle.163843.873 (1).pdf,
BCom0150,Com0001,Comisión,Factura,8,15/3/2025,15032025,Única,"$1,089,315.00",0,/Gestión/Pólizas/Comisiones/BCom0150.Liquidación.180428.xlsx,/Gestión/Pólizas/Comisiones/BCom0150.Detalle.180428.xlsx,
BCom0151,Com0006,Comisión,Factura,1,15/3/2025,42,Separada,"$17,105.00",15938,/Gestión/Pólizas/Comisiones/BCom0151.Liquidación.163027.pdf,/Gestión/Pólizas/Comisiones/BCom0151.Detalle.163027.pdf,
BCom0152,Com0006,Comisión,Saldo,1,31/3/2025,43,,"-$43,612.00",0,/Gestión/Pólizas/Comisiones/BCom0152.Liquidación.163143.pdf,/Gestión/Pólizas/Comisiones/BCom0152.Detalle.163143.pdf,
BCom0153,Com0004,Comisión,Factura,7,31/3/2025,34579,Única,"$115,340.00",0,/Gestión/Pólizas/Comisiones/BCom0153.Liquidación.161452.pdf,/Gestión/Pólizas/Comisiones/BCom0153.Detalle.161452.xls,
BCom0154,Com0005,Comisión,Factura,4,31/3/2025,31032025,Única,"$265,941.00",0,/Gestión/Pólizas/Comisiones/BCom0154.Liquidación.170227.pdf,/Gestión/Pólizas/Comisiones/BCom0154.Detalle.170227.xlsx,
BCom0155,Com0007,Comisión,Saldo,1,9/4/2025,9042025,,"-$8,173.00",0,/Gestión/Pólizas/Comisiones/BCom0155.Liquidación.164156.726.pdf,/Gestión/Pólizas/Comisiones/BCom0155.Detalle.164156.726.pdf,
BCom0156,Com0010,Comisión,Factura,1,2/10/2023,1101294,Única,"$275,083.00",0,/Gestión/Pólizas/Comisiones/BCom0156.Liquidación.155127.349.pdf,/Gestión/Pólizas/Comisiones/BCom0156.Detalle.155127.xlsx,
BCom0157,Com0010,Comisión,Factura,4,1/11/2023,1108868,Única,"$161,035.00",0,/Gestión/Pólizas/Comisiones/BCom0157.Liquidación.155311.632.pdf,/Gestión/Pólizas/Comisiones/BCom0157.Detalle.155311.xlsx,
BCom0158,Com0010,Comisión,Factura,2,2/1/2024,1127065,Única,"$80,130.00",0,/Gestión/Pólizas/Comisiones/BCom0158.Liquidación.155402.355.pdf,/Gestión/Pólizas/Comisiones/BCom0158.Detalle.155402.355.xlsx,
BCom0159,Com0010,Comisión,Factura,3,1/2/2024,1134302,Única,"$287,345.00",0,/Gestión/Pólizas/Comisiones/BCom0159.Liquidación.160300.941.pdf,/Gestión/Pólizas/Comisiones/BCom0159.Detalle.160300.941.xlsx,
BCom0160,Com0010,Comisión,Factura,3,4/3/2024,1140791,Única,"$192,686.00",0,/Gestión/Pólizas/Comisiones/BCom0160.Liquidación.160408.296.pdf,/Gestión/Pólizas/Comisiones/BCom0160.Detalle.160408.296.xlsx,
BCom0161,Com0010,Comisión,Factura,2,1/7/2024,1161574,Única,"$29,812.00",0,/Gestión/Pólizas/Comisiones/BCom0161.Liquidación.160500.476.pdf,/Gestión/Pólizas/Comisiones/BCom0161.Detalle.160500.476.xlsx,
BCom0162,Com0010,Comisión,Factura,7,1/9/2024,1172127,Única,"$467,932.00",0,/Gestión/Pólizas/Comisiones/BCom0162.Liquidación.160706.839.pdf,/Gestión/Pólizas/Comisiones/BCom0162.Detalle.160706.839.xlsx,
BCom0163,Com0010,Comisión,Factura,3,1/10/2024,1177019,Única,"$204,690.00",0,/Gestión/Pólizas/Comisiones/BCom0163.Liquidación.160811.581.pdf,/Gestión/Pólizas/Comisiones/BCom0163.Detalle.160811.581.xlsx,
BCom0164,Com0010,Comisión,Factura,3,1/12/2024,1187333,Única,"$199,836.00",0,/Gestión/Pólizas/Comisiones/BCom0164.Liquidación.160915.805.pdf,/Gestión/Pólizas/Comisiones/BCom0164.Detalle.160915.805.xlsx,
BCom0165,Com0010,Comisión,Factura,2,1/1/2025,1192043,Única,"$159,854.00",0,/Gestión/Pólizas/Comisiones/BCom0165.Liquidación.161019.226.pdf,/Gestión/Pólizas/Comisiones/BCom0165.Detalle.161019.226.xlsx,
BCom0166,Com0010,Comisión,Saldo,2,1/2/2025,1196908,,"-$159,699.00",0,/Gestión/Pólizas/Comisiones/BCom0166.Liquidación.161152.042.pdf,/Gestión/Pólizas/Comisiones/BCom0166.Detalle.161152.xlsx,
BCom0167,Com0010,Comisión,Saldo,7,4/3/2025,1201633,,"-$492,823.00",0,/Gestión/Pólizas/Comisiones/BCom0167.Liquidación.161540.459.pdf,/Gestión/Pólizas/Comisiones/BCom0167.Detalle.161540.xlsx,hay una comisión negativa por -161027 que no está asociada a ninguna póliza
BCom0168,Com0010,Comisión,Saldo,3,1/4/2025,1206618,,"-$205,279.00",0,/Gestión/Pólizas/Comisiones/BCom0168.Liquidación.161858.282.pdf,/Gestión/Pólizas/Comisiones/BCom0168.Detalle.161858.xlsx,Hay 3 Comisiones negativas por -495186
BCom0169,Com0007,Saldo,Saldo,0,29/4/2025,29042025,,"-$8,173.00",0,/Gestión/Pólizas/Comisiones/BCom0169.Liquidación.164441.pdf,/Gestión/Pólizas/Comisiones/BCom0169.Detalle.164441.pdf,
BCom0170,Com0004,Comisión,Factura,5,31/5/2025,36375,Única,"$103,179.00",0,/Gestión/Pólizas/Comisiones/BCom0170.Liquidación.161519.pdf,/Gestión/Pólizas/Comisiones/BCom0170.Detalle.161519.xlsx,
BCom0171,Com0006,Profit,Factura,0,1/4/2023,1042023,Única,"$59,121.00",0,/Gestión/Pólizas/Comisiones/BCom0171.Liquidación.183021.pdf,/Gestión/Pólizas/Comisiones/BCom0171.Detalle.183021.pdf,
BCom0172,Com0006,Profit,Factura,0,1/6/2023,1062023,Única,"$166,278.00",0,/Gestión/Pólizas/Comisiones/BCom0172.Liquidación.161411.pdf,/Gestión/Pólizas/Comisiones/BCom0172.Detalle.161411.pdf,
BCom0173,Com0006,Profit,Factura,0,1/7/2023,1072023,Única,"$1,260,017.00",0,/Gestión/Pólizas/Comisiones/BCom0173.Liquidación.161900.pdf,/Gestión/Pólizas/Comisiones/BCom0173.Detalle.161900.pdf,
BCom0174,Com0006,Profit,Factura,0,1/8/2023,1082023,Única,"$362,116.00",0,/Gestión/Pólizas/Comisiones/BCom0174.Liquidación.165428.pdf,/Gestión/Pólizas/Comisiones/BCom0174.Detalle.165428.pdf,
BCom0175,Com0006,Profit,Factura,0,1/11/2023,1112023,Única,"$62,816.00",0,/Gestión/Pólizas/Comisiones/BCom0175.Liquidación.173026.pdf,/Gestión/Pólizas/Comisiones/BCom0175.Detalle.173026.pdf,
BCom0176,Com0006,Profit,Factura,0,1/1/2024,1012024,Única,"$51,731.00",0,/Gestión/Pólizas/Comisiones/BCom0176.Liquidación.174324.pdf,/Gestión/Pólizas/Comisiones/BCom0176.Detalle.174324.pdf,
BCom0177,Com0006,Profit,Factura,0,1/2/2024,1022024,Única,"$29,908.00",0,/Gestión/Pólizas/Comisiones/BCom0177.Liquidación.180549.pdf,/Gestión/Pólizas/Comisiones/BCom0177.Detalle.180549.pdf,
BCom0178,Com0006,Profit,Factura,0,1/4/2024,1042024,Única,"$22,431.00",0,/Gestión/Pólizas/Comisiones/BCom0178.Liquidación.181155.pdf,/Gestión/Pólizas/Comisiones/BCom0178.Detalle.181155.pdf,
BCom0179,Com0006,Profit,Factura,0,1/5/2024,1052024,Única,"$18,794.00",0,/Gestión/Pólizas/Comisiones/BCom0179.Liquidación.152251.pdf,/Gestión/Pólizas/Comisiones/BCom0179.Detalle.152251.pdf,
BCom0180,Com0006,Profit,Factura,0,1/6/2024,1062024,Única,"$402,199.00",0,/Gestión/Pólizas/Comisiones/BCom0180.Liquidación.154856.pdf,/Gestión/Pólizas/Comisiones/BCom0180.Detalle.154856.pdf,
BCom0181,Com0006,Profit,Factura,0,1/8/2024,1082024,Única,"$18,945.00",0,/Gestión/Pólizas/Comisiones/BCom0181.Liquidación.160955.pdf,/Gestión/Pólizas/Comisiones/BCom0181.Detalle.160955.pdf,
BCom0182,Com0007,Comisión,Factura,1,29/5/2023,29052023,Única,"$52,511.00",0,/Gestión/Pólizas/Comisiones/BCom0182.Liquidación.170522.pdf,/Gestión/Pólizas/Comisiones/BCom0182.Detalle.170522.pdf,
BCom0183,Com0007,Comisión,Factura,4,9/1/2025,9012025,Única,"$350,603.00",0,/Gestión/Pólizas/Comisiones/BCom0183.Liquidación.195446.pdf,/Gestión/Pólizas/Comisiones/BCom0183.Detalle.195446.pdf,
BCom0184,Com0007,Comisión,Saldo,2,29/6/2025,29062025,,"-$5,511.00",0,/Gestión/Pólizas/Comisiones/BCom0184.Liquidación.164547.558.pdf,/Gestión/Pólizas/Comisiones/BCom0184.Detalle.164547.558.pdf,
BCom0185,Com0008,Comisión,Factura,1,18/6/2025,19897,Única,"$40,807.00",0,/Gestión/Pólizas/Comisiones/BCom0185.Liquidación.202306.pdf,/Gestión/Pólizas/Comisiones/BCom0185.Detalle.202306.pdf,
BCom0186,Com0001,Comisión,Factura,9,15/5/2025,15052025,Única,"$296,704.00",0,/Gestión/Pólizas/Comisiones/BCom0186.Liquidación.180537.xlsx,/Gestión/Pólizas/Comisiones/BCom0186.Detalle.180537.xlsx,
BCom0187,Com0008,Comisión,Factura,1,1/5/2025,14156,Única,"$22,771.00",0,/Gestión/Pólizas/Comisiones/BCom0187.Liquidación.201823.pdf,/Gestión/Pólizas/Comisiones/BCom0187.Detalle.201823.xlsx,Negativa Liq 13685
BCom0188,Com0008,Comisión,Factura,1,15/3/2025,12768,Única,"$62,036.00",0,/Gestión/Pólizas/Comisiones/BCom0188.Liquidación.200152.pdf,/Gestión/Pólizas/Comisiones/BCom0188.Detalle.200152.xlsx,
BCom0189,Com0008,Comisión,Saldo,1,15/4/2025,13682,,"-$33,287.00",0,/Gestión/Pólizas/Comisiones/BCom0189.Liquidación.200716.pdf,/Gestión/Pólizas/Comisiones/BCom0189.Detalle.200716.xlsx,Pol 1515344 no cuenta. Se modificó comisión
BCom0190,Com0008,Comisión,Factura,1,1/4/2025,13226,Única,"$61,399.00",0,/Gestión/Pólizas/Comisiones/BCom0190.Liquidación.200456.pdf,/Gestión/Pólizas/Comisiones/BCom0190.Detalle.200456.xlsx,
BCom0191,Com0003,Comisión,Factura,1,31/3/2024,1543,Separada,"$33,445.00",52557,/Gestión/Pólizas/Comisiones/BCom0191.Liquidación.154024.pdf,/Gestión/Pólizas/Comisiones/BCom0191.Detalle.154024.pdf,
BCom0192,Com0003,Comisión,Factura,1,28/2/2025,1682,Separada,"$34,847.00",54759,/Gestión/Pólizas/Comisiones/BCom0192.Liquidación.154059.pdf,/Gestión/Pólizas/Comisiones/BCom0192.Detalle.154059.pdf,
BCom0193,Com0011,Comisión,Factura,1,30/6/2024,0,Única,"$294,697.00",0,/Gestión/Pólizas/Comisiones/BCom0193.Liquidación.201240.689.pdf,/Gestión/Pólizas/Comisiones/BCom0193.Detalle.201240.689.pdf,
BCom0194,Com0002,Comisión,Factura,1,1/5/2025,1052025,Única,"$29,392.00",0,/Gestión/Pólizas/Comisiones/BCom0194.Liquidación.154446.pdf,/Gestión/Pólizas/Comisiones/BCom0194.Detalle.154446.pdf,
BCom0195,Com0002,Comisión,Factura,2,5/5/2025,5052025,Única,"$128,168.00",0,/Gestión/Pólizas/Comisiones/BCom0195.Liquidación.154526.pdf,/Gestión/Pólizas/Comisiones/BCom0195.Detalle.182924.pdf,
BCom0196,Com0008,Comisión,Saldo,2,5/9/2023,5092023,,"$4,338.00",0,/Gestión/Pólizas/Comisiones/BCom0196.Liquidación.190242.pdf,/Gestión/Pólizas/Comisiones/BCom0196.Detalle.190242.pdf,Comision negativa por $225.042 Determinar de dónde proviene
BCom0197,Com0008,Comisión,Saldo,2,15/9/2023,15092023,,"$21,346.00",0,/Gestión/Pólizas/Comisiones/BCom0197.Liquidación.190535.pdf,/Gestión/Pólizas/Comisiones/BCom0197.Detalle.190535.pdf,continua com negativa de liq 05092023
BCom0198,Com0008,Comisión,Saldo,2,5/10/2023,5102023,,"-$10,137.00",0,/Gestión/Pólizas/Comisiones/BCom0198.Liquidación.190657.pdf,/Gestión/Pólizas/Comisiones/BCom0198.Detalle.190657.pdf,
BCom0199,Com0008,Comisión,Saldo,2,19/1/2024,19012024,Única,"-$12,177.00",0,/Gestión/Pólizas/Comisiones/BCom0199.Liquidación.191312.pdf,/Gestión/Pólizas/Comisiones/BCom0199.Detalle.191312.pdf,Com Negativa Pol $213.128 Determinar de donde proviene
BCom0200,Com0008,Comisión,Factura,2,5/4/2024,5042024,Única,"$117,328.00",0,/Gestión/Pólizas/Comisiones/BCom0200.Liquidación.193137.pdf,/Gestión/Pólizas/Comisiones/BCom0200.Detalle.193137.pdf,
BCom0201,Com0007,Comisión,Saldo,1,2/7/2025,2072025,,"-$56,726.00",0,/Gestión/Pólizas/Comisiones/BCom0201.Liquidación.164648.pdf,/Gestión/Pólizas/Comisiones/BCom0201.Detalle.164648.pdf,
561f9cb6,Com0001,Comisión,Factura,5,15/6/2025,15062025,Única,"$107,972.00",0,/Gestión/Pólizas/Comisiones/561f9cb6.Liquidación.181439.xlsx,/Gestión/Pólizas/Comisiones/561f9cb6.Detalle.160616.xlsx,
9862821b,Com0001,Comisión,Factura,8,15/8/2025,15082025,,"$39,012.00",0,/Gestión/Pólizas/Comisiones/9862821b.Liquidación.183008.xlsx,/Gestión/Pólizas/Comisiones/9862821b.Detalle.155855.xlsx,
c1bd6414,Com0001,Comisión,Factura,1,30/9/2025,30092025,Única,"$105,427.00",0,/Gestión/Pólizas/Comisiones/c1bd6414.Liquidación.185429.xlsx,/Gestión/Pólizas/Comisiones/c1bd6414.Detalle.185429.xlsx,
a0a84533,Com0001,Comisión,Factura,3,30/10/2025,30102025,Separada,"$23,432.00",18161,/Gestión/Pólizas/Comisiones/a0a84533.Liquidación.185834.xlsx,/Gestión/Pólizas/Comisiones/a0a84533.Detalle.185834.xlsx,
1bba54a5,Com0001,Comisión,Factura,5,30/11/2025,30112025,Única,"$132,807.00",0,/Gestión/Pólizas/Comisiones/1bba54a5.Liquidación.195104.xlsx,/Gestión/Pólizas/Comisiones/1bba54a5.Detalle.195104.xlsx,
d7c4e963,Com0003,Comisión,Factura,3,31/10/2025,1784,Separada,"$62,946.00",61388,/Gestión/Pólizas/Comisiones/d7c4e963.Liquidación.160058.957.pdf,/Gestión/Pólizas/Comisiones/d7c4e963.Detalle.160058.957.pdf,
a5f0b82e,Com0004,Ajuste,Factura,0,6/7/2023,17422,Única,"$13,254.00",0,/Gestión/Pólizas/Comisiones/a5f0b82e.Liquidación.160638.772.pdf,/Gestión/Pólizas/Comisiones/a5f0b82e.Detalle.160638.772.pdf,
e17c593a,Com0010,Saldo,Saldo,0,5/5/2025,1212396,,"-$206,490.00",0,/Gestión/Pólizas/Comisiones/e17c593a.Liquidación.201136.723.pdf,/Gestión/Pólizas/Comisiones/e17c593a.Detalle.201136.723.xlsx,
05eaada1,Com0010,Comisión,Factura,3,1/7/2025,1222978,Única,"$306,622.00",0,/Gestión/Pólizas/Comisiones/05eaada1.Liquidación.201724.880.pdf,/Gestión/Pólizas/Comisiones/05eaada1.Detalle.201724.286.xlsx,
75b59afd,Com0010,Comisión,Factura,5,1/9/2025,1233632,Única,"$31,333.00",0,/Gestión/Pólizas/Comisiones/75b59afd.Liquidación.202744.286.pdf,/Gestión/Pólizas/Comisiones/75b59afd.Detalle.202744.286.xlsx,
b06f7486,Com0010,Comisión,Factura,1,1/10/2025,1238555,Única,"$89,463.00",0,/Gestión/Pólizas/Comisiones/b06f7486.Liquidación.203011.461.pdf,/Gestión/Pólizas/Comisiones/b06f7486.Detalle.203011.461.xlsx,
7d78a85a,Com0010,Comisión,Factura,1,1/11/2025,1243960,Única,"$31,270.00",0,/Gestión/Pólizas/Comisiones/7d78a85a.Liquidación.203212.211.pdf,/Gestión/Pólizas/Comisiones/7d78a85a.Detalle.203212.211.xlsx,
ca9c4c0b,Com0012,Comisión,Saldo,1,5/3/2025,5032025,Única,"$67,634.00",0,/Gestión/Pólizas/Comisiones/ca9c4c0b.Liquidación.162433.634 .txt,/Gestión/Pólizas/Comisiones/ca9c4c0b.Detalle.162433.634 .txt,
9d80be8f,Com0007,Comisión,Factura,1,18/8/2025,24,Única,"$36,678.00",0,/Gestión/Pólizas/Comisiones/9d80be8f.Liquidación.164903.647.pdf,/Gestión/Pólizas/Comisiones/9d80be8f.Detalle.164903.647.pdf,
2b7f7d96,Com0008,Comisión,Factura,1,5/9/2025,16918,Única,"$72,964.00",0,/Gestión/Pólizas/Comisiones/2b7f7d96.Liquidación.202550.827.pdf,/Gestión/Pólizas/Comisiones/2b7f7d96.Detalle.202550.827.xlsx,
6d1d73e7,Com0007,Comisión,Factura,1,2/1/2026,25,Única,"$63,597.00",0,/Gestión/Pólizas/Comisiones/6d1d73e7.Liquidación.170340.PDF,/Gestión/Pólizas/Comisiones/6d1d73e7.Detalle.170340.PDF,
993c7ef9,Com0008,Comisión,Factura,1,25/11/2025,19634,Única,"$258,476.00",0,/Gestión/Pólizas/Comisiones/993c7ef9.Liquidación.173534.pdf,/Gestión/Pólizas/Comisiones/993c7ef9.Detalle.173534.xlsx,
61bbf10b,Com0010,Comisión,Factura,2,3/1/2026,1257563,Única,"$112,693.00",0,/Gestión/Pólizas/Comisiones/61bbf10b.Liquidación.180505.pdf,/Gestión/Pólizas/Comisiones/61bbf10b.Detalle.180505.xlsx,
4bd97e22,Com0001,Comisión,Factura,4,30/12/2025,30122025,Única,"$180,400.00",0,/Gestión/Pólizas/Comisiones/4bd97e22.Liquidación.162025.xlsx,/Gestión/Pólizas/Comisiones/4bd97e22.Detalle.162025.xlsx,
b801f850,Com0005,Comisión,Saldo,1,30/4/2025,30042025,,"-$52,752.00",0,/Gestión/Pólizas/Comisiones/b801f850.Liquidación.173232.pdf,/Gestión/Pólizas/Comisiones/b801f850.Detalle.173232.pdf,
184f6d0f,Com0005,Comisión,Saldo,1,31/5/2025,31052025,,"$24,239.00",0,/Gestión/Pólizas/Comisiones/184f6d0f.Liquidación.173423.pdf,/Gestión/Pólizas/Comisiones/184f6d0f.Detalle.173423.pdf,
9a6b78a3,Com0005,Comisión,Saldo,1,30/6/2025,30062025,,"-$6,063.00",0,/Gestión/Pólizas/Comisiones/9a6b78a3.Liquidación.173610.pdf,/Gestión/Pólizas/Comisiones/9a6b78a3.Detalle.173610.pdf,
d6389329,Com0005,Comisión,Factura,1,31/7/2025,31072025,Única,"$458,412.00",0,/Gestión/Pólizas/Comisiones/d6389329.Liquidación.173830.pdf,/Gestión/Pólizas/Comisiones/d6389329.Detalle.173830.xlsx,
95f2e70e,Com0005,Comisión,Factura,1,31/10/2025,31102025,Única,"$30,922.00",0,/Gestión/Pólizas/Comisiones/95f2e70e.Liquidación.174027.pdf,/Gestión/Pólizas/Comisiones/95f2e70e.Detalle.174027.xlsx,
b7d1c2b6,Com0005,Comisión,Factura,1,30/11/2025,30112025,Separada,"$25,768.00",7929,/Gestión/Pólizas/Comisiones/b7d1c2b6.Liquidación.174411.pdf,/Gestión/Pólizas/Comisiones/b7d1c2b6.Detalle.174411.xlsx,
13661b9d,Com0005,Comisión,Factura,2,31/12/2025,31122025,Única,"$121,763.00",0,/Gestión/Pólizas/Comisiones/13661b9d.Liquidación.180108.pdf,/Gestión/Pólizas/Comisiones/13661b9d.Detalle.180108.xlsx,
8f9176c6,Com0011,Comisión,Factura,3,30/6/2025,1,Única,"$420,287.00",0,/Gestión/Pólizas/Comisiones/8f9176c6.Liquidación.201941.pdf,/Gestión/Pólizas/Comisiones/8f9176c6.Detalle.201941.pdf,
bce6c4e2,Com0001,Comisión,Saldo,3,31/10/2023,31102023,,$0.00,0,/Gestión/Pólizas/Comisiones/bce6c4e2.Liquidación.171726.pdf,/Gestión/Pólizas/Comisiones/bce6c4e2.Detalle.171726.pdf,
91d7c324,Com0006,Comisión,Factura,1,30/4/2025,Esp01,,"$212,106.00",243804,/Gestión/Pólizas/Comisiones/91d7c324.Liquidación.195806.pdf,/Gestión/Pólizas/Comisiones/91d7c324.Detalle.195806.xlsx,
1769c241,Com0006,Comisión,Factura,2,15/6/2025,45,Separada,"$29,405.00",93001,/Gestión/Pólizas/Comisiones/1769c241.Liquidación.201202.pdf,/Gestión/Pólizas/Comisiones/1769c241.Detalle.201202.pdf,
55538119,Com0006,Comisión,Factura,2,30/6/2025,2,Única,"$555,569.00",0,/Gestión/Pólizas/Comisiones/55538119.Liquidación.203200.pdf,/Gestión/Pólizas/Comisiones/55538119.Detalle.203200.pdf,
f93171df,Com0006,Comisión,Factura,3,30/6/2025,46,Separada,"$1,700,497.00",52649,/Gestión/Pólizas/Comisiones/f93171df.Liquidación.203507.pdf,/Gestión/Pólizas/Comisiones/f93171df.Detalle.203507.pdf,
cc45be14,Com0006,Comisión,Saldo,2,31/7/2025,47,,"-$17,219.00",0,/Gestión/Pólizas/Comisiones/cc45be14.Liquidación.204753.pdf,/Gestión/Pólizas/Comisiones/cc45be14.Detalle.204753.pdf,
fe3c3751,Com0006,Comisión,Saldo,2,31/8/2025,49,,"-$76,052.00",0,/Gestión/Pólizas/Comisiones/fe3c3751.Liquidación.205123.pdf,/Gestión/Pólizas/Comisiones/fe3c3751.Detalle.205123.pdf,
592aceb1,Com0006,Comisión,Factura,1,15/9/2025,50,Única,"$54,251.00",0,/Gestión/Pólizas/Comisiones/592aceb1.Liquidación.205401.pdf,/Gestión/Pólizas/Comisiones/592aceb1.Detalle.205401.pdf,
7aad9468,Com0010,Comisión,Factura,3,1/6/2025,1217890,Única,"$436,533.00",0,/Gestión/Pólizas/Comisiones/7aad9468.Liquidación.160446.xlsx,/Gestión/Pólizas/Comisiones/7aad9468.Detalle.160446.xlsx,
57202de1,Com0010,Comisión,Factura,2,1/12/2025,1248729,Única,"$7,552.00",0,/Gestión/Pólizas/Comisiones/57202de1.Liquidación.161430.xlsx,/Gestión/Pólizas/Comisiones/57202de1.Detalle.161430.xlsx,
f7e58648,Com0001,Comisión,Factura,22,31/1/2026,31012026,Separada,"$444,968.00",820219,/Gestión/Pólizas/Comisiones/f7e58648.Liquidación.162621.xlsx,/Gestión/Pólizas/Comisiones/f7e58648.Detalle.162621.xlsx,
6ac9bfaa,Com0007,Comisión,Factura,1,9/5/2025,9052025,Única,"$54,441.00",0,/Gestión/Pólizas/Comisiones/6ac9bfaa.Liquidación.152831.pdf,/Gestión/Pólizas/Comisiones/6ac9bfaa.Detalle.152831.pdf,
8246c522,Com0008,Comisión,Factura,1,26/1/2026,21437,Única,"$104,393.00",0,/Gestión/Pólizas/Comisiones/8246c522.Liquidación.174610.pdf,/Gestión/Pólizas/Comisiones/8246c522.Detalle.174610.xlsx,
d8100620,Com0010,Comisión,Factura,7,1/2/2026,1262355,Única,"$45,401.00",0,/Gestión/Pólizas/Comisiones/d8100620.Liquidación.184255.pdf,/Gestión/Pólizas/Comisiones/d8100620.Detalle.184255.xlsx,
58a80cd3,Com0007,Comisión,Factura,1,17/2/2026,26,Única,"$51,456.00",0,/Gestión/Pólizas/Comisiones/58a80cd3.Liquidación.191300.PDF,/Gestión/Pólizas/Comisiones/58a80cd3.Detalle.191300.PDF,
a9b606a9,Com0004,Comisión,Factura,7,28/2/2026,44225,Única,"$6,519.00",0,/Gestión/Pólizas/Comisiones/a9b606a9.Liquidación.144050.pdf,/Gestión/Pólizas/Comisiones/a9b606a9.Detalle.144050.xls,
80d28ed1,Com0008,Comisión,Factura,1,25/2/2026,22327,Única,"$60,126.00",0,/Gestión/Pólizas/Comisiones/80d28ed1.Liquidación.141959.pdf,/Gestión/Pólizas/Comisiones/80d28ed1.Detalle.141959.xlsx,
e65d4922,Com0001,Comisión,Factura,8,28/2/2026,28022026,Única,"$306,121.00",0,/Gestión/Pólizas/Comisiones/e65d4922.Liquidación.153800.pdf,/Gestión/Pólizas/Comisiones/e65d4922.Detalle.153800.xlsx,
cc86c551,Com0005,Comisión,Factura,1,31/10/2025,3,Separada,"$297,327.00",689798,/Gestión/Pólizas/Comisiones/cc86c551.Liquidación.142755.pdf,/Gestión/Pólizas/Comisiones/cc86c551.Detalle.142755.pdf,Proceso 5086817928
6edf3e24,Com0005,Comisión,Saldo,3,31/1/2026,31012026,,"-$255,569.00",-690886,/Gestión/Pólizas/Comisiones/6edf3e24.Liquidación.144148.pdf,/Gestión/Pólizas/Comisiones/6edf3e24.Detalle.144148.pdf,
69f77262,Com0005,Comisión,Saldo,2,28/2/2026,28022026,,"$49,527.00",0,/Gestión/Pólizas/Comisiones/69f77262.Liquidación.144652.pdf,/Gestión/Pólizas/Comisiones/69f77262.Detalle.144652.pdf,
d6f9a760,Com0010,Comisión,Factura,3,1/3/2026,1267204,Única,"$259,046.00",0,/Gestión/Pólizas/Comisiones/d6f9a760.Liquidación.151355.pdf,/Gestión/Pólizas/Comisiones/d6f9a760.Detalle.151355.pdf,
3c035728,Com0012,Comisión,Factura,1,3/3/2026,3032026,Única,"$71,225.00",0,/Gestión/Pólizas/Comisiones/3c035728.Liquidación.200740.txt,/Gestión/Pólizas/Comisiones/3c035728.Detalle.200740.txt,
1267ff4c,Com0003,Comisión,Factura,1,28/2/2026,1813,Separada,"$35,877.00",56379,/Gestión/Pólizas/Comisiones/1267ff4c.Liquidación.210132.pdf,/Gestión/Pólizas/Comisiones/1267ff4c.Detalle.210132.pdf,
bc34bd84,Com0007,Comisión,Factura,4,16/3/2026,27,Separada,"$104,266.00",22949,/Gestión/Pólizas/Comisiones/bc34bd84.Liquidación.145206.PDF,/Gestión/Pólizas/Comisiones/bc34bd84.Detalle.145206.PDF,
df93cd2b,Com0004,Comisión,Factura,4,31/3/2026,45051,Única,"$126,695.00",0,/Gestión/Pólizas/Comisiones/df93cd2b.Liquidación.163851.pdf,/Gestión/Pólizas/Comisiones/df93cd2b.Detalle.163851.pdf,
c7ebe2b1,Com0007,Comisión,Factura,1,2/4/2026,28,Única,"$63,747.00",0,/Gestión/Pólizas/Comisiones/c7ebe2b1.Liquidación.164532.PDF,/Gestión/Pólizas/Comisiones/c7ebe2b1.Detalle.164532.PDF,
8151c9bf,Com0003,Comisión,Factura,1,31/3/2026,1818,Única,"$54,183.00",0,/Gestión/Pólizas/Comisiones/8151c9bf.Liquidación.164928.pdf,/Gestión/Pólizas/Comisiones/8151c9bf.Detalle.164928.pdf,
8370eee3,Com0001,Comisión,Factura,25,31/3/2026,31032026,Única,"$1,745,865.00",0,/Gestión/Pólizas/Comisiones/8370eee3.Liquidación.152402.pdf,/Gestión/Pólizas/Comisiones/8370eee3.Detalle.152402.pdf,CG0253798
6b9d35f0,Com0001,Profit,Factura,0,14/4/2026,OC487678,Única,"$619,493.00",0,/Gestión/Pólizas/Comisiones/6b9d35f0.Liquidación.175412.pdf,/Gestión/Pólizas/Comisiones/6b9d35f0.Detalle.175412.pdf,
e0ca27f0,Com0008,Comisión,Factura,2,10/3/2026,22753,Única,"$125,899.00",0,/Gestión/Pólizas/Comisiones/e0ca27f0.Liquidación.182939.pdf,/Gestión/Pólizas/Comisiones/e0ca27f0.Detalle.182939.pdf,
f200b7d8,Com0005,Profit,Factura,0,31/3/2025,4132803,Única,"$24,503.00",0,/Gestión/Pólizas/Comisiones/f200b7d8.Liquidación.185653.pdf,/Gestión/Pólizas/Comisiones/f200b7d8.Detalle.185653.pdf,
f7d7f23e,Com0005,Profit,Factura,0,30/6/2025,4175742,Única,"$641,624.00",0,/Gestión/Pólizas/Comisiones/f7d7f23e.Liquidación.190146.pdf,/Gestión/Pólizas/Comisiones/f7d7f23e.Detalle.190146.pdf,
dfbd7df9,Com0005,Profit,Factura,0,5/7/2025,4191981,Única,"$115,186.00",0,/Gestión/Pólizas/Comisiones/dfbd7df9.Liquidación.190724.pdf,/Gestión/Pólizas/Comisiones/dfbd7df9.Detalle.190724.pdf,
e54df3ee,Com0005,Profit,Factura,0,5/10/2025,4236251,Única,"$207,096.00",0,/Gestión/Pólizas/Comisiones/e54df3ee.Liquidación.191040.pdf,/Gestión/Pólizas/Comisiones/e54df3ee.Detalle.191040.pdf,
a8772552,Com0005,Profit,Factura,0,5/3/2026,4318717,Única,"$94,823.00",0,/Gestión/Pólizas/Comisiones/a8772552.Liquidación.191354.pdf,/Gestión/Pólizas/Comisiones/a8772552.Detalle.191354.pdf,
9bae1c35,Com0005,Comisión,Saldo,4,31/3/2026,31032026,,"$228,809.00",0,/Gestión/Pólizas/Comisiones/9bae1c35.Liquidación.201417.pdf,/Gestión/Pólizas/Comisiones/9bae1c35.Detalle.201417.pdf,no se facturó porque hay comisiones negativas
6f08a515,Com0010,Comisión,Saldo,3,1/4/2026,1272062,,"-$238,077.00",0,/Gestión/Pólizas/Comisiones/6f08a515.Liquidación.204816.pdf,/Gestión/Pólizas/Comisiones/6f08a515.Detalle.204816.pdf,Monto negativo no se factura
8a8970e3,Com0007,Comisión,Factura,1,21/4/2026,29,Única,"$70,529.00",0,/Gestión/Pólizas/Comisiones/8a8970e3.Liquidación.154416.PDF,/Gestión/Pólizas/Comisiones/8a8970e3.Detalle.154416.PDF,
598473c5,Com0008,Comisión,Factura,2,24/4/2026,24042026,Única,"$99,261.00",0,/Gestión/Pólizas/Comisiones/598473c5.Liquidación.195653.pdf,/Gestión/Pólizas/Comisiones/598473c5.Detalle.195653.pdf,
4cf37a87,217c1ce1ed,Comisión,Factura,3,6/5/2026,15042026,Única,"$143,464.00",0,/Gestión/Pólizas/Comisiones/4cf37a87.Liquidación.191058.pdf,/Gestión/Pólizas/Comisiones/4cf37a87.Detalle.191058.pdf,CV19993
dbcbaea7,217c1ce1ed,Comisión,Factura,1,6/5/2026,15052026,Única,"$5,988.00",0,/Gestión/Pólizas/Comisiones/dbcbaea7.Liquidación.194408.pdf,/Gestión/Pólizas/Comisiones/dbcbaea7.Detalle.194408.pdf,
1c9212b5,Com0001,Comisión,Factura,6,6/5/2026,30042026,Única,"$472,037.00",0,/Gestión/Pólizas/Comisiones/1c9212b5.Liquidación.201751.pdf,/Gestión/Pólizas/Comisiones/1c9212b5.Detalle.201751.pdf,
f5a16638,Com0003,Comisión,Factura,1,30/4/2026,1822,Única,"$77,773.00",0,/Gestión/Pólizas/Comisiones/f5a16638.Liquidación.204702.pdf,/Gestión/Pólizas/Comisiones/f5a16638.Detalle.204702.pdf,
1118d5f5,Com0002,Comisión,Factura,3,30/4/2026,30042026,Separada,"$22,078.00",17641,/Gestión/Pólizas/Comisiones/1118d5f5.Liquidación.205801.pdf,/Gestión/Pólizas/Comisiones/1118d5f5.Detalle.205801.pdf,