ID,Registro,Fecha Cot,Vigencia,N° Cot,Producto,Monto Asegurado,Forma de Pago,Cuotas,Descuento Adicional,Promoción,PDF,Aceptada?,Plan Aceptado,Recomendada?,Deducible Recomendado,Comentarios
Cot0001,Neg0001,18/1/2023,15,35646773,Pro0077,,,,,,,TRUE,,,,
Cot0002,Neg0002,18/1/2023,15,763,Pro0007,,,,,,,TRUE,,,,
Cot0003,Neg0003,24/1/2023,15,1754494,Pro0045,,,,,,,TRUE,,,,
Cot0004,Neg0004,25/1/2023,15,1755255,Pro0047,,,,,,,TRUE,,,,
Cot0005,Neg0005,2/2/2023,15,1783004,Pro0047,,,,,,,TRUE,,,,
Cot0006,Neg0006,13/2/2023,15,1786802,Pro0047,,,,,,,TRUE,,,,
Cot0007,Neg0007,8/2/2023,15,1788466,Pro0047,,,,,,,TRUE,,,,
Cot0008,Neg0008,9/2/2023,15,800822,Pro0043,,,,,,,TRUE,,,,
Cot0009,Neg0009,21/2/2023,15,36178928,Pro0078,,,,,,,TRUE,,,,
Cot0010,Neg0010,24/2/2023,15,36278794,Pro0077,,,,,,,TRUE,,,,
Cot0011,Neg0011,28/2/2023,15,803030,Pro0043,,,,,,,TRUE,,,,
Cot0012,Neg0012,2/3/2023,15,36406286,Pro0078,,,,,,,TRUE,,,,
Cot0013,Neg0013,8/3/2023,15,804148,Pro0073,,,,,,,TRUE,,,,
Cot0014,Neg0014,8/3/2023,15,1813684,Pro0047,,,,,,,TRUE,,,,
Cot0015,Neg0015,15/3/2023,15,1828426,Pro0047,,,,,,,TRUE,,,,
Cot0016,Neg0016,3/4/2023,15,1860233,Pro0047,,,,,,,TRUE,,,,
Cot0017,Neg0017,14/4/2023,15,809766,Pro0043,,,,,,,TRUE,,,,
Cot0018,Neg0018,17/4/2023,15,37736729,Pro0078,,,,,,,TRUE,,,,
Cot0019,Neg0019,8/5/2023,15,38303400,Pro0078,,,,,,,TRUE,,,,
Cot0020,Neg0020,12/5/2023,15,1928118,Pro0048,,,,,,,TRUE,,,,
Cot0021,Neg0021,2/6/2023,15,4151091,Pro0063,,,,,,,TRUE,,,,
Cot0022,Neg0022,6/6/2023,15,6198015,Pro0024,,,,,,,TRUE,,,,
Cot0023,Neg0023,7/6/2023,15,1971285,Pro0047,,,,,,,TRUE,,,,
Cot0024,Neg0024,8/6/2023,15,1974283,Pro0047,,,,,,,TRUE,,,,
Cot0025,Neg0025,16/6/2023,15,2001936,Pro0047,,,,,,,TRUE,,,,
Cot0026,Neg0026,16/6/2023,15,2003528,Pro0047,,,,,,,TRUE,,,,
Cot0027,Neg0027,16/6/2023,15,2003754,Pro0047,,,,,,,TRUE,,,,
Cot0028,Neg0028,12/6/2023,15,2010367,Pro0047,,,,,,,TRUE,,,,
Cot0029,Neg0029,16/6/2023,15,2001957,Pro0047,,,,,,,TRUE,,,,
Cot0030,Neg0030,13/6/2023,15,8319504,Pro0019,,,,,,,TRUE,,,,
Cot0031,Neg0031,16/6/2023,15,46,Pro0020,,,,,,,TRUE,,,,
Cot0032,Neg0032,28/6/2023,15,49,Pro0033,,,,,,,TRUE,,,,
Cot0033,Neg0033,3/7/2023,15,78944255,Pro0002,,,,,,,TRUE,,,,
Cot0034,Neg0034,6/7/2023,15,39979746,Pro0016,,,,,,,TRUE,,,,
Cot0035,Neg0035,20/9/2023,15,1032582,Pro0047,,,,,,,TRUE,,,,
Cot0036,Neg0036,1/8/2023,15,5291516,Pro0042,,,,,,,TRUE,,,,
Cot0037,Neg0037,2/8/2023,15,3082023-1,Pro0024,,,,,,,TRUE,,,,
Cot0038,Neg0038,2/8/2023,15,3082023-2,Pro0024,,,,,,,TRUE,,,,
Cot0039,Neg0039,2/8/2023,15,3082023-3,Pro0024,,,,,,,TRUE,,,,
Cot0040,Neg0040,2/8/2023,15,8323082,Pro0019,,,,,,,TRUE,,,,
Cot0041,Neg0041,31/8/2023,15,1016835,Pro0047,,,,,,,TRUE,,,,
Cot0042,Neg0042,17/8/2023,15,1003015,Pro0047,,,,,,,TRUE,,,,
Cot0043,Neg0043,17/8/2023,15,41254898,Pro0077,,,,,,,TRUE,,,,
Cot0044,Neg0044,21/8/2023,15,1006698,Pro0047,,,,,,,TRUE,,,,
Cot0045,Neg0045,3/10/2023,15,1044296,Pro0047,,,,,,,TRUE,,,,
Cot0046,Neg0046,3/10/2023,15,4297875,Pro0058,,,,,,,TRUE,,,,
Cot0047,Neg0047,11/10/2023,15,20231011-1,Pro0048,,,,,,,TRUE,,,,
Cot0048,Neg0048,11/10/2023,15,20231011-2,Pro0048,,,,,,,TRUE,,,,
Cot0049,Neg0049,30/10/2023,15,100047560,Pro0055,,,,,,,TRUE,,,,
Cot0050,Neg0050,6/11/2023,15,100047590,Pro0055,,,,,,,TRUE,,,,
Cot0051,Neg0051,7/2/2024,15,5311326,Pro0042,,,,,,,TRUE,,,,
Cot0052,Neg0052,14/11/2023,15,4967467,Pro0061,,,,,,,TRUE,,,,
Cot0053,Neg0053,23/11/2023,15,13371722,Pro0015,,,,,,,TRUE,,,,
Cot0054,Neg0054,15/12/2023,15,13642181,Pro0027,,,,,,,TRUE,,,,
Cot0055,Neg0055,16/11/2023,15,4351556,Pro0059,,,,,,,TRUE,,,,
Cot0056,Neg0056,20/11/2023,15,OPP0426646,Pro0028,,,,,,,TRUE,,,,
Cot0057,Neg0057,20/11/2023,15,140831,Pro0003,,,,,,,TRUE,,,,
Cot0058,Neg0058,20/11/2023,15,4354357,Pro0070,,,,,,,TRUE,,,,
Cot0059,Neg0059,7/12/2023,15,115,Pro0009,,,,,,,TRUE,,,,
Cot0060,Neg0060,14/12/2023,15,1120403,Pro0028,,,,,,,TRUE,,,,
Cot0061,Neg0061,20/12/2023,15,13708114,Pro0015,,,,,,,TRUE,,,,
Cot0062,Neg0062,22/12/2023,15,44640564,Pro0078,,,,,,,TRUE,,,,
Cot0063,Neg0063,16/1/2024,15,1120686,Pro0047,,,,,,,TRUE,,,,
Cot0064,Neg0064,22/1/2024,15,15356509,Pro0025,,,,,,,TRUE,,,,
Cot0065,Neg0065,22/1/2024,15,15362855,Pro0025,,,,,,,TRUE,,,,
Cot0066,Neg0066,24/1/2024,15,850481,Pro0072,,,,,,,TRUE,,,,
Cot0067,Neg0067,29/1/2024,15,155,Pro0036,,,,,,,TRUE,,,,
Cot0068,Neg0068,31/1/2024,15,5555195,Pro0057,,,,,,,TRUE,,,,
Cot0069,Neg0069,2/2/2024,15,240202,Pro0068,,,,,,,TRUE,,,,
Cot0070,Neg0070,7/2/2024,15,6392435,Pro0012,,,,,,,TRUE,,,,
Cot0071,Neg0071,7/2/2024,15,6392470,Pro0012,,,,,,,TRUE,,,,
Cot0072,Neg0072,5/3/2024,15,178,Pro0038,,,,,,,TRUE,,,,
Cot0073,Neg0073,23/2/2024,15,176,Pro0032,,,,,,,TRUE,,,,
Cot0074,Neg0074,23/2/2024,15,6400968,Pro0012,,,,,,,TRUE,,,,
Cot0075,Neg0075,18/3/2024,15,4494269,Pro0070,,,,,,,TRUE,,,,
Cot0076,Neg0076,18/3/2024,15,187,Pro0004,,,,,,,TRUE,,,,
Cot0077,Neg0077,19/3/2024,15,14735279,Pro0015,,,,,,,TRUE,,,,
Cot0078,Neg0078,22/3/2024,15,228346,Pro0056,,,,,,,TRUE,,,,
Cot0079,Neg0079,25/3/2024,15,231870,Pro0056,,,,,,,TRUE,,,,
Cot0080,Neg0080,25/3/2024,15,231872,Pro0056,,,,,,,TRUE,,,,
Cot0081,Neg0081,25/3/2024,15,231874,Pro0056,,,,,,,TRUE,,,,
Cot0082,Neg0082,25/3/2024,15,190,Pro0069,,,,,,,TRUE,,,,
Cot0083,Neg0083,2/4/2024,15,6462495,Pro0013,,,,,,,TRUE,,,,
Cot0084,Neg0084,11/4/2024,15,14970983,Pro0015,,,,,,,TRUE,,,,
Cot0085,Neg0085,17/4/2024,15,6488281,Pro0060,,,,,,,TRUE,,,,
Cot0086,Neg0086,22/4/2024,15,15059422,Pro0015,,,,,,,TRUE,,,,
Cot0087,Neg0087,13/5/2024,15,14369,Pro0055,,,,,,,TRUE,,,,
Cot0088,Neg0088,28/5/2024,15,6726522,Pro0023,,,,,,,TRUE,,,,
Cot0089,Neg0089,29/5/2024,15,210,Pro0032,,,,,,,TRUE,,,,
Cot0090,Neg0090,3/6/2024,15,215,Pro0032,,,,,,,TRUE,,,,
Cot0091,Neg0091,3/6/2024,15,14476,Pro0055,,,,,,,TRUE,,,,
Cot0092,Neg0092,5/6/2024,15,182735,Pro0003,,,,,,,TRUE,,,,
Cot0093,Neg0093,19/6/2024,15,15582563,Pro0026,,,,,,,TRUE,,,,
Cot0094,Neg0094,25/7/2024,15,51385935,Pro0017,,,,,,,TRUE,,,,
Cot0095,Neg0095,31/7/2024,15,229,Pro0034,,,,,,,TRUE,,,,
Cot0096,Neg0096,31/7/2024,15,230,Pro0034,,,,,,,TRUE,,,,
Cot0097,Neg0097,31/7/2024,15,231,Pro0034,,,,,,,TRUE,,,,
Cot0098,Neg0098,31/7/2024,15,232,Pro0034,,,,,,,TRUE,,,,
Cot0099,Neg0099,29/8/2024,15,6633662,Pro0014,,,,,,,TRUE,,,,
Cot0100,Neg0100,3/9/2024,15,16461463,Pro0015,,,,,,,TRUE,,,,
Cot0101,Neg0101,10/9/2024,15,6675544,Pro0014,,,,,,,TRUE,,,,
Cot0102,Neg0102,11/9/2024,15,248,Pro0009,,,,,,,TRUE,,,,
Cot0103,Neg0103,14/10/2024,15,255,Pro0032,,,,,,,TRUE,,,,
Cot0104,Neg0104,15/11/2024,15,285,Pro0032,,,,,,,TRUE,,,,
Cot0105,Neg0105,18/11/2024,15,292,Pro0054,,,,,,,TRUE,,,,
Cot0106,Neg0106,18/11/2024,15,293,Pro0054,,,,,,,TRUE,,,,
Cot0107,Neg0107,14/1/2025,15,318,Pro0032,,,,,,,TRUE,,,,
Cot0108,Neg0108,14/1/2025,15,316,Pro0032,,,,,,,TRUE,,,,
Cot0109,Neg0109,21/1/2025,15,328,Pro0034,,,,,,,TRUE,,,,
Cot0110,Neg0110,21/1/2025,15,329,Pro0034,,,,,,,TRUE,,,,
Cot0111,Neg0111,23/1/2025,15,346,Pro0039,,,,,,,TRUE,,,,
Cot0112,Neg0112,23/1/2025,15,347,Pro0039,,,,,,,TRUE,,,,
Cot0113,Neg0113,24/1/2025,15,332,Pro0032,,,,,,,TRUE,,,,
Cot0114,Neg0114,24/1/2025,15,333,Pro0032,,,,,,,TRUE,,,,
Cot0115,Neg0115,24/1/2025,15,17951391,Pro0015,,,,,,,TRUE,,,,
Cot0116,Neg0116,22/1/2025,15,330,Pro0032,,,,,,,TRUE,,,,
Cot0117,Neg0117,17/1/2025,15,324,Pro0032,,,,,,,TRUE,,,,
Cot0118,Neg0118,17/1/2025,15,325,Pro0032,,,,,,,TRUE,,,,
Cot0119,Neg0119,28/1/2025,15,350,Pro0034,,,,,,,TRUE,,,,
Cot0120,Neg0120,4/2/2025,15,Correo,Pro0062,,,,,,,TRUE,,,,
Cot0121,Neg0121,13/2/2025,15,364,Pro0009,,,,,,,TRUE,,,,
Cot0122,Neg0122,20/2/2025,15,,,,,,,,,FALSE,,,,
Cot0123,Neg0123,21/2/2025,15,18259680,Pro0015,,,,,,,TRUE,,,,
Cot0124,Neg0124,24/2/2025,15,,,,,,,,,FALSE,,,,
Cot0125,Neg0125,24/2/2025,15,,,,,,,,,FALSE,,,,
Cot0126,Neg0126,25/2/2025,15,376,Pro0032,,,,,,,TRUE,,,,
Cot0127,Neg0127,26/2/2025,15,377,,,,,,,,FALSE,,,,
Cot0128,Neg0128,26/2/2025,15,378,,,,,,,,FALSE,,,,
Cot0129,Neg0129,26/2/2025,15,379,,,,,,,,FALSE,,,,
Cot0130,Neg0130,27/2/2025,15,383,Pro0032,,,,,,,TRUE,,,,
Cot0131,Neg0131,6/3/2025,15,7243301,,,,,,,,FALSE,,,,
Cot0132,Neg0132,17/3/2025,15,387,Pro0032,,,,,,,TRUE,,,,
Cot0133,Neg0133,19/3/2025,15,18557424,Pro0015,,,,,,,TRUE,,,,
Cot0134,Neg0134,26/3/2025,15,4903396,Pro0063,,,,,,,TRUE,,,,
Cot0135,Neg0135,26/3/2025,15,4903450,Pro0063,,,,,,,TRUE,,,,
Cot0136,Neg0136,1/4/2025,15,403,Pro0083,,,,,,,FALSE,,,,
Cot0137,Neg0137,1/4/2025,15,401,Pro0032,,,1,,,,TRUE,,,,
Cot0138,Ren0162,7/4/2025,15,405,Pro0082,,,12,,,,FALSE,,,,
Cot0139,Neg0138,8/4/2025,15,406,Pro0083,,,12,,,,TRUE,,,,
Cot0140,Neg0138,8/4/2025,15,406,Pro0082,,,12,,,,TRUE,,,,
Cot0141,Neg0138,8/4/2025,15,406,Pro0034,,,12,,,,TRUE,,,,
Cot0142,Neg0138,8/4/2025,15,18806993,Pro0015,,,12,,,,TRUE,,,,
Cot0143,Neg0138,8/4/2025,15,18806993,Pro0085,,,12,,,,TRUE,,,,
Cot0144,Neg0138,8/4/2025,15,18806993,Pro0086,,,12,,,,TRUE,,,,
Cot0145,Neg0138,8/4/2025,15,7779613,Pro0103,,,11,,,,TRUE,,,,
Cot0146,Neg0139,9/4/2025,15,407,Pro0088,,,12,,,,FALSE,,,,
Cot0147,Neg0139,9/4/2025,10,407,Pro0089,,,12,,,,FALSE,,,,
Cot0148,Neg0140,9/4/2025,15,408,Pro0088,,,12,,,,FALSE,,,,
Cot0149,Neg0140,9/4/2025,10,408,Pro0089,,,12,,,,FALSE,,,,
Cot0150,Neg0141,9/4/2025,15,409,Pro0089,,,12,,,,FALSE,,,,
Cot0151,Neg0141,9/4/2025,10,409,Pro0088,,,12,,,,FALSE,,,,
Cot0152,Neg0144,9/4/2025,15,410,Pro0034,,,12,,,,FALSE,,,,
Cot0153,Neg0144,9/4/2025,15,410,Pro0091,,,12,,,,FALSE,,,,
Cot0154,Neg0144,9/4/2025,15,18817155,Pro0086,,,12,,,,FALSE,,,,
Cot0155,Neg0144,9/4/2025,10,4926366,Pro0092,,,12,,,,FALSE,,,,
Cot0156,Neg0144,9/4/2025,15,56905,Pro0093,,,11,,,,FALSE,,,,
Cot0157,Neg0144,9/4/2025,15,56905,Pro0094,,,11,,,,FALSE,,,,
Cot0158,Neg0145,9/4/2025,15,1441984,Pro0095,,,11,,,,FALSE,,,,
Cot0159,Neg0145,9/4/2025,15,1441984,Pro0096,,,11,,,,FALSE,,,,
Cot0160,Neg0145,9/4/2025,15,1441984,Pro0097,,,11,,,,FALSE,,,,
Cot0161,Neg0142,10/4/2025,15,411,Pro0090,"$5,514.00",,,,,,FALSE,,,,
Cot0162,Neg0142,10/4/2025,10,4927882,Pro0098,"$5,514.00",,,,,,FALSE,,,,
Cot0163,Neg0143,10/4/2025,15,412,Pro0090,"$15,514.00",,,,,,FALSE,,,,
Cot0164,Neg0143,10/4/2025,10,4927877,Pro0098,"$15,000.00",,,,,,FALSE,,,,
Cot0165,Neg0146,11/4/2025,15,413,Pro0034,,,12,,,,FALSE,,,,
Cot0166,Neg0147,2/1/2025,15,413,Pro0100,$150.00,,9,,,,TRUE,,,,
Cot0167,Neg0148,16/4/2025,15,417,Pro0088,"$4,700.00",,,,,,TRUE,,,,
Cot0168,Neg0149,17/4/2025,15,418,Pro0034,,,12,,,,TRUE,,,,
Cot0169,Neg0149,17/4/2025,15,418,Pro0082,,,12,,,,TRUE,,,,
Cot0170,Neg0149,17/4/2025,15,7875809,Pro0103,,,11,,,,TRUE,,,,
Cot0171,Ren0161,22/4/2025,15,420,Pro0032,,,12,,,,FALSE,,,,
Cot0172,Neg0148,28/4/2025,10,28042025,Pro0107,,,11,,,,TRUE,,,,
Cot0173,Neg0151,28/4/2025,15,430,Pro0082,,,12,,,,TRUE,,,,
Cot0174,Neg0151,28/4/2025,15,429,Pro0083,,,12,,,,TRUE,,,,
Cot0175,Neg0152,6/5/2025,15,431,Pro0054,,,10,,,,TRUE,,,,
Cot0176,Neg0152,6/5/2025,30,63922633,Pro0016,,,,,,,TRUE,,,,
Cot0179,Neg0154,2/6/2025,15,462,Pro0110,,,12,,,,TRUE,,,,
Cot0180,Ren0172,4/6/2025,15,8338904,Pro0103,,,11,,,,FALSE,,,,
Cot0181,Neg0155,5/6/2025,15,468,Pro0091,,,12,0.05,,,TRUE,,,,
Cot0182,Neg0155,5/6/2025,15,1480966,Pro0111,,,12,,Cuotas 11 y 12 Gratis,,TRUE,,,,
Cot0183,Neg0156,18/6/2025,15,492,Pro0112,,,1,,,,TRUE,,,,
Cot0184,Neg0157,18/6/2025,15,494,Pro0110,,,12,,,,FALSE,,,,
Cot0185,Neg0157,18/6/2025,15,494,Pro0113,,,12,,,,FALSE,,,,
Cot0186,Neg0158,26/9/2025,15,503,Pro0112,,,,,,,TRUE,,,,
Cot0187,Neg0159,1/7/2025,15,925556,Pro0073,,,11,,,,TRUE,,,,
Cot0188,Neg0159,1/7/2025,15,541,Pro0091,,,12,,Cuotas 3 y 6 Gratis,,TRUE,,,,
Cot0189,Neg0159,1/7/2025,15,541,Pro0034,,,12,,Cuotas 3 y 6 Gratis,,TRUE,,,,
Cot0190,Neg0159,1/7/2025,15,19812327,Pro0015,,,12,,,,TRUE,,,,
Cot0191,Neg0159,1/7/2025,15,16045124,Pro0025,,,12,,,,TRUE,,,,
Cot0192,Neg0160,3/7/2025,15,542,Pro0034,,,12,,Cuotas 3 y 6 Gratis,,FALSE,,,,
Cot0193,Neg0161,4/7/2025,15,543,Pro0110,,,12,,,,TRUE,,,,
Cot0194,Neg0162,9/7/2025,15,544,Pro0082,,,12,,,,FALSE,,,,
Cot0195,Neg0162,9/7/2025,15,544,Pro0091,,,12,,Cuotas 3 y 6 Gratis,,FALSE,,,,
Cot0196,Neg0162,9/7/2025,15,544,Pro0034,,,12,,Cuotas 3 y 6 Gratis,,FALSE,,,,
Cot0197,Neg0162,9/7/2025,15,19919537,Pro0015,,,12,,,,FALSE,,,,
Cot0198,Neg0164,29/7/2025,15,9180423,Pro0114,,,11,,,,TRUE,,,,
Cot0199,Neg0164,29/7/2025,15,928995,Pro0072,,,11,,,,TRUE,,,,
Cot0200,Neg0165,31/7/2025,15,672,Pro0032,,,12,,,,FALSE,,,,
Cot0201,Neg0166,13/8/2025,15,675,Pro0099,,,12,,,,FALSE,,,,
Cot0202,Neg0167,25/8/2025,30,860993,Pro0077,,,11,,,,FALSE,,,,
Cot0203,Neg0167,25/8/2025,15,932754,Pro0073,,,11,,,,FALSE,,,,
Cot0204,Neg0167,25/8/2025,15,16113745,Pro0025,,,11,,,,FALSE,,,,
Cot0205,Neg0171,28/8/2025,15,679,Pro0032,,,1,,,/Gestión/Cotizaciones/Cot0205.PDF.160130.pdf,FALSE,,,,
e88aca8b,8888cabf,24/9/2025,15,683,Pro0091,,,12,0,2 cuotas gratis durante Septiembre,/Gestión/Cotizaciones/e88aca8b.PDF.143821.pdf,TRUE,,,,
d5e3469a,8888cabf,24/9/2025,15,683,Pro0034,,,12,,2 cuotas gratis durante Septiembre,/Gestión/Cotizaciones/d5e3469a.PDF.144135.pdf,TRUE,,,,
859acbe1,0b88954a,30/9/2025,15,10365530,Pro0087,,,11,,,/Gestión/Cotizaciones/859acbe1.PDF.210135.pdf,FALSE,,,,
dbb8a7e1,8888cabf,10/10/2025,15,699,Pro0032,,,12,,,1.3 Cotizaciones_Files_/dbb8a7e1.PDF.161330.pdf,TRUE,,,,
63c2d442,94aab317,20/10/2025,15,710,Pro0091,,,12,,,/Gestión/Cotizaciones/63c2d442.PDF.163655.pdf,FALSE,,,,
2b0c554b,94aab317,20/10/2025,15,710,Pro0034,,,12,,,/Gestión/Cotizaciones/2b0c554b.PDF.163737.pdf,FALSE,,,,
c137a3fb,0f0b53ad,21/10/2025,15,711,Pro0009,,,12,,,/Gestión/Cotizaciones/c137a3fb.PDF.153520.pdf,FALSE,,,,
e528b6d9,0f0b53ad,21/10/2025,15,711,Pro0082,,,12,,,/Gestión/Cotizaciones/e528b6d9.PDF.153606.pdf,FALSE,,,,
ec4e7ec9,0f0b53ad,21/10/2025,15,711,Pro0032,,,12,,,/Gestión/Cotizaciones/ec4e7ec9.PDF.153659.pdf,FALSE,,,,
9c32a5b1,0f0b53ad,21/10/2025,15,5323896,Pro0073,,,11,,,/Gestión/Cotizaciones/9c32a5b1.PDF.155416.pdf,FALSE,,,,
38da7db9,0f0b53ad,21/10/2025,15,5323896,Pro0072,,,11,,,/Gestión/Cotizaciones/38da7db9.PDF.155458.pdf,FALSE,,,,
b5d1c254,a45964c9,21/10/2025,15,5324442,Pro0073,,,11,,,/Gestión/Cotizaciones/b5d1c254.PDF.170110.pdf,FALSE,,,,
ca31ed96,a45964c9,21/10/2025,15,5324442,Pro0072,,,11,,,/Gestión/Cotizaciones/ca31ed96.PDF.170140.pdf,FALSE,,,,
ae5d1a4e,a45964c9,21/10/2025,15,712,Pro0082,,,12,,,/Gestión/Cotizaciones/ae5d1a4e.PDF.170435.pdf,FALSE,,,,
cd5dab58,a45964c9,21/10/2025,15,712,Pro0032,,,12,,,/Gestión/Cotizaciones/cd5dab58.PDF.170517.pdf,FALSE,,,,
4e2f5a0f,3670afd7,14/10/2025,15,709,Pro0082,,,12,,,/Gestión/Cotizaciones/4e2f5a0f.PDF.173618.pdf,FALSE,,,,
f765b354,3670afd7,14/10/2025,15,709,Pro0032,,,12,,,/Gestión/Cotizaciones/f765b354.PDF.173649.pdf,FALSE,,,,
41318ed9,31ac3e19,22/10/2025,15,16171710,bdecab6a,,,10,,,/Gestión/Cotizaciones/41318ed9.PDF.145218.pdf,FALSE,,,,
a5c7deea,31ac3e19,22/10/2025,15,718,Pro0105,,,10,,,/Gestión/Cotizaciones/a5c7deea.PDF.184133.pdf,FALSE,,,,
6193c417,31ac3e19,22/10/2025,15,215570,Pro0040,,,,,,/Gestión/Cotizaciones/6193c417.PDF.151017.pdf,FALSE,,,,
6c8eb60b,Ren0190,22/10/2025,15,716,Pro0034,,,,,30% Dcto,/Gestión/Cotizaciones/6c8eb60b.PDF.165245.pdf,FALSE,,,,
54176a49,31ac3e19,22/10/2025,15,5140034,0dc02595,,,,,,/Gestión/Cotizaciones/54176a49.PDF.175212.pdf,FALSE,,,,
3ca296b3,31ac3e19,22/10/2025,15,215606,Pro0041,,,12,,,/Gestión/Cotizaciones/3ca296b3.PDF.183833.pdf,FALSE,,,,
dc242ced,31ac3e19,22/10/2025,15,718,caf9e24e,,,,,,/Gestión/Cotizaciones/dc242ced.PDF.184228.pdf,FALSE,,,,
82cf2035,d76258d8,26/10/2025,1,1,Pro0001,,,1,,,/Gestión/Cotizaciones/82cf2035.PDF.235707.pdf,,,,,
35e5fc08,d76258d8,26/10/2025,2,2,Pro0006,,,1,,,,,,,,
baec6f64,f54a06b1,30/10/2025,15,5150250,0dc02595,"$2,000.00",,11,,,/Gestión/Cotizaciones/baec6f64.PDF.163221.pdf,,,,,
62a9ef7d,e95a9c19,30/10/2025,15,5150426,0dc02595,"$1,200.00",,11,,,/Gestión/Cotizaciones/62a9ef7d.PDF.163340.pdf,,,,,
4ee5f7e9,7374a157,30/10/2025,15,5150449,0dc02595,"$1,800.00",,,,,/Gestión/Cotizaciones/4ee5f7e9.PDF.163428.pdf,,,,,
7d5fb4e4,b85a3025,1/11/2025,15,735,Pro0082,,,12,,,/Gestión/Cotizaciones/7d5fb4e4.PDF.183906.pdf,,,,,
6f22e8f4,b85a3025,3/11/2025,15,11203729,Pro0114,,,11,5,,/Gestión/Cotizaciones/6f22e8f4.PDF.164747.pdf,TRUE,,,,
b7c13afe,9632e8b5,4/11/2025,15,16181497,Pro0026,,,,,,/Gestión/Cotizaciones/b7c13afe.PDF.151338.pdf,FALSE,,,,
db457136,9632e8b5,4/11/2025,15,736,Pro0034,,,12,,,/Gestión/Cotizaciones/db457136.PDF.152219.pdf,FALSE,,,,
325db796,9632e8b5,4/11/2025,15,5154196,068d4dd8,,,10,,,/Gestión/Cotizaciones/325db796.PDF.153306.pdf,FALSE,,,,
df7ffd5d,9632e8b5,4/11/2025,15,736,Pro0091,,,,,,/Gestión/Cotizaciones/df7ffd5d.PDF.185954.pdf,TRUE,,,,
c69ee3b8,6a5b6dbd,6/11/2025,10,742-743,2b4be016,,,12,,,/Gestión/Cotizaciones/c69ee3b8.PDF.150056.pdf,FALSE,,,,
8a503c5d,6a5b6dbd,6/11/2025,10,744,665a6d10,,,12,,,/Gestión/Cotizaciones/8a503c5d.PDF.150820.pdf,FALSE,,,,
3acd6be7,647c439f,6/11/2025,15,746,Pro0099,,,12,,,/Gestión/Cotizaciones/3acd6be7.PDF.165518.pdf,FALSE,,,,
45dd0968,cb39f0ab,10/11/2025,15,759,Pro0110,,,12,,,/Gestión/Cotizaciones/45dd0968.PDF.161048.pdf,FALSE,,,,
43bbe6e5,6741304c,11/11/2025,1,3563,Pro0001,,,2,,,,FALSE,,,,
2174d580,8fa6ddd5,12/11/2025,15,763,Pro0091,,,12,,,/Gestión/Cotizaciones/2174d580.PDF.144436.pdf,TRUE,,,,
fcdc205b,d74a477f,12/11/2025,15,746,Pro0099,,,12,,,/Gestión/Cotizaciones/fcdc205b.PDF.151714.pdf,TRUE,,,,
5cad8eb8,a0ebb3b3,13/11/2025,15,766,Pro0082,,,12,,,/Gestión/Cotizaciones/5cad8eb8.PDF.164521.pdf,FALSE,,,,
1d83a05a,a0ebb3b3,13/11/2025,15,766,Pro0034,,,12,30,Cuota Gratis (3ra),/Gestión/Cotizaciones/1d83a05a.PDF.164615.pdf,FALSE,,,,
b2e62efb,a0ebb3b3,13/11/2025,15,766,Pro0099,,,12,30,,/Gestión/Cotizaciones/b2e62efb.PDF.164648.pdf,FALSE,,,,
fac6ca91,a0ebb3b3,13/11/2025,10,1594558,Pro0111,$533.00,,11,,,/Gestión/Cotizaciones/fac6ca91.PDF.170129.pdf,FALSE,,,,
b1b8fd6f,1aaac0cb,13/11/2025,15,767,Pro0082,,,12,,,/Gestión/Cotizaciones/b1b8fd6f.PDF.182339.pdf,FALSE,,,,
88cb8cdc,1aaac0cb,13/11/2025,15,767,Pro0034,,,12,,,/Gestión/Cotizaciones/88cb8cdc.PDF.182411.pdf,FALSE,,,,
ae98153d,b3db958a,17/11/2025,10,8439920,Pro0104,"$97,000.00",,,,,/Gestión/Cotizaciones/ae98153d.PDF.185650.pdf,FALSE,,,,
8c1d299e,f98f4481,19/11/2025,10,769,983ff748,"$1,000.00",,12,,,/Gestión/Cotizaciones/8c1d299e.PDF.160604.pdf,FALSE,,,,
693698ad,f98f4481,19/11/2025,10,5174314,Pro0070,"$1,000.00",,10,,,/Gestión/Cotizaciones/693698ad.PDF.160738.pdf,FALSE,,,,
88e050b9,Neg0166,24/11/2025,15,765,Pro0091,,,12,,,/Gestión/Cotizaciones/88e050b9.PDF.182826.pdf,TRUE,,,,
25894601,8aaf46ba,25/11/2025,10,781,2b4be016,"$90,000.00",,10,,,/Gestión/Cotizaciones/25894601.PDF.174510.pdf,TRUE,,,,
d1152779,2d6bb025,25/11/2025,10,782,2b4be016,"$60,000.00",,10,,,/Gestión/Cotizaciones/d1152779.PDF.175429.pdf,FALSE,,,,
1bb495a2,3670afd7,27/11/2025,15,796,121f9eba,,,12,,,/Gestión/Cotizaciones/1bb495a2.PDF.183131.pdf,FALSE,,,,
74e22dee,3670afd7,27/11/2025,15,796,Pro0082,,,12,,,/Gestión/Cotizaciones/74e22dee.PDF.183207.pdf,FALSE,,,,
aec74fcb,3670afd7,27/11/2025,15,796,Pro0032,,,12,,,/Gestión/Cotizaciones/aec74fcb.PDF.183248.pdf,FALSE,,,,
92e77f9a,3670afd7,27/11/2025,15,5187401,4fdf4801,,,12,,,/Gestión/Cotizaciones/92e77f9a.PDF.184602.pdf,TRUE,,,,
1bbbf706,46b82f8e,28/11/2025,10,814,33ae095e,$700.00,,12,,,/Gestión/Cotizaciones/1bbbf706.PDF.160351.pdf,FALSE,,,,
f47da6e4,6e6b8483,1/12/2025,15,816,Pro0110,,,12,,,/Gestión/Cotizaciones/f47da6e4.PDF.150033.pdf,TRUE,,,,
c43c8be7,c83f0584,2/12/2025,15,818,ee15c670,"$4,000.00",,12,,,/Gestión/Cotizaciones/c43c8be7.PDF.162340.pdf,FALSE,,,,
5230aac6,c83f0584,2/12/2025,10,818,Pro0036,"$4,000.00",,12,,,/Gestión/Cotizaciones/5230aac6.PDF.162420.pdf,FALSE,,,,
5fe258c0,c83f0584,2/12/2025,15,818,Pro0035,"$4,000.00",,12,,3ra Cuota Gratis,/Gestión/Cotizaciones/5fe258c0.PDF.162454.pdf,FALSE,,,,
b1038778,c83f0584,15/12/2025,15,1613489,3baf9793,"$4,000.00",,10,,,/Gestión/Cotizaciones/b1038778.PDF.141105.pdf,FALSE,,,,
c38c785b,a1bc1d28,3/12/2025,10,821,Pro0082,,,12,,,/Gestión/Cotizaciones/c38c785b.PDF.171911.pdf,FALSE,,,,
aa9810a9,Neg0122,15/12/2025,10,881,5aaaa6cf,,,11,,,/Gestión/Cotizaciones/aa9810a9.PDF.153935.pdf,FALSE,,,,
9e2d722a,Neg0122,15/12/2025,10,881,fe5e0dde,,,11,,,/Gestión/Cotizaciones/9e2d722a.PDF.154025.pdf,FALSE,,,,
2d5438ac,Neg0122,15/12/2025,15,881,Pro0091,,,11,,,/Gestión/Cotizaciones/2d5438ac.PDF.154100.pdf,FALSE,,,,
d87823fb,Neg0124,15/12/2025,15,883,Pro0034,,,12,,Tercera Cuota Gratis,/Gestión/Cotizaciones/d87823fb.PDF.161455.pdf,FALSE,,,,
ac14013c,Neg0124,15/12/2025,15,883,Pro0091,,,12,,Tercera Cuota Gratis,/Gestión/Cotizaciones/ac14013c.PDF.161441.pdf,FALSE,,,,
d893f941,Neg0131,15/12/2025,10,884,cc24027c,,,11,,,/Gestión/Cotizaciones/d893f941.PDF.163617.pdf,FALSE,,,,
1f411021,Neg0131,15/12/2025,10,884,Pro0034,,,11,,Tercera Cuota Gratis,/Gestión/Cotizaciones/1f411021.PDF.163659.pdf,FALSE,,,,
6aace18e,Neg0144,15/12/2025,15,886,Pro0091,,,11,,3ra cuota gratis,/Gestión/Cotizaciones/6aace18e.PDF.165818.pdf,FALSE,,,,
58a361fb,Neg0144,15/12/2025,15,886,Pro0034,,,11,,3ra cuota gratis,/Gestión/Cotizaciones/58a361fb.PDF.165906.pdf,FALSE,,,,
e7cdb850,Neg0145,15/12/2025,10,1613751,Pro0096,,,11,,,/Gestión/Cotizaciones/e7cdb850.PDF.172512.pdf,FALSE,,,,
c9d47302,212e89c1,15/12/2025,10,21661666,Pro0015,,,12,,,/Gestión/Cotizaciones/c9d47302.PDF.193634.pdf,FALSE,,,,
c98cb5c5,f98f4481,15/12/2025,15,5209689,Pro0070,,,11,,,/Gestión/Cotizaciones/c98cb5c5.PDF.202609.pdf,FALSE,,,,
df34b7d0,f98f4481,15/12/2025,10,889,Pro0069,,,11,,,/Gestión/Cotizaciones/df34b7d0.PDF.202904.pdf,FALSE,,,,
9b79bef4,28872a0c,15/12/2025,10,890,Pro0034,,,12,,,/Gestión/Cotizaciones/9b79bef4.PDF.204224.pdf,FALSE,,,,
27f3747b,Neg0165,16/12/2025,10,5210746,4fdf4801,,,12,,,/Gestión/Cotizaciones/27f3747b.PDF.154355.pdf,TRUE,,,,
b737e75d,Neg0165,16/12/2025,10,895,Pro0054,,,12,,,/Gestión/Cotizaciones/b737e75d.PDF.154552.pdf,FALSE,,,,
bc901bb7,Neg0165,16/12/2025,10,895,3f8dd2d4,,,12,,,/Gestión/Cotizaciones/bc901bb7.PDF.154702.pdf,FALSE,,,,
1d9ca1a2,57f54aa0,16/12/2025,15,900,Pro0091,,,11,,3ra cuota gratis,/Gestión/Cotizaciones/1d9ca1a2.PDF.181805.pdf,FALSE,,,,
8baf4757,57f54aa0,16/12/2025,15,900,Pro0034,,,11,,3ra cuota gratis,/Gestión/Cotizaciones/8baf4757.PDF.181914.pdf,FALSE,,,,
76888ff0,c03c9974,16/12/2025,15,1614752,96b180f0,,,11,,,/Gestión/Cotizaciones/76888ff0.PDF.182617.pdf,FALSE,,,,
566a56e0,30cda41b,17/12/2025,15,903,Pro0083,,,12,,,/Gestión/Cotizaciones/566a56e0.PDF.183354.pdf,TRUE,,,,
be1958d7,02b49c5e,18/12/2025,10,904,Pro0100,$150.00,,10,,,/Gestión/Cotizaciones/be1958d7.PDF.144213.pdf,FALSE,,,,
8516e1e2,02b49c5e,18/12/2025,10,907,Pro0100,$200.00,,10,,,/Gestión/Cotizaciones/8516e1e2.PDF.144419.pdf,FALSE,,,,
4405da34,02b49c5e,18/12/2025,10,908,Pro0100,$225.00,,10,,,/Gestión/Cotizaciones/4405da34.PDF.144622.pdf,FALSE,,,,
5c92308c,02b49c5e,18/12/2025,10,909,Pro0100,$250.00,,10,,,/Gestión/Cotizaciones/5c92308c.PDF.150059.pdf,FALSE,,,,
9e375d73,6137a1d9,18/12/2025,15,911,Pro0034,,,11,,3ra cuota gratis,/Gestión/Cotizaciones/9e375d73.PDF.184353.pdf,FALSE,,,,
ce4c8e74,df9875b3,18/12/2025,15,912,Pro0034,,,11,,3ra cuota gratis,/Gestión/Cotizaciones/ce4c8e74.PDF.190355.pdf,FALSE,,,,
5f4c9246,df9875b3,18/12/2025,15,5525792,Pro0073,,,11,,,/Gestión/Cotizaciones/5f4c9246.PDF.191743.pdf,FALSE,,,,
4c6d83b1,75981335,24/12/2025,15,935,Pro0091,,,11,,3ra Cuota Gratis,/Gestión/Cotizaciones/4c6d83b1.PDF.150800.pdf,FALSE,,,,
b2ecaf99,75981335,24/12/2025,15,935,Pro0034,,,11,,3ra Cuota Gratis,/Gestión/Cotizaciones/b2ecaf99.PDF.150839.pdf,FALSE,,,,
9e5167ee,75981335,24/12/2025,15,5545842,Pro0073,,,11,,,/Gestión/Cotizaciones/9e5167ee.PDF.160616.pdf,FALSE,,,,
084e0caf,e8a75220,29/12/2025,10,977,89897dd7,"$6,008.00",,12,,,/Gestión/Cotizaciones/084e0caf.PDF.122800.pdf,FALSE,,,,
ac96bf55,1c1623bf,31/12/2025,10,979,Pro0034,,,11,,3ra cuota gratis,/Gestión/Cotizaciones/ac96bf55.PDF.172548.pdf,TRUE,,,,
3c8f0fda,6a6d843f,7/1/2026,10,987,Pro0082,,,12,,,/Gestión/Cotizaciones/3c8f0fda.PDF.155811.pdf,FALSE,,,,
ff5f1ca4,6a6d843f,7/1/2026,10,987,Pro0032,,,12,,,/Gestión/Cotizaciones/ff5f1ca4.PDF.155846.pdf,FALSE,,,,
e81e6bf4,ee16754f,12/1/2026,10,1039,Pro0032,,,12,,,/Gestión/Cotizaciones/e81e6bf4.PDF.162449.pdf,FALSE,,,,
ab8ee672,8da00208,12/1/2026,10,1040,Pro0034,,,12,,,/Gestión/Cotizaciones/ab8ee672.PDF.173825.pdf,FALSE,,,,
a422519f,970cd1c3,13/1/2026,10,1043,Pro0032,,,12,,,/Gestión/Cotizaciones/a422519f.PDF.161418.pdf,FALSE,,,,
04cf4020,ac927ec4,13/1/2026,10,1044,Pro0099,,,12,,,/Gestión/Cotizaciones/04cf4020.PDF.165752.pdf,FALSE,,,,
8dce37a2,53072e4c,13/1/2026,10,1045,Pro0034,,,12,,,/Gestión/Cotizaciones/8dce37a2.PDF.171132.pdf,FALSE,,,,
05cdc41c,04ac1008,13/1/2026,10,1046,Pro0034,,,12,,,/Gestión/Cotizaciones/05cdc41c.PDF.171610.pdf,FALSE,,,,
ecb3bea5,32936c02,13/1/2026,10,1047,Pro0032,,,1,,,/Gestión/Cotizaciones/ecb3bea5.PDF.175052.pdf,FALSE,,,,
d3286efc,dee879df,13/1/2026,10,1048,Pro0032,,,1,,,/Gestión/Cotizaciones/d3286efc.PDF.175409.pdf,FALSE,,,,
55f52bd0,a49e8330,13/1/2026,10,1049,Pro0032,,,12,,,/Gestión/Cotizaciones/55f52bd0.PDF.183315.pdf,FALSE,,,,
a234a4ba,d4146c05,13/1/2026,10,1050,Pro0032,,,12,,,/Gestión/Cotizaciones/a234a4ba.PDF.183917.pdf,FALSE,,,,
ebc8b510,d7fe2319,13/1/2026,10,1051,Pro0032,,,12,,,/Gestión/Cotizaciones/ebc8b510.PDF.185022.pdf,FALSE,,,,
1b14f5f6,44db2753,14/1/2026,10,1054,Pro0032,,,12,,1373114,/Gestión/Cotizaciones/1b14f5f6.PDF.155750.pdf,TRUE,,,,
6e159ac9,e200030b,16/1/2026,10,1055,Pro0110,,,12,,,/Gestión/Cotizaciones/6e159ac9.PDF.144431.pdf,FALSE,,,,
07cca5eb,3daa9575,13/1/2026,10,1043,Pro0032,,,12,,,/Gestión/Cotizaciones/07cca5eb.PDF.142506.pdf,FALSE,,,,
a841eb14,75981335,20/1/2026,10,1057,Pro0091,,,12,,,/Gestión/Cotizaciones/a841eb14.PDF.190300.pdf,FALSE,,,,
7c2e6b49,262b9f98,28/2/2026,15,1242,Pro0034,,,12,,,/Gestión/Cotizaciones/7c2e6b49.PDF.183707.pdf,FALSE,,,,
740eb6b1,82bd9642,21/1/2026,10,953814,b99fcf9f,,,11,,,/Gestión/Cotizaciones/740eb6b1.PDF.143328.pdf,FALSE,,,,
20a43b5f,82bd9642,21/1/2026,10,5252745,Pro0063,,,1,,,/Gestión/Cotizaciones/20a43b5f.PDF.152356.pdf,TRUE,,,,
7a2f3235,0263c441,28/2/2026,15,1246,Pro0034,,,12,,,/Gestión/Cotizaciones/7a2f3235.PDF.185953.pdf,FALSE,,,,
ffb974ea,2a15e628,28/2/2026,15,1245,Pro0032,,,12,,,/Gestión/Cotizaciones/ffb974ea.PDF.185553.pdf,FALSE,,,,
27e17aaf,8ec4f8d8,30/1/2026,15,1143,Pro0034,,,12,,,/Gestión/Cotizaciones/27e17aaf.PDF.154913.pdf,FALSE,,,,
69ad60c7,fc7a7987,21/1/2026,10,1069,Pro0009,,,12,,,/Gestión/Cotizaciones/69ad60c7.PDF.181606.pdf,FALSE,,,,
d5b45c08,62c21e54,28/2/2026,15,1243,Pro0091,,,12,,,/Gestión/Cotizaciones/d5b45c08.PDF.184314.pdf,FALSE,,,,
f583b355,62c21e54,21/1/2026,15,953888,Pro0072,,,11,,,/Gestión/Cotizaciones/f583b355.PDF.185702.pdf,FALSE,,,,
e9d992dc,543066bb,22/1/2026,10,1087,Pro0032,,,12,,,/Gestión/Cotizaciones/e9d992dc.PDF.144540.pdf,TRUE,,,,
428645f4,b1b7165c,28/2/2026,15,1252,Pro0091,,,12,,,/Gestión/Cotizaciones/428645f4.PDF.194003.pdf,FALSE,,,,
cba3ae43,d4f9c9d7,28/2/2026,15,1251,Pro0034,,,12,,,/Gestión/Cotizaciones/cba3ae43.PDF.193054.pdf,FALSE,,,,
3f9081c0,72a81bef,30/1/2026,15,1638751,Pro0111,,,11,35,Taller Libre Elección,/Gestión/Cotizaciones/3f9081c0.PDF.163950.pdf,FALSE,,,,
e8fc4c2a,bfdedb94,23/1/2026,10,1114,Pro0034,,,12,,,/Gestión/Cotizaciones/e8fc4c2a.PDF.174637.pdf,FALSE,,,,
2a7fa8c3,1052a1a4,28/2/2026,15,1248,Pro0032,,,12,,,/Gestión/Cotizaciones/2a7fa8c3.PDF.192000.pdf,FALSE,,,,
2e254dd2,46e8e49c,28/2/2026,15,1249,Pro0032,,,12,,,/Gestión/Cotizaciones/2e254dd2.PDF.192459.pdf,FALSE,,,,
bd3de86c,1d6dc457,28/2/2026,15,1247,Pro0034,,,12,,,/Gestión/Cotizaciones/bd3de86c.PDF.190417.pdf,FALSE,,,,
38226b49,82bd9642,23/1/2026,20,5256168,4fdf4801,,,1,,,/Gestión/Cotizaciones/38226b49.PDF.150436.pdf,FALSE,,,,
457fa1d9,d51d7ce2,26/1/2026,10,5258574,Pro0092,,,12,,,/Gestión/Cotizaciones/457fa1d9.PDF.173521.pdf,FALSE,,,,
d0d0b357,d3752173,28/2/2026,15,1254,Pro0034,,,12,,,/Gestión/Cotizaciones/d0d0b357.PDF.200123.pdf,FALSE,,,,
61229a45,abf5ecf7,30/1/2026,15,1152,Pro0034,,,12,,,/Gestión/Cotizaciones/61229a45.PDF.165926.pdf,FALSE,,,,
12ce55d6,abf5ecf7,28/2/2026,15,1253,Pro0091,,,12,,,/Gestión/Cotizaciones/12ce55d6.PDF.195055.pdf,FALSE,,,,
5a44aba0,abf5ecf7,26/1/2026,15,954460,Pro0072,,,11,,,/Gestión/Cotizaciones/5a44aba0.PDF.175358.pdf,FALSE,,,,
d856bbb9,abf5ecf7,26/1/2026,15,954460,Pro0073,,,11,,,/Gestión/Cotizaciones/d856bbb9.PDF.175439.pdf,FALSE,,,,
4d83e67d,cc870851,30/1/2026,15,1153,Pro0034,,,12,,,/Gestión/Cotizaciones/4d83e67d.PDF.170230.pdf,FALSE,,,,
61d7b532,cc870851,30/1/2026,15,1153,Pro0091,,,12,,,/Gestión/Cotizaciones/61d7b532.PDF.170208.pdf,FALSE,,,,
8c937dfe,cc870851,26/1/2026,15,954462,Pro0072,,,11,,,/Gestión/Cotizaciones/8c937dfe.PDF.180236.pdf,FALSE,,,,
5a16b1fa,cc870851,26/1/2026,15,954462,Pro0073,,,12,,,/Gestión/Cotizaciones/5a16b1fa.PDF.180315.pdf,FALSE,,,,
37d372fb,6a6d843f,26/1/2026,10,1130,Pro0082,,,12,,,/Gestión/Cotizaciones/37d372fb.PDF.183632.pdf,TRUE,,,,
ae3734c1,82bd9642,28/1/2026,10,5262604,b023eff5,$500.00,,1,,,/Gestión/Cotizaciones/ae3734c1.PDF.155000.pdf,FALSE,,,,
ba92655b,417f161d,28/1/2026,15,1135,Pro0034,,,12,,,/Gestión/Cotizaciones/ba92655b.PDF.193341.pdf,FALSE,,,,
39634702,0598c408,28/1/2026,15,1136,Pro0032,,,12,,,/Gestión/Cotizaciones/39634702.PDF.194152.pdf,FALSE,,,,
cff28110,0598c408,28/1/2026,15,5263263,4fdf4801,$300.00,,12,,,/Gestión/Cotizaciones/cff28110.PDF.194247.pdf,TRUE,,,,
9e5ee076,0263c441,28/2/2026,15,1246,Pro0091,,,12,,,/Gestión/Cotizaciones/9e5ee076.PDF.185910.pdf,FALSE,,,,
c2e84a4b,8ec4f8d8,30/1/2026,15,1143,Pro0091,,,12,,,/Gestión/Cotizaciones/c2e84a4b.PDF.154857.pdf,FALSE,,,,
ebac0744,b1b7165c,28/2/2026,15,1252,Pro0034,,,12,,,/Gestión/Cotizaciones/ebac0744.PDF.194045.pdf,FALSE,,,,
b28b22c5,d4f9c9d7,28/2/2026,15,1251,Pro0091,,,12,,,/Gestión/Cotizaciones/b28b22c5.PDF.193015.pdf,FALSE,,,,
76648563,46e8e49c,28/2/2026,15,1250,Pro0110,,,12,,,/Gestión/Cotizaciones/76648563.PDF.192642.pdf,FALSE,,,,
2abf60be,Neg0162,30/1/2026,15,1154,Pro0009,,,12,,,/Gestión/Cotizaciones/2abf60be.PDF.170741.pdf,FALSE,,,,
1d6b7724,Neg0162,30/1/2026,15,1154,Pro0082,,,12,,,/Gestión/Cotizaciones/1d6b7724.PDF.170809.pdf,FALSE,,,,
899c8bd8,Neg0162,30/1/2026,15,1154,Pro0099,,,12,,,/Gestión/Cotizaciones/899c8bd8.PDF.170854.pdf,FALSE,,,,
9d32fdfa,ae64c767,30/1/2026,15,1156,Pro0009,,,12,,,/Gestión/Cotizaciones/9d32fdfa.PDF.171738.pdf,FALSE,,,,
a9504443,ae64c767,30/1/2026,15,1156,Pro0099,,,12,,,/Gestión/Cotizaciones/a9504443.PDF.171803.pdf,FALSE,,,,
befd2f57,a80db467,30/1/2026,15,1157,Pro0032,,,12,,,,FALSE,,,,
878e56db,8a181242,30/1/2026,15,1161,Pro0009,,,12,,,/Gestión/Cotizaciones/878e56db.PDF.181237.pdf,FALSE,,,,
683f9ea7,8a181242,30/1/2026,15,1161,Pro0082,,,12,,,/Gestión/Cotizaciones/683f9ea7.PDF.181309.pdf,FALSE,,,,
0d46924c,d0b502bf,30/1/2026,15,1162,Pro0083,,,12,,,/Gestión/Cotizaciones/0d46924c.PDF.181801.pdf,FALSE,,,,
7c80af16,ad93ea2b,30/1/2026,15,1163,Pro0054,,,12,,,/Gestión/Cotizaciones/7c80af16.PDF.182112.pdf,FALSE,,,,
e10c63f8,ad93ea2b,30/1/2026,15,1163,Pro0032,,,12,,,/Gestión/Cotizaciones/e10c63f8.PDF.182144.pdf,FALSE,,,,
a36cb428,5976b900,30/1/2026,15,1166,Pro0054,,,12,,,/Gestión/Cotizaciones/a36cb428.PDF.183906.pdf,FALSE,,,,
8513e93a,5976b900,30/1/2026,15,1166,Pro0032,,,12,,,/Gestión/Cotizaciones/8513e93a.PDF.183935.pdf,FALSE,,,,
e769c05b,d504b32d,28/2/2026,15,1258,Pro0054,,,12,,,/Gestión/Cotizaciones/e769c05b.PDF.201753.pdf,FALSE,,,,
30e0b0ad,d504b32d,28/2/2026,15,1258,Pro0032,,,12,,,/Gestión/Cotizaciones/30e0b0ad.PDF.201833.pdf,FALSE,,,,
850ef275,e55a81be,28/2/2026,15,1256,Pro0054,,,12,,,/Gestión/Cotizaciones/850ef275.PDF.201339.pdf,FALSE,,,,
0758d272,e55a81be,28/2/2026,15,1256,Pro0032,,,12,,,/Gestión/Cotizaciones/0758d272.PDF.201418.pdf,FALSE,,,,
a10f3b05,101a0a69,30/1/2026,15,1170,Pro0054,,,12,,,/Gestión/Cotizaciones/a10f3b05.PDF.185614.pdf,FALSE,,,,
94b16e9e,101a0a69,30/1/2026,15,1170,Pro0032,,,12,,,/Gestión/Cotizaciones/94b16e9e.PDF.190446.pdf,FALSE,,,,
c88145de,cfb4e007,30/1/2026,15,1171,Pro0054,,,12,,,/Gestión/Cotizaciones/c88145de.PDF.190805.pdf,FALSE,,,,
e903a848,cfb4e007,30/1/2026,15,1171,Pro0032,,,12,,,/Gestión/Cotizaciones/e903a848.PDF.190831.pdf,TRUE,,,,
b9482751,c3a78960,30/1/2026,15,1172,Pro0054,,,12,,,/Gestión/Cotizaciones/b9482751.PDF.191233.pdf,FALSE,,,,
ccfbab97,c3a78960,30/1/2026,15,1172,Pro0032,,,12,,,/Gestión/Cotizaciones/ccfbab97.PDF.191302.pdf,FALSE,,,,
9ca24d00,31c127a5,30/1/2026,15,1174,Pro0083,,,12,,,/Gestión/Cotizaciones/9ca24d00.PDF.192157.pdf,TRUE,,,,
e436995f,8601d49a,28/2/2026,15,1255,Pro0032,,,12,,,/Gestión/Cotizaciones/e436995f.PDF.200747.pdf,TRUE,,,,
6ececfcc,f98f4481,3/2/2026,10,5270590,e32489d8,"$1,000.00",,12,,,/Gestión/Cotizaciones/6ececfcc.PDF.172236.pdf,FALSE,,,,
62519861,f3c3e533,4/2/2026,15,1178,Pro0099,,,12,,,/Gestión/Cotizaciones/62519861.PDF.150315.pdf,FALSE,,,,
d10ed0ae,f3c3e533,4/2/2026,15,1179 Titanium,Pro0099,,,12,,,/Gestión/Cotizaciones/d10ed0ae.PDF.151918.pdf,TRUE,,,,
10033755,5a79ad75,5/2/2026,15,1180,Pro0032,,,12,,,/Gestión/Cotizaciones/10033755.PDF.152858.pdf,TRUE,,,,
b3d5dd34,8de372fa,28/2/2026,15,1259,Pro0009,,,12,,,/Gestión/Cotizaciones/b3d5dd34.PDF.202336.pdf,FALSE,,,,
33039c4f,8de372fa,28/2/2026,15,1259,Pro0032,,,12,,,/Gestión/Cotizaciones/33039c4f.PDF.202415.pdf,FALSE,,,,
84702f61,e941100c,28/2/2026,15,1241,Pro0034,,,12,,,/Gestión/Cotizaciones/84702f61.PDF.183258.pdf,FALSE,,,,
236f0666,ab5d0c04,5/2/2026,15,1183,Pro0083,,,12,,,/Gestión/Cotizaciones/236f0666.PDF.204100.pdf,TRUE,,,,
4bd74a36,d51d7ce2,12/2/2026,15,5283616,2b2307fb,,,12,20,,/Gestión/Cotizaciones/4bd74a36.PDF.125556.pdf,FALSE,,,,
f3e46cbe,d51d7ce2,12/2/2026,15,5283622,Pro0092,,,12,20,,/Gestión/Cotizaciones/f3e46cbe.PDF.125731.pdf,FALSE,,,,
091b7c43,2bd45f72,12/2/2026,15,1201,Pro0032,,,12,,,/Gestión/Cotizaciones/091b7c43.PDF.161547.pdf,TRUE,,,,
1f27b0bc,abf5ecf7,28/2/2026,15,1253,Pro0034,,,12,10,Pedir descuento adicional una vez emitida la póliza.,/Gestión/Cotizaciones/1f27b0bc.PDF.195157.pdf,FALSE,,,,
25611412,abf5ecf7,12/2/2026,10,5791880,Pro0072,,,11,,,/Gestión/Cotizaciones/25611412.PDF.195527.pdf,FALSE,,,,
1918845a,d3752173,28/2/2026,15,1254,130941a4,,,12,,,/Gestión/Cotizaciones/1918845a.PDF.200205.pdf,FALSE,,,,
d3380081,ca0659a3,13/2/2026,15,5286461,b023eff5,,,1,,,/Gestión/Cotizaciones/d3380081.PDF.201312.pdf,FALSE,,,,
2abc0b17,7e44c039,17/2/2026,15,1205,Pro0099,,,12,,,/Gestión/Cotizaciones/2abc0b17.PDF.194843.pdf,FALSE,,,,
61f5f4e0,7b14721e,19/2/2026,15,1206,Pro0034,,,12,,,/Gestión/Cotizaciones/61f5f4e0.PDF.181300.pdf,TRUE,,,,
8e3d7b85,ca644998,28/2/2026,15,1244,Pro0034,,,12,,,/Gestión/Cotizaciones/8e3d7b85.PDF.184919.pdf,TRUE,,,,
72e6203c,ca644998,19/2/2026,15,5293682,b023eff5,,,1,,,/Gestión/Cotizaciones/72e6203c.PDF.182213.pdf,FALSE,,,,
d075d3c8,ca644998,19/2/2026,15,5293693,4fdf4801,,,1,,,/Gestión/Cotizaciones/d075d3c8.PDF.182302.pdf,FALSE,,,,
9e66291a,32da4e0c,23/2/2026,15,1215,Pro0091,,,12,,,/Gestión/Cotizaciones/9e66291a.PDF.152917.pdf,FALSE,,,,
3437858e,b6f8a30c,24/2/2026,15,1218,130941a4,,,12,,,/Gestión/Cotizaciones/3437858e.PDF.194807.pdf,FALSE,,,,
84c22e94,32da4e0c,24/2/2026,15,1219,Pro0034,,,12,,,/Gestión/Cotizaciones/84c22e94.PDF.200851.pdf,TRUE,,,,
b27b2538,8187f4d0,18/3/2026,15,1666835,Pro0111,,,11,,,/Gestión/Cotizaciones/b27b2538.PDF.174741.pdf,TRUE,,,,
e1447341,f3b56345,28/2/2026,15,1260,Pro0034,,,12,,,/Gestión/Cotizaciones/e1447341.PDF.202949.pdf,FALSE,,,,
f09ac67c,f3b56345,28/2/2026,15,1260,Pro0091,,,12,,,/Gestión/Cotizaciones/f09ac67c.PDF.202904.pdf,FALSE,,,,
1ab5fcfe,ad93ea2b,25/2/2026,15,1225,Pro0032,,,12,,,/Gestión/Cotizaciones/1ab5fcfe.PDF.150833.pdf,TRUE,,,,
6fc5f233,c3a78960,25/2/2026,15,1226,Pro0032,,,12,,,/Gestión/Cotizaciones/6fc5f233.PDF.151352.pdf,TRUE,,,,
3ad80b15,23872a90,28/2/2026,15,1262,Pro0054,,,12,,,/Gestión/Cotizaciones/3ad80b15.PDF.203707.pdf,FALSE,,,,
ad4c3d64,23872a90,28/2/2026,15,1262,Pro0032,,,12,,,/Gestión/Cotizaciones/ad4c3d64.PDF.203728.pdf,FALSE,,,,
8244ddec,2a56238c,28/2/2026,15,1261,Pro0054,,,12,,,/Gestión/Cotizaciones/8244ddec.PDF.203245.pdf,FALSE,,,,
407ba6f8,2a56238c,28/2/2026,15,1261,Pro0032,,,12,,,/Gestión/Cotizaciones/407ba6f8.PDF.203315.pdf,FALSE,,,,
5534f67f,2e415aa7,26/2/2026,15,1234,Pro0099,,,12,,,/Gestión/Cotizaciones/5534f67f.PDF.180050.pdf,FALSE,,,,
e413fd1f,2e415aa7,26/2/2026,15,1234,Pro0032,,,12,,,/Gestión/Cotizaciones/e413fd1f.PDF.180201.pdf,FALSE,,,,
ee1ce1b3,ab5d0c04,26/2/2026,15,1235,Pro0083,,,12,,,/Gestión/Cotizaciones/ee1ce1b3.PDF.182213.pdf,TRUE,,,,
582857a3,e0d7dfc2,26/2/2026,15,1237,Pro0032,,,12,,,/Gestión/Cotizaciones/582857a3.PDF.185134.pdf,FALSE,,,,
52f74d6f,e0d7dfc2,26/2/2026,15,1237,Pro0099,,,12,,,/Gestión/Cotizaciones/52f74d6f.PDF.185221.pdf,FALSE,,,,
2d78167c,e941100c,28/2/2026,15,1241,Pro0054,,,12,,,/Gestión/Cotizaciones/2d78167c.PDF.183304.pdf,FALSE,,,,
ef9a96aa,62c21e54,28/2/2026,15,1243,Pro0034,,,12,,,/Gestión/Cotizaciones/ef9a96aa.PDF.184358.pdf,FALSE,,,,
d1f12649,1d6dc457,28/2/2026,15,1247,Pro0091,,,12,,,/Gestión/Cotizaciones/d1f12649.PDF.190511.pdf,FALSE,,,,
0873b69e,8de372fa,28/2/2026,15,1259,Pro0054,,,12,,,/Gestión/Cotizaciones/0873b69e.PDF.202457.pdf,FALSE,,,,
89583205,e55a81be,2/3/2026,15,5308871,4fdf4801,,,12,,,/Gestión/Cotizaciones/89583205.PDF.145710.pdf,TRUE,,,,
90f993bd,e55a81be,2/3/2026,10,958878,Pro0073,,,11,,,/Gestión/Cotizaciones/90f993bd.PDF.151909.pdf,FALSE,,,,
d4c6d881,e55a81be,2/3/2026,10,958878,b99fcf9f,,,11,,,/Gestión/Cotizaciones/d4c6d881.PDF.152004.pdf,FALSE,,,,
b9e87299,00ae15c1,3/3/2026,15,58745581,Pro0051,,,12,,,/Gestión/Cotizaciones/b9e87299.PDF.151208.pdf,TRUE,,,,
155b0243,f7e1c371,3/3/2026,15,1266,Pro0099,,,,,,/Gestión/Cotizaciones/155b0243.PDF.172336.pdf,FALSE,,,,
08a46279,a14e21aa,4/3/2026,15,1267,Pro0099,,,12,,,/Gestión/Cotizaciones/08a46279.PDF.150753.pdf,FALSE,,,,
9c05b6b7,4cf4e6a0,4/3/2026,15,1268,Pro0099,,,12,,,/Gestión/Cotizaciones/9c05b6b7.PDF.151514.pdf,FALSE,,,,
6de6735a,9068243c,5/3/2026,15,1266,Pro0032,,,12,,,/Gestión/Cotizaciones/6de6735a.PDF.140745.pdf,TRUE,,,,
4d924018,aa113c96,10/3/2026,15,1270,Pro0029,,,12,,,,TRUE,,,,
e9629cd3,1052a1a4,10/3/2026,15,1272,Pro0032,,,12,,,/Gestión/Cotizaciones/e9629cd3.PDF.175445.pdf,FALSE,,,,
2ca238ba,ca0659a3,10/3/2026,15,5323816,b023eff5,,,3,,,/Gestión/Cotizaciones/2ca238ba.PDF.181203.pdf,TRUE,,,,
81663833,aa771c94,11/3/2026,15,1273,Pro0099,,,12,,,/Gestión/Cotizaciones/81663833.PDF.143220.pdf,FALSE,,,,
9fbbd9ca,53bdb5e8,11/3/2026,15,1274,Pro0099,,,12,,,/Gestión/Cotizaciones/9fbbd9ca.PDF.182946.pdf,FALSE,,,,
a0c8e365,23872a90,11/3/2026,15,1275,Pro0032,,,12,,,/Gestión/Cotizaciones/a0c8e365.PDF.205106.pdf,TRUE,,,,
6701960c,2a56238c,11/3/2026,15,1276,Pro0032,,,12,,,/Gestión/Cotizaciones/6701960c.PDF.205401.pdf,TRUE,,,,
6b923773,2856c70a,12/3/2026,15,1277,Pro0034,,,12,,,/Gestión/Cotizaciones/6b923773.PDF.153923.pdf,TRUE,,,,
3394c5b9,2856c70a,12/3/2026,15,1227,Pro0054,,,12,,,/Gestión/Cotizaciones/3394c5b9.PDF.154400.pdf,FALSE,,,,
7ad0fd7e,e6aa8b9a,12/3/2026,30,SOAP26002330,e7334ec9,,,1,,,/Gestión/Cotizaciones/7ad0fd7e.PDF.124909.pdf,TRUE,,,,
427f3125,9614284a,13/3/2026,1,soaptzld34,1c2c02fd,,,1,,,,FALSE,,,,
504a1fe6,63a49fe0,18/3/2026,15,59365016,4fdf4801,,,12,,,/Gestión/Cotizaciones/504a1fe6.PDF.182512.pdf,FALSE,,,,
427f3126,7edb0d4b,12/3/2026,30,SOAP26002330,e7334ec9,,,1,,,/Gestión/Cotizaciones/7ad0fd7e.PDF.124909.pdf,FALSE,,,,
504a1fe7,339fa3f9,12/3/2026,30,SOAP26002330,e7334ec9,,,1,,,/Gestión/Cotizaciones/7ad0fd7e.PDF.124909.pdf,FALSE,,,,
427f3127,339fa3f93,12/3/2026,30,SOAP26002330,e7334ec9,,,1,,,/Gestión/Cotizaciones/7ad0fd7e.PDF.124909.pdf,FALSE,,,,
504a1fe8,339fa3f177,12/3/2026,30,SOAP26002330,e7334ec9,,,1,,,/Gestión/Cotizaciones/7ad0fd7e.PDF.124909.pdf,FALSE,,,,
427f3128,339fa3f261,12/3/2026,30,SOAP26002330,e7334ec9,,,1,,,/Gestión/Cotizaciones/7ad0fd7e.PDF.124909.pdf,FALSE,,,,
504a1fe9,339fa3f345,12/3/2026,30,SOAP26002330,e7334ec9,,,1,,,/Gestión/Cotizaciones/7ad0fd7e.PDF.124909.pdf,FALSE,,,,
427f3129,339fa3f429,12/3/2026,30,SOAP26002330,e7334ec9,,,1,,,/Gestión/Cotizaciones/7ad0fd7e.PDF.124909.pdf,FALSE,,,,
504a1fe10,339fa3f513,12/3/2026,30,SOAP26002330,e7334ec9,,,1,,,/Gestión/Cotizaciones/7ad0fd7e.PDF.124909.pdf,FALSE,,,,
427f3130,339fa3f597,12/3/2026,30,SOAP26002330,e7334ec9,,,1,,,/Gestión/Cotizaciones/7ad0fd7e.PDF.124909.pdf,FALSE,,,,
504a1fe11,339fa3f681,12/3/2026,30,SOAP26002330,e7334ec9,,,1,,,/Gestión/Cotizaciones/7ad0fd7e.PDF.124909.pdf,FALSE,,,,
427f3131,339fa3f765,12/3/2026,30,SOAP26002330,e7334ec9,,,1,,,/Gestión/Cotizaciones/7ad0fd7e.PDF.124909.pdf,FALSE,,,,
504a1fe12,339fa3f849,12/3/2026,30,SOAP26002330,e7334ec9,,,1,,,/Gestión/Cotizaciones/7ad0fd7e.PDF.124909.pdf,FALSE,,,,
427f3132,339fa3f933,12/3/2026,30,SOAP26002330,e7334ec9,,,1,,,/Gestión/Cotizaciones/7ad0fd7e.PDF.124909.pdf,FALSE,,,,
d3e62bd7,a34ebb14,25/3/2026,15,1293,ee15c670,,,10,,,/Gestión/Cotizaciones/d3e62bd7.PDF.201219.pdf,TRUE,,,,
e78806ea,9614284a,26/3/2026,1,soap226,e7334ec9,,,1,,,,TRUE,,,,
37b65361,6538a3f3,26/3/2026,1,soap2026,e7334ec9,,,1,,,,TRUE,,,,
eec38cad,84cf7d14,2/4/2026,15,1319,Pro0034,,,12,,,/Gestión/Cotizaciones/eec38cad.PDF.150933.pdf,TRUE,,,,
2f6462fa,4bc35765,2/4/2026,15,1320,Pro0099,,PAT,12,,,/Gestión/Cotizaciones/2f6462fa.PDF.154202.pdf,TRUE,68200464,,,
39088780,9f17dea2,2/4/2026,15,1321,Pro0032,,,12,,,/Gestión/Cotizaciones/39088780.PDF.155458.pdf,TRUE,,,,
9545f24a,304b3cf5,7/4/2026,15,1322,Pro0034,,,12,,,/Gestión/Cotizaciones/9545f24a.PDF.154610.pdf,TRUE,2e1c9388,,,
9282f0a2,0f938ac0,20/4/2026,1,1,Pro0080,$795.00,Directa,1,0%,,/Gestión/Cotizaciones/9282f0a2.PDF.190935.pdf,TRUE,2c224a79,,,
f5023eaf,98d5e628,20/4/2026,1,1,Pro0079,$500.00,Directa,1,0%,,/Gestión/Cotizaciones/f5023eaf.PDF.191358.pdf,TRUE,6a4c80ea,,,
9d1a4d8a,de2d43b6,22/4/2026,10,22042026,81cf4227,"$6,500.00",PAT,11,0%,,/Gestión/Cotizaciones/9d1a4d8a.PDF.155147.pdf,,,,,
88243327,e4e057cf,17/4/2026,15,1338,e5f28b1c,,PAT,12,0%,,/Gestión/Cotizaciones/88243327.PDF.162139.pdf,,381063a9,,,
5eb7179c,de2d43b6,27/4/2026,10,V2,81cf4227,"$4,500.00",PAT,11,0%,,/Gestión/Cotizaciones/5eb7179c.PDF.202754.pdf,,a225dab6,,,
e34e12d1,f3c2adf3,28/4/2026,15,1353,e5f28b1c,,PAT,12,0%,,/Gestión/Cotizaciones/e34e12d1.PDF.193451.pdf,,10be63a0,,,
76d27fc5,d409d0a1,30/4/2026,15,1354,Pro0032,,PAT,12,0%,,/Gestión/Cotizaciones/76d27fc5.PDF.181813.pdf,,1c607085,,,
6bf84959,0ff7fff4,30/4/2026,15,1355,Pro0110,,Directa,12,0%,,/Gestión/Cotizaciones/6bf84959.PDF.193019.pdf,,1df03922,,,
05a3f9b6,e941100c,30/4/2026,15,1356,fdb721c8,,PAT,12,0%,,/Gestión/Cotizaciones/05a3f9b6.PDF.193814.pdf,,,,,
d89aca51,1052a1a4,13/5/2026,15,1376,Pro0032,,PAT,12,0%,,/Gestión/Cotizaciones/d89aca51.PDF.175219.pdf,,1c44800e,,,
2020390e,60c09a2a,30/4/2026,15,1358,Pro0009,,PAT,12,0%,,/Gestión/Cotizaciones/2020390e.PDF.203043.pdf,,,,,
787237f9,2a15e628,30/4/2026,15,1359,fdb721c8,,PAT,12,0%,,/Gestión/Cotizaciones/787237f9.PDF.205213.pdf,,,,,
1508f866,2a15e628,30/4/2026,15,1359,e5f28b1c,,PAT,12,0%,Cuota Gratis,/Gestión/Cotizaciones/1508f866.PDF.205933.pdf,,,,,
0a7fbeb8,c2c8516c,4/5/2026,10,04052026,e7334ec9,,Directa,1,0%,,/Gestión/Cotizaciones/0a7fbeb8.PDF.221509.pdf,,45aab96b,,,
,,,,,,,,,,,,FALSE,,FALSE,,
,,,,,,,,,,,,FALSE,,FALSE,,
,,,,,,,,,,,,FALSE,,FALSE,,
,,,,,,,,,,,,FALSE,,FALSE,,
,,,,,,,,,,,,FALSE,,FALSE,,
,,,,,,,,,,,,FALSE,,FALSE,,
,,,,,,,,,,,,FALSE,,FALSE,,
,,,,,,,,,,,,FALSE,,FALSE,,
,,,,,,,,,,,,FALSE,,FALSE,,
,,,,,,,,,,,,FALSE,,FALSE,,
,,,,,,,,,,,,FALSE,,FALSE,,
,,,,,,,,,,,,FALSE,,FALSE,,
,,,,,,,,,,,,FALSE,,FALSE,,
,,,,,,,,,,,,FALSE,,FALSE,,
,,,,,,,,,,,,FALSE,,FALSE,,
,,,,,,,,,,,,FALSE,,FALSE,,
,,,,,,,,,,,,FALSE,,FALSE,,
,,,,,,,,,,,,FALSE,,FALSE,,
,,,,,,,,,,,,FALSE,,FALSE,,
,,,,,,,,,,,,FALSE,,FALSE,,
,,,,,,,,,,,,FALSE,,FALSE,,
,,,,,,,,,,,,FALSE,,FALSE,,
,,,,,,,,,,,,FALSE,,FALSE,,
,,,,,,,,,,,,FALSE,,FALSE,,
,,,,,,,,,,,,FALSE,,FALSE,,
,,,,,,,,,,,,FALSE,,FALSE,,
,,,,,,,,,,,,FALSE,,FALSE,,
,,,,,,,,,,,,FALSE,,FALSE,,
,,,,,,,,,,,,FALSE,,FALSE,,
,,,,,,,,,,,,FALSE,,FALSE,,
,,,,,,,,,,,,FALSE,,FALSE,,
,,,,,,,,,,,,FALSE,,FALSE,,
,,,,,,,,,,,,FALSE,,FALSE,,
,,,,,,,,,,,,FALSE,,FALSE,,
,,,,,,,,,,,,FALSE,,FALSE,,
,,,,,,,,,,,,FALSE,,FALSE,,
,,,,,,,,,,,,FALSE,,FALSE,,
,,,,,,,,,,,,FALSE,,FALSE,,
,,,,,,,,,,,,FALSE,,FALSE,,
,,,,,,,,,,,,FALSE,,FALSE,,
,,,,,,,,,,,,FALSE,,FALSE,,
,,,,,,,,,,,,FALSE,,FALSE,,
,,,,,,,,,,,,FALSE,,FALSE,,
,,,,,,,,,,,,FALSE,,FALSE,,
,,,,,,,,,,,,FALSE,,FALSE,,
,,,,,,,,,,,,FALSE,,FALSE,,
,,,,,,,,,,,,FALSE,,FALSE,,
,,,,,,,,,,,,FALSE,,FALSE,,
,,,,,,,,,,,,FALSE,,FALSE,,
,,,,,,,,,,,,FALSE,,FALSE,,
,,,,,,,,,,,,FALSE,,FALSE,,
,,,,,,,,,,,,FALSE,,FALSE,,
,,,,,,,,,,,,FALSE,,FALSE,,
,,,,,,,,,,,,FALSE,,FALSE,,
,,,,,,,,,,,,FALSE,,FALSE,,
,,,,,,,,,,,,FALSE,,FALSE,,
,,,,,,,,,,,,FALSE,,FALSE,,
,,,,,,,,,,,,FALSE,,FALSE,,
,,,,,,,,,,,,FALSE,,FALSE,,
,,,,,,,,,,,,FALSE,,FALSE,,
,,,,,,,,,,,,FALSE,,FALSE,,
,,,,,,,,,,,,FALSE,,FALSE,,
,,,,,,,,,,,,FALSE,,FALSE,,
,,,,,,,,,,,,FALSE,,FALSE,,
,,,,,,,,,,,,FALSE,,FALSE,,
,,,,,,,,,,,,FALSE,,FALSE,,
,,,,,,,,,,,,FALSE,,FALSE,,
,,,,,,,,,,,,FALSE,,FALSE,,
,,,,,,,,,,,,FALSE,,FALSE,,
,,,,,,,,,,,,FALSE,,FALSE,,
,,,,,,,,,,,,FALSE,,FALSE,,
,,,,,,,,,,,,FALSE,,FALSE,,
,,,,,,,,,,,,FALSE,,FALSE,,
,,,,,,,,,,,,FALSE,,FALSE,,
,,,,,,,,,,,,FALSE,,FALSE,,
,,,,,,,,,,,,FALSE,,FALSE,,
,,,,,,,,,,,,FALSE,,FALSE,,
,,,,,,,,,,,,FALSE,,FALSE,,
,,,,,,,,,,,,FALSE,,FALSE,,
,,,,,,,,,,,,FALSE,,FALSE,,
,,,,,,,,,,,,FALSE,,FALSE,,
,,,,,,,,,,,,FALSE,,FALSE,,
,,,,,,,,,,,,FALSE,,FALSE,,
,,,,,,,,,,,,FALSE,,FALSE,,
,,,,,,,,,,,,FALSE,,FALSE,,
,,,,,,,,,,,,FALSE,,FALSE,,
,,,,,,,,,,,,FALSE,,FALSE,,
,,,,,,,,,,,,FALSE,,FALSE,,
,,,,,,,,,,,,FALSE,,FALSE,,
,,,,,,,,,,,,FALSE,,FALSE,,
,,,,,,,,,,,,FALSE,,FALSE,,
,,,,,,,,,,,,FALSE,,FALSE,,
,,,,,,,,,,,,FALSE,,FALSE,,
,,,,,,,,,,,,FALSE,,FALSE,,
,,,,,,,,,,,,FALSE,,FALSE,,
,,,,,,,,,,,,FALSE,,FALSE,,
,,,,,,,,,,,,FALSE,,FALSE,,
,,,,,,,,,,,,FALSE,,FALSE,,
,,,,,,,,,,,,FALSE,,FALSE,,
,,,,,,,,,,,,FALSE,,FALSE,,
,,,,,,,,,,,,FALSE,,FALSE,,
,,,,,,,,,,,,FALSE,,FALSE,,
,,,,,,,,,,,,FALSE,,FALSE,,
,,,,,,,,,,,,FALSE,,FALSE,,
,,,,,,,,,,,,FALSE,,FALSE,,
,,,,,,,,,,,,FALSE,,FALSE,,
,,,,,,,,,,,,FALSE,,FALSE,,
,,,,,,,,,,,,FALSE,,FALSE,,
,,,,,,,,,,,,FALSE,,FALSE,,
,,,,,,,,,,,,FALSE,,FALSE,,
,,,,,,,,,,,,FALSE,,FALSE,,
,,,,,,,,,,,,FALSE,,FALSE,,
,,,,,,,,,,,,FALSE,,FALSE,,
,,,,,,,,,,,,FALSE,,FALSE,,
,,,,,,,,,,,,FALSE,,FALSE,,
,,,,,,,,,,,,FALSE,,FALSE,,
,,,,,,,,,,,,FALSE,,FALSE,,
,,,,,,,,,,,,FALSE,,FALSE,,
,,,,,,,,,,,,FALSE,,FALSE,,
,,,,,,,,,,,,FALSE,,FALSE,,
,,,,,,,,,,,,FALSE,,FALSE,,
,,,,,,,,,,,,FALSE,,FALSE,,
,,,,,,,,,,,,FALSE,,FALSE,,
,,,,,,,,,,,,FALSE,,FALSE,,
,,,,,,,,,,,,FALSE,,FALSE,,
,,,,,,,,,,,,FALSE,,FALSE,,
,,,,,,,,,,,,FALSE,,FALSE,,
,,,,,,,,,,,,FALSE,,FALSE,,
,,,,,,,,,,,,FALSE,,FALSE,,
,,,,,,,,,,,,FALSE,,FALSE,,
,,,,,,,,,,,,FALSE,,FALSE,,
,,,,,,,,,,,,FALSE,,FALSE,,
,,,,,,,,,,,,FALSE,,FALSE,,
,,,,,,,,,,,,FALSE,,FALSE,,
,,,,,,,,,,,,FALSE,,FALSE,,
,,,,,,,,,,,,FALSE,,FALSE,,
,,,,,,,,,,,,FALSE,,FALSE,,
,,,,,,,,,,,,FALSE,,FALSE,,
,,,,,,,,,,,,FALSE,,FALSE,,
,,,,,,,,,,,,FALSE,,FALSE,,
,,,,,,,,,,,,FALSE,,FALSE,,
,,,,,,,,,,,,FALSE,,FALSE,,
,,,,,,,,,,,,FALSE,,FALSE,,
,,,,,,,,,,,,FALSE,,FALSE,,
,,,,,,,,,,,,FALSE,,FALSE,,
,,,,,,,,,,,,FALSE,,FALSE,,
,,,,,,,,,,,,FALSE,,FALSE,,
,,,,,,,,,,,,FALSE,,FALSE,,
,,,,,,,,,,,,FALSE,,FALSE,,
,,,,,,,,,,,,FALSE,,FALSE,,
,,,,,,,,,,,,FALSE,,FALSE,,
,,,,,,,,,,,,FALSE,,FALSE,,
,,,,,,,,,,,,FALSE,,FALSE,,
,,,,,,,,,,,,FALSE,,FALSE,,
,,,,,,,,,,,,FALSE,,FALSE,,
,,,,,,,,,,,,FALSE,,FALSE,,
,,,,,,,,,,,,FALSE,,FALSE,,
,,,,,,,,,,,,FALSE,,FALSE,,
,,,,,,,,,,,,FALSE,,FALSE,,
,,,,,,,,,,,,FALSE,,FALSE,,
,,,,,,,,,,,,FALSE,,FALSE,,
,,,,,,,,,,,,FALSE,,FALSE,,
,,,,,,,,,,,,FALSE,,FALSE,,
,,,,,,,,,,,,FALSE,,FALSE,,
,,,,,,,,,,,,FALSE,,FALSE,,
,,,,,,,,,,,,FALSE,,FALSE,,
,,,,,,,,,,,,FALSE,,FALSE,,
,,,,,,,,,,,,FALSE,,FALSE,,
,,,,,,,,,,,,FALSE,,FALSE,,
,,,,,,,,,,,,FALSE,,FALSE,,
,,,,,,,,,,,,FALSE,,FALSE,,
,,,,,,,,,,,,FALSE,,FALSE,,
,,,,,,,,,,,,FALSE,,FALSE,,
,,,,,,,,,,,,FALSE,,FALSE,,
,,,,,,,,,,,,FALSE,,FALSE,,
,,,,,,,,,,,,FALSE,,FALSE,,
,,,,,,,,,,,,FALSE,,FALSE,,
,,,,,,,,,,,,FALSE,,FALSE,,
,,,,,,,,,,,,FALSE,,FALSE,,
,,,,,,,,,,,,FALSE,,FALSE,,
,,,,,,,,,,,,FALSE,,FALSE,,
,,,,,,,,,,,,FALSE,,FALSE,,
,,,,,,,,,,,,FALSE,,FALSE,,
,,,,,,,,,,,,FALSE,,FALSE,,
,,,,,,,,,,,,FALSE,,FALSE,,
,,,,,,,,,,,,FALSE,,FALSE,,
,,,,,,,,,,,,FALSE,,FALSE,,
,,,,,,,,,,,,FALSE,,FALSE,,
,,,,,,,,,,,,FALSE,,FALSE,,
,,,,,,,,,,,,FALSE,,FALSE,,
,,,,,,,,,,,,FALSE,,FALSE,,
,,,,,,,,,,,,FALSE,,FALSE,,
,,,,,,,,,,,,FALSE,,FALSE,,
,,,,,,,,,,,,FALSE,,FALSE,,
,,,,,,,,,,,,FALSE,,FALSE,,
,,,,,,,,,,,,FALSE,,FALSE,,
,,,,,,,,,,,,FALSE,,FALSE,,
,,,,,,,,,,,,FALSE,,FALSE,,
,,,,,,,,,,,,FALSE,,FALSE,,
,,,,,,,,,,,,FALSE,,FALSE,,
,,,,,,,,,,,,FALSE,,FALSE,,
,,,,,,,,,,,,FALSE,,FALSE,,
,,,,,,,,,,,,FALSE,,FALSE,,
,,,,,,,,,,,,FALSE,,FALSE,,
,,,,,,,,,,,,FALSE,,FALSE,,
,,,,,,,,,,,,FALSE,,FALSE,,
,,,,,,,,,,,,FALSE,,FALSE,,
,,,,,,,,,,,,FALSE,,FALSE,,
,,,,,,,,,,,,FALSE,,FALSE,,
,,,,,,,,,,,,FALSE,,FALSE,,
,,,,,,,,,,,,FALSE,,FALSE,,
,,,,,,,,,,,,FALSE,,FALSE,,
,,,,,,,,,,,,FALSE,,FALSE,,
,,,,,,,,,,,,FALSE,,FALSE,,
,,,,,,,,,,,,FALSE,,FALSE,,
,,,,,,,,,,,,FALSE,,FALSE,,
,,,,,,,,,,,,FALSE,,FALSE,,
,,,,,,,,,,,,FALSE,,FALSE,,
,,,,,,,,,,,,FALSE,,FALSE,,
,,,,,,,,,,,,FALSE,,FALSE,,
,,,,,,,,,,,,FALSE,,FALSE,,
,,,,,,,,,,,,FALSE,,FALSE,,
,,,,,,,,,,,,FALSE,,FALSE,,
,,,,,,,,,,,,FALSE,,FALSE,,
,,,,,,,,,,,,FALSE,,FALSE,,
,,,,,,,,,,,,FALSE,,FALSE,,
,,,,,,,,,,,,FALSE,,FALSE,,
,,,,,,,,,,,,FALSE,,FALSE,,
,,,,,,,,,,,,FALSE,,FALSE,,
,,,,,,,,,,,,FALSE,,FALSE,,
,,,,,,,,,,,,FALSE,,FALSE,,
,,,,,,,,,,,,FALSE,,FALSE,,
,,,,,,,,,,,,FALSE,,FALSE,,
,,,,,,,,,,,,FALSE,,FALSE,,
,,,,,,,,,,,,FALSE,,FALSE,,
,,,,,,,,,,,,FALSE,,FALSE,,
,,,,,,,,,,,,FALSE,,FALSE,,
,,,,,,,,,,,,FALSE,,FALSE,,
,,,,,,,,,,,,FALSE,,FALSE,,
,,,,,,,,,,,,FALSE,,FALSE,,
,,,,,,,,,,,,FALSE,,FALSE,,
,,,,,,,,,,,,FALSE,,FALSE,,
,,,,,,,,,,,,FALSE,,FALSE,,
,,,,,,,,,,,,FALSE,,FALSE,,
,,,,,,,,,,,,FALSE,,FALSE,,
,,,,,,,,,,,,FALSE,,FALSE,,
,,,,,,,,,,,,FALSE,,FALSE,,
,,,,,,,,,,,,FALSE,,FALSE,,
,,,,,,,,,,,,FALSE,,FALSE,,
,,,,,,,,,,,,FALSE,,FALSE,,
,,,,,,,,,,,,FALSE,,FALSE,,
,,,,,,,,,,,,FALSE,,FALSE,,
,,,,,,,,,,,,FALSE,,FALSE,,
,,,,,,,,,,,,FALSE,,FALSE,,
,,,,,,,,,,,,FALSE,,FALSE,,
,,,,,,,,,,,,FALSE,,FALSE,,
,,,,,,,,,,,,FALSE,,FALSE,,
,,,,,,,,,,,,FALSE,,FALSE,,
,,,,,,,,,,,,FALSE,,FALSE,,
,,,,,,,,,,,,FALSE,,FALSE,,
,,,,,,,,,,,,FALSE,,FALSE,,
,,,,,,,,,,,,FALSE,,FALSE,,
,,,,,,,,,,,,FALSE,,FALSE,,
,,,,,,,,,,,,FALSE,,FALSE,,
,,,,,,,,,,,,FALSE,,FALSE,,
,,,,,,,,,,,,FALSE,,FALSE,,
,,,,,,,,,,,,FALSE,,FALSE,,
,,,,,,,,,,,,FALSE,,FALSE,,
,,,,,,,,,,,,FALSE,,FALSE,,
,,,,,,,,,,,,FALSE,,FALSE,,
,,,,,,,,,,,,FALSE,,FALSE,,
,,,,,,,,,,,,FALSE,,FALSE,,
,,,,,,,,,,,,FALSE,,FALSE,,
,,,,,,,,,,,,FALSE,,FALSE,,
,,,,,,,,,,,,FALSE,,FALSE,,
,,,,,,,,,,,,FALSE,,FALSE,,
,,,,,,,,,,,,FALSE,,FALSE,,
,,,,,,,,,,,,FALSE,,FALSE,,
,,,,,,,,,,,,FALSE,,FALSE,,
,,,,,,,,,,,,FALSE,,FALSE,,
,,,,,,,,,,,,FALSE,,FALSE,,
,,,,,,,,,,,,FALSE,,FALSE,,
,,,,,,,,,,,,FALSE,,FALSE,,
,,,,,,,,,,,,FALSE,,FALSE,,
,,,,,,,,,,,,FALSE,,FALSE,,
,,,,,,,,,,,,FALSE,,FALSE,,
,,,,,,,,,,,,FALSE,,FALSE,,
,,,,,,,,,,,,FALSE,,FALSE,,
,,,,,,,,,,,,FALSE,,FALSE,,
,,,,,,,,,,,,FALSE,,FALSE,,
,,,,,,,,,,,,FALSE,,FALSE,,
,,,,,,,,,,,,FALSE,,FALSE,,
,,,,,,,,,,,,FALSE,,FALSE,,
,,,,,,,,,,,,FALSE,,FALSE,,
,,,,,,,,,,,,FALSE,,FALSE,,
,,,,,,,,,,,,FALSE,,FALSE,,
,,,,,,,,,,,,FALSE,,FALSE,,
,,,,,,,,,,,,FALSE,,FALSE,,
,,,,,,,,,,,,FALSE,,FALSE,,
,,,,,,,,,,,,FALSE,,FALSE,,
,,,,,,,,,,,,FALSE,,FALSE,,
,,,,,,,,,,,,FALSE,,FALSE,,
,,,,,,,,,,,,FALSE,,FALSE,,
,,,,,,,,,,,,FALSE,,FALSE,,
,,,,,,,,,,,,FALSE,,FALSE,,
,,,,,,,,,,,,FALSE,,FALSE,,
,,,,,,,,,,,,FALSE,,FALSE,,
,,,,,,,,,,,,FALSE,,FALSE,,
,,,,,,,,,,,,FALSE,,FALSE,,
,,,,,,,,,,,,FALSE,,FALSE,,
,,,,,,,,,,,,FALSE,,FALSE,,
,,,,,,,,,,,,FALSE,,FALSE,,
,,,,,,,,,,,,FALSE,,FALSE,,
,,,,,,,,,,,,FALSE,,FALSE,,
,,,,,,,,,,,,FALSE,,FALSE,,
,,,,,,,,,,,,FALSE,,FALSE,,
,,,,,,,,,,,,FALSE,,FALSE,,
,,,,,,,,,,,,FALSE,,FALSE,,
,,,,,,,,,,,,FALSE,,FALSE,,
,,,,,,,,,,,,FALSE,,FALSE,,
,,,,,,,,,,,,FALSE,,FALSE,,
,,,,,,,,,,,,FALSE,,FALSE,,
,,,,,,,,,,,,FALSE,,FALSE,,
,,,,,,,,,,,,FALSE,,FALSE,,
,,,,,,,,,,,,FALSE,,FALSE,,
,,,,,,,,,,,,FALSE,,FALSE,,
,,,,,,,,,,,,FALSE,,FALSE,,
,,,,,,,,,,,,FALSE,,FALSE,,
,,,,,,,,,,,,FALSE,,FALSE,,
,,,,,,,,,,,,FALSE,,FALSE,,
,,,,,,,,,,,,FALSE,,FALSE,,
,,,,,,,,,,,,FALSE,,FALSE,,
,,,,,,,,,,,,FALSE,,FALSE,,
,,,,,,,,,,,,FALSE,,FALSE,,
,,,,,,,,,,,,FALSE,,FALSE,,
,,,,,,,,,,,,FALSE,,FALSE,,
,,,,,,,,,,,,FALSE,,FALSE,,
,,,,,,,,,,,,FALSE,,FALSE,,
,,,,,,,,,,,,FALSE,,FALSE,,
,,,,,,,,,,,,FALSE,,FALSE,,
,,,,,,,,,,,,FALSE,,FALSE,,
,,,,,,,,,,,,FALSE,,FALSE,,
,,,,,,,,,,,,FALSE,,FALSE,,
,,,,,,,,,,,,FALSE,,FALSE,,
,,,,,,,,,,,,FALSE,,FALSE,,
,,,,,,,,,,,,FALSE,,FALSE,,
,,,,,,,,,,,,FALSE,,FALSE,,
,,,,,,,,,,,,FALSE,,FALSE,,
,,,,,,,,,,,,FALSE,,FALSE,,
,,,,,,,,,,,,FALSE,,FALSE,,
,,,,,,,,,,,,FALSE,,FALSE,,
,,,,,,,,,,,,FALSE,,FALSE,,
,,,,,,,,,,,,FALSE,,FALSE,,
,,,,,,,,,,,,FALSE,,FALSE,,
,,,,,,,,,,,,FALSE,,FALSE,,
,,,,,,,,,,,,FALSE,,FALSE,,
,,,,,,,,,,,,FALSE,,FALSE,,
,,,,,,,,,,,,FALSE,,FALSE,,
,,,,,,,,,,,,FALSE,,FALSE,,
,,,,,,,,,,,,FALSE,,FALSE,,
,,,,,,,,,,,,FALSE,,FALSE,,
,,,,,,,,,,,,FALSE,,FALSE,,
,,,,,,,,,,,,FALSE,,FALSE,,
,,,,,,,,,,,,FALSE,,FALSE,,
,,,,,,,,,,,,FALSE,,FALSE,,
,,,,,,,,,,,,FALSE,,FALSE,,
,,,,,,,,,,,,FALSE,,FALSE,,
,,,,,,,,,,,,FALSE,,FALSE,,
,,,,,,,,,,,,FALSE,,FALSE,,
,,,,,,,,,,,,FALSE,,FALSE,,
,,,,,,,,,,,,FALSE,,FALSE,,
,,,,,,,,,,,,FALSE,,FALSE,,
,,,,,,,,,,,,FALSE,,FALSE,,
,,,,,,,,,,,,FALSE,,FALSE,,
,,,,,,,,,,,,FALSE,,FALSE,,
,,,,,,,,,,,,FALSE,,FALSE,,
,,,,,,,,,,,,FALSE,,FALSE,,
,,,,,,,,,,,,FALSE,,FALSE,,
,,,,,,,,,,,,FALSE,,FALSE,,
,,,,,,,,,,,,FALSE,,FALSE,,
,,,,,,,,,,,,FALSE,,FALSE,,
,,,,,,,,,,,,FALSE,,FALSE,,
,,,,,,,,,,,,FALSE,,FALSE,,
,,,,,,,,,,,,FALSE,,FALSE,,
,,,,,,,,,,,,FALSE,,FALSE,,
,,,,,,,,,,,,FALSE,,FALSE,,
,,,,,,,,,,,,FALSE,,FALSE,,
,,,,,,,,,,,,FALSE,,FALSE,,
,,,,,,,,,,,,FALSE,,FALSE,,
,,,,,,,,,,,,FALSE,,FALSE,,
,,,,,,,,,,,,FALSE,,FALSE,,
,,,,,,,,,,,,FALSE,,FALSE,,
,,,,,,,,,,,,FALSE,,FALSE,,
,,,,,,,,,,,,FALSE,,FALSE,,
,,,,,,,,,,,,FALSE,,FALSE,,
,,,,,,,,,,,,FALSE,,FALSE,,
,,,,,,,,,,,,FALSE,,FALSE,,
,,,,,,,,,,,,FALSE,,FALSE,,
,,,,,,,,,,,,FALSE,,FALSE,,
,,,,,,,,,,,,FALSE,,FALSE,,
,,,,,,,,,,,,FALSE,,FALSE,,
,,,,,,,,,,,,FALSE,,FALSE,,
,,,,,,,,,,,,FALSE,,FALSE,,
,,,,,,,,,,,,FALSE,,FALSE,,
,,,,,,,,,,,,FALSE,,FALSE,,
,,,,,,,,,,,,FALSE,,FALSE,,
,,,,,,,,,,,,FALSE,,FALSE,,
,,,,,,,,,,,,FALSE,,FALSE,,
,,,,,,,,,,,,FALSE,,FALSE,,
,,,,,,,,,,,,FALSE,,FALSE,,
,,,,,,,,,,,,FALSE,,FALSE,,
,,,,,,,,,,,,FALSE,,FALSE,,
,,,,,,,,,,,,FALSE,,FALSE,,
,,,,,,,,,,,,FALSE,,FALSE,,
,,,,,,,,,,,,FALSE,,FALSE,,
,,,,,,,,,,,,FALSE,,FALSE,,
,,,,,,,,,,,,FALSE,,FALSE,,
,,,,,,,,,,,,FALSE,,FALSE,,
,,,,,,,,,,,,FALSE,,FALSE,,
,,,,,,,,,,,,FALSE,,FALSE,,
,,,,,,,,,,,,FALSE,,FALSE,,
,,,,,,,,,,,,FALSE,,FALSE,,
,,,,,,,,,,,,FALSE,,FALSE,,
,,,,,,,,,,,,FALSE,,FALSE,,
,,,,,,,,,,,,FALSE,,FALSE,,
,,,,,,,,,,,,FALSE,,FALSE,,
,,,,,,,,,,,,FALSE,,FALSE,,
,,,,,,,,,,,,FALSE,,FALSE,,
,,,,,,,,,,,,FALSE,,FALSE,,
,,,,,,,,,,,,FALSE,,FALSE,,
,,,,,,,,,,,,FALSE,,FALSE,,
,,,,,,,,,,,,FALSE,,FALSE,,
,,,,,,,,,,,,FALSE,,FALSE,,
,,,,,,,,,,,,FALSE,,FALSE,,
,,,,,,,,,,,,FALSE,,FALSE,,
,,,,,,,,,,,,FALSE,,FALSE,,
,,,,,,,,,,,,FALSE,,FALSE,,
,,,,,,,,,,,,FALSE,,FALSE,,
,,,,,,,,,,,,FALSE,,FALSE,,
,,,,,,,,,,,,FALSE,,FALSE,,
,,,,,,,,,,,,FALSE,,FALSE,,
,,,,,,,,,,,,FALSE,,FALSE,,
,,,,,,,,,,,,FALSE,,FALSE,,
,,,,,,,,,,,,FALSE,,FALSE,,
,,,,,,,,,,,,FALSE,,FALSE,,
,,,,,,,,,,,,FALSE,,FALSE,,
,,,,,,,,,,,,FALSE,,FALSE,,
,,,,,,,,,,,,FALSE,,FALSE,,
,,,,,,,,,,,,FALSE,,FALSE,,
,,,,,,,,,,,,FALSE,,FALSE,,
,,,,,,,,,,,,FALSE,,FALSE,,
,,,,,,,,,,,,FALSE,,FALSE,,
,,,,,,,,,,,,FALSE,,FALSE,,
,,,,,,,,,,,,FALSE,,FALSE,,
,,,,,,,,,,,,FALSE,,FALSE,,
,,,,,,,,,,,,FALSE,,FALSE,,
,,,,,,,,,,,,FALSE,,FALSE,,
,,,,,,,,,,,,FALSE,,FALSE,,
,,,,,,,,,,,,FALSE,,FALSE,,
,,,,,,,,,,,,FALSE,,FALSE,,
,,,,,,,,,,,,FALSE,,FALSE,,
,,,,,,,,,,,,FALSE,,FALSE,,
,,,,,,,,,,,,FALSE,,FALSE,,
,,,,,,,,,,,,FALSE,,FALSE,,
,,,,,,,,,,,,FALSE,,FALSE,,
,,,,,,,,,,,,FALSE,,FALSE,,
,,,,,,,,,,,,FALSE,,FALSE,,
,,,,,,,,,,,,FALSE,,FALSE,,
,,,,,,,,,,,,FALSE,,FALSE,,
,,,,,,,,,,,,FALSE,,FALSE,,
,,,,,,,,,,,,FALSE,,FALSE,,
,,,,,,,,,,,,FALSE,,FALSE,,
,,,,,,,,,,,,FALSE,,FALSE,,
,,,,,,,,,,,,FALSE,,FALSE,,
,,,,,,,,,,,,FALSE,,FALSE,,
,,,,,,,,,,,,FALSE,,FALSE,,
,,,,,,,,,,,,FALSE,,FALSE,,
,,,,,,,,,,,,FALSE,,FALSE,,
,,,,,,,,,,,,FALSE,,FALSE,,
,,,,,,,,,,,,FALSE,,FALSE,,
,,,,,,,,,,,,FALSE,,FALSE,,
,,,,,,,,,,,,FALSE,,FALSE,,
,,,,,,,,,,,,FALSE,,FALSE,,
,,,,,,,,,,,,FALSE,,FALSE,,
,,,,,,,,,,,,FALSE,,FALSE,,
,,,,,,,,,,,,FALSE,,FALSE,,
,,,,,,,,,,,,FALSE,,FALSE,,
,,,,,,,,,,,,FALSE,,FALSE,,
,,,,,,,,,,,,FALSE,,FALSE,,
,,,,,,,,,,,,FALSE,,FALSE,,
,,,,,,,,,,,,FALSE,,FALSE,,
,,,,,,,,,,,,FALSE,,FALSE,,
,,,,,,,,,,,,FALSE,,FALSE,,
,,,,,,,,,,,,FALSE,,FALSE,,
,,,,,,,,,,,,FALSE,,FALSE,,
,,,,,,,,,,,,FALSE,,FALSE,,
,,,,,,,,,,,,FALSE,,FALSE,,
,,,,,,,,,,,,FALSE,,FALSE,,
,,,,,,,,,,,,FALSE,,FALSE,,
,,,,,,,,,,,,FALSE,,FALSE,,
,,,,,,,,,,,,FALSE,,FALSE,,
,,,,,,,,,,,,FALSE,,FALSE,,
,,,,,,,,,,,,FALSE,,FALSE,,
,,,,,,,,,,,,FALSE,,FALSE,,
,,,,,,,,,,,,FALSE,,FALSE,,
,,,,,,,,,,,,FALSE,,FALSE,,
,,,,,,,,,,,,FALSE,,FALSE,,
,,,,,,,,,,,,FALSE,,FALSE,,
,,,,,,,,,,,,FALSE,,FALSE,,
,,,,,,,,,,,,FALSE,,FALSE,,
,,,,,,,,,,,,FALSE,,FALSE,,
,,,,,,,,,,,,FALSE,,FALSE,,
,,,,,,,,,,,,FALSE,,FALSE,,
,,,,,,,,,,,,FALSE,,FALSE,,
,,,,,,,,,,,,FALSE,,FALSE,,
,,,,,,,,,,,,FALSE,,FALSE,,
,,,,,,,,,,,,FALSE,,FALSE,,
,,,,,,,,,,,,FALSE,,FALSE,,
,,,,,,,,,,,,FALSE,,FALSE,,
,,,,,,,,,,,,FALSE,,FALSE,,
,,,,,,,,,,,,FALSE,,FALSE,,
,,,,,,,,,,,,FALSE,,FALSE,,
,,,,,,,,,,,,FALSE,,FALSE,,