ID,Rut,Razón Social,Corto,Casa Matriz,Sucursal Asignada,Fono Matriz,Fono Sucursal,Página Web,Portal,Servicio
Prv0001,0-0,Servicio Impuestos Internos,SII,,,,,,,
Prv0002,77617950-7,Creattiva,Creattiva,,,,,,,
Prv0003,76277371-6,Virtual Pyme,V Pyme,,,,,,,
Prv0004,76124890-1,Movistar,Movistar,,,,,,,
Prv0005,12086464-5,,,,,,,,,Contador
Prv0006,60805000-0,Tesorería Gral,Tesoreria,,,,,,,
4a0b6b5c,,ANS,ANS,,,,,,https://www.ant.cl/portal/account/login,Asociación Corredores
17439460,99231000-6,Comisión Mercado Financiero,CMF,,,,,,,
835a22d1,69070300-9,Municipalidad Providencia,Provi,,,,,,,
e3fc465b,77221675-0,Divir SpA,Divir,,,,,,,
f9868661,76249381-0,Oneduc SpA,Oneduc,,,,,,,
f86c0819,-,Inspecciones LET,LET,,,,,,,