ID,Comuna,Ciudad,Región,Código Comuna 2010,Código Provincia,Código Región
Comu00001,Aisén,Aisén,Aysén del General Carlos Ibáñez del Campo,11201,112,11
Comu00002,Algarrobo,San Antonio,Valparaíso,5602,56,5
Comu00003,Alhué,Melipilla,Metropolitana de Santiago,13502,135,13
Comu00004,Alto Biobío,Bío-Bío,Biobío,8314,83,8
Comu00005,Alto Del Carmen,Huasco,Atacama,3302,33,3
Comu00006,Alto Hospicio,Iquique,Tarapacá,1107,11,1
Comu00007,Ancud,Chiloé,Los Lagos,10202,102,10
Comu00008,Andacollo,Elqui,Coquimbo,4103,41,4
Comu00009,Angol,Malleco,La Araucanía,9201,92,9
Comu00010,Antártica,Antártica Chilena,Magallanes y de la Antártica Chilena,12202,122,12
Comu00011,Antofagasta,Antofagasta,Antofagasta,2101,21,2
Comu00012,Antuco,Bío-Bío,Biobío,8302,83,8
Comu00013,Arauco,Arauco,Biobío,8202,82,8
Comu00014,Arica,Arica,Arica y Parinacota,15101,151,15
Comu00015,Buin,Maipo,Metropolitana de Santiago,13402,134,13
Comu00016,Bulnes,Ñuble,Biobío,8402,84,8
Comu00017,Cabildo,Petorca,Valparaíso,5402,54,5
Comu00018,Cabo de Hornos,Antártica Chilena,Magallanes y de la Antártica Chilena,12201,122,12
Comu00019,Cabrero,Bío-Bío,Biobío,8303,83,8
Comu00020,Calama,El Loa,Antofagasta,2201,22,2
Comu00021,Calbuco,Llanquihue,Los Lagos,10102,101,10
Comu00022,Caldera,Copiapó,Atacama,3102,31,3
Comu00023,Calera,Quillota,Valparaíso,5502,55,5
Comu00024,Calera De Tango,Maipo,Metropolitana de Santiago,13403,134,13
Comu00025,Calle Larga,Los Andes,Valparaíso,5302,53,5
Comu00026,Camarones,Arica,Arica y Parinacota,15102,151,15
Comu00027,Camiña,Tamarugal,Tarapacá,1402,14,1
Comu00028,Canela,Choapa,Coquimbo,4202,42,4
Comu00029,Cañete,Arauco,Biobío,8203,82,8
Comu00030,Carahue,Cautín,La Araucanía,9102,91,9
Comu00031,Cartagena,San Antonio,Valparaíso,5603,56,5
Comu00032,Casablanca,Valparaíso,Valparaíso,5102,51,5
Comu00033,Castro,Chiloé,Los Lagos,10201,102,10
Comu00034,Catemu,San Felipe,Valparaíso,5702,57,5
Comu00035,Cauquenes,Cauquenes,Maule,7201,72,7
Comu00036,Cerrillos,Santiago,Metropolitana de Santiago,13102,131,13
Comu00037,Cerro Navia,Santiago,Metropolitana de Santiago,13103,131,13
Comu00038,Chaitén,Palena,Los Lagos,10401,104,10
Comu00039,Chanco,Cauquenes,Maule,7202,72,7
Comu00040,Chañaral,Chañaral,Atacama,3201,32,3
Comu00041,Chépica,Colchagua,Libertador General Bernardo O'Higgins,6302,63,6
Comu00042,Chiguayante,Concepción,Biobío,8103,81,8
Comu00043,Chile Chico,General Carrera,Aysén del General Carlos Ibáñez del Campo,11401,114,11
Comu00044,Chillán,Chillan,Ñuble,8401,84,8
Comu00045,Chillán Viejo,Chillan,Ñuble,8406,84,8
Comu00046,Chimbarongo,Colchagua,Libertador General Bernardo O'Higgins,6303,63,6
Comu00047,Cholchol,Cautín,La Araucanía,9121,91,9
Comu00048,Chonchi,Chiloé,Los Lagos,10203,102,10
Comu00049,Cisnes,Aisén,Aysén del General Carlos Ibáñez del Campo,11202,112,11
Comu00050,Cobquecura,Ñuble,Biobío,8403,84,8
Comu00051,Cochamó,Llanquihue,Los Lagos,10103,101,10
Comu00052,Cochrane,Capitán Prat,Aysén del General Carlos Ibáñez del Campo,11301,113,11
Comu00053,Codegua,Cachapoal,Libertador General Bernardo O'Higgins,6102,61,6
Comu00054,Coelemu,Ñuble,Biobío,8404,84,8
Comu00055,Coihayque,Coihayque,Aysén del General Carlos Ibáñez del Campo,11101,111,11
Comu00056,Coihueco,Ñuble,Biobío,8405,84,8
Comu00057,Coinco,Cachapoal,Libertador General Bernardo O'Higgins,6103,61,6
Comu00058,Colbún,Linares,Maule,7402,74,7
Comu00059,Colchane,Tamarugal,Tarapacá,1403,14,1
Comu00060,Colina,Chacabuco,Metropolitana de Santiago,13301,133,13
Comu00061,Collipulli,Malleco,La Araucanía,9202,92,9
Comu00062,Coltauco,Cachapoal,Libertador General Bernardo O'Higgins,6104,61,6
Comu00063,Combarbalá,Limarí,Coquimbo,4302,43,4
Comu00064,Concepción,Concepción,Biobío,8101,81,8
Comu00065,Conchalí,Santiago,Metropolitana de Santiago,13104,131,13
Comu00066,Concón,Valparaíso,Valparaíso,5103,51,5
Comu00067,Constitución,Talca,Maule,7102,71,7
Comu00068,Contulmo,Arauco,Biobío,8204,82,8
Comu00069,Copiapó,Copiapó,Atacama,3101,31,3
Comu00070,Coquimbo,Elqui,Coquimbo,4102,41,4
Comu00071,Coronel,Concepción,Biobío,8102,81,8
Comu00072,Corral,Valdivia,Los Ríos,14102,141,14
Comu00073,Cunco,Cautín,La Araucanía,9103,91,9
Comu00074,Curacautín,Malleco,La Araucanía,9203,92,9
Comu00075,Curacaví,Melipilla,Metropolitana de Santiago,13503,135,13
Comu00076,Curaco de Velez,Chiloé,Los Lagos,10204,102,10
Comu00077,Curanilahue,Arauco,Biobío,8205,82,8
Comu00078,Curarrehue,Cautín,La Araucanía,9104,91,9
Comu00079,Curepto,Talca,Maule,7103,71,7
Comu00080,Curicó,Curicó,Maule,7301,73,7
Comu00081,Dalcahue,Chiloé,Los Lagos,10205,102,10
Comu00082,Diego De Almagro,Chañaral,Atacama,3202,32,3
Comu00083,Doñihue,Cachapoal,Libertador General Bernardo O'Higgins,6105,61,6
Comu00084,El Bosque,Santiago,Metropolitana de Santiago,13105,131,13
Comu00085,El Carmen,Ñuble,Biobío,8407,84,8
Comu00086,El Monte,Talagante,Metropolitana de Santiago,13602,136,13
Comu00087,El Olivar,Cachapoal,Libertador General Bernardo O'Higgins,6111,61,6
Comu00088,El Quisco,San Antonio,Valparaíso,5604,56,5
Comu00089,El Tabo,San Antonio,Valparaíso,5605,56,5
Comu00090,Empedrado,Talca,Maule,7104,71,7
Comu00091,Ercilla,Malleco,La Araucanía,9204,92,9
Comu00092,Estación Central,Santiago,Metropolitana de Santiago,13106,131,13
Comu00093,Florida,Concepción,Biobío,8104,81,8
Comu00094,Freire,Cautín,La Araucanía,9105,91,9
Comu00095,Freirina,Huasco,Atacama,3303,33,3
Comu00096,Fresia,Llanquihue,Los Lagos,10104,101,10
Comu00097,Frutillar,Llanquihue,Los Lagos,10105,101,10
Comu00098,Futaleufú,Palena,Los Lagos,10402,104,10
Comu00099,Futrono,Ranco,Los Ríos,14202,142,14
Comu00100,Galvarino,Cautín,La Araucanía,9106,91,9
Comu00101,General Lagos,Parinacota,Arica y Parinacota,15202,152,15
Comu00102,Gorbea,Cautín,La Araucanía,9107,91,9
Comu00103,Graneros,Cachapoal,Libertador General Bernardo O'Higgins,6106,61,6
Comu00104,Guaitecas,Aisén,Aysén del General Carlos Ibáñez del Campo,11203,112,11
Comu00105,Hijuelas,Quillota,Valparaíso,5503,55,5
Comu00106,Hualaihue,Palena,Los Lagos,10403,104,10
Comu00107,Hualañe,Curicó,Maule,7302,73,7
Comu00108,Hualpén,Concepción,Biobío,8112,81,8
Comu00109,Hualqui,Concepción,Biobío,8105,81,8
Comu00110,Huara,Tamarugal,Tarapacá,1404,14,1
Comu00111,Huasco,Huasco,Atacama,3304,33,3
Comu00112,Huechuraba,Santiago,Metropolitana de Santiago,13107,131,13
Comu00113,Illapel,Choapa,Coquimbo,4201,42,4
Comu00114,Independencia,Santiago,Metropolitana de Santiago,13108,131,13
Comu00115,Iquique,Iquique,Tarapacá,1101,11,1
Comu00116,Isla De Maipo,Talagante,Metropolitana de Santiago,13603,136,13
Comu00117,Isla De Pascua,Isla De Pascua,Valparaíso,5201,52,5
Comu00118,Juan Fernández,Valparaíso,Valparaíso,5104,51,5
Comu00119,La Cisterna,Santiago,Metropolitana de Santiago,13109,131,13
Comu00120,La Cruz,Quillota,Valparaíso,5504,55,5
Comu00121,La Estrella,Cardenal Caro,Libertador General Bernardo O'Higgins,6202,62,6
Comu00122,La Florida,Santiago,Metropolitana de Santiago,13110,131,13
Comu00123,La Granja,Santiago,Metropolitana de Santiago,13111,131,13
Comu00124,La Higuera,Elqui,Coquimbo,4104,41,4
Comu00125,La Ligua,Petorca,Valparaíso,5401,54,5
Comu00126,La Pintana,Santiago,Metropolitana de Santiago,13112,131,13
Comu00127,La Reina,Santiago,Metropolitana de Santiago,13113,131,13
Comu00128,La Serena,Elqui,Coquimbo,4101,41,4
Comu00129,La Unión,Ranco,Los Ríos,14201,142,14
Comu00130,Lago Ranco,Ranco,Los Ríos,14203,142,14
Comu00131,Lago Verde,Coihayque,Aysén del General Carlos Ibáñez del Campo,11102,111,11
Comu00132,Laguna Blanca,Magallanes,Magallanes y de la Antártica Chilena,12102,121,12
Comu00133,Laja,Bío-Bío,Biobío,8304,83,8
Comu00134,Lampa,Chacabuco,Metropolitana de Santiago,13302,133,13
Comu00135,Lanco,Valdivia,Los Ríos,14103,141,14
Comu00136,Las Cabras,Cachapoal,Libertador General Bernardo O'Higgins,6107,61,6
Comu00137,Las Condes,Santiago,Metropolitana de Santiago,13114,131,13
Comu00138,Lautaro,Cautín,La Araucanía,9108,91,9
Comu00139,Lebu,Arauco,Biobío,8201,82,8
Comu00140,Licantén,Curicó,Maule,7303,73,7
Comu00141,Limache,Marga Marga,Valparaíso,5802,58,5
Comu00142,Linares,Linares,Maule,7401,74,7
Comu00143,Litueche,Cardenal Caro,Libertador General Bernardo O'Higgins,6203,62,6
Comu00144,Llaillay,San Felipe,Valparaíso,5703,57,5
Comu00145,Llanquihue,Llanquihue,Los Lagos,10107,101,10
Comu00146,Lo Barnechea,Santiago,Metropolitana de Santiago,13115,131,13
Comu00147,Lo Espejo,Santiago,Metropolitana de Santiago,13116,131,13
Comu00148,Lo Prado,Santiago,Metropolitana de Santiago,13117,131,13
Comu00149,Lolol,Colchagua,Libertador General Bernardo O'Higgins,6304,63,6
Comu00150,Loncoche,Cautín,La Araucanía,9109,91,9
Comu00151,Longaví,Linares,Maule,7403,74,7
Comu00152,Lonquimay,Malleco,La Araucanía,9205,92,9
Comu00153,Los Alamos,Arauco,Biobío,8206,82,8
Comu00154,Los Andes,Los Andes,Valparaíso,5301,53,5
Comu00155,Los Angeles,Bío-Bío,Biobío,8301,83,8
Comu00156,Los Lagos,Valdivia,Los Ríos,14104,141,14
Comu00157,Los Muermos,Llanquihue,Los Lagos,10106,101,10
Comu00158,Los Sauces,Malleco,La Araucanía,9206,92,9
Comu00159,Los Vilos,Choapa,Coquimbo,4203,42,4
Comu00160,Lota,Concepción,Biobío,8106,81,8
Comu00161,Lumaco,Malleco,La Araucanía,9207,92,9
Comu00162,Machali,Rancagua,Libertador General Bernardo O'Higgins,6108,61,6
Comu00163,Macul,Santiago,Metropolitana de Santiago,13118,131,13
Comu00164,Máfil,Valdivia,Los Ríos,14105,141,14
Comu00165,Maipú,Santiago,Metropolitana de Santiago,13119,131,13
Comu00166,Malloa,Cachapoal,Libertador General Bernardo O'Higgins,6109,61,6
Comu00167,Marchihue,Cardenal Caro,Libertador General Bernardo O'Higgins,6204,62,6
Comu00168,María Elena,Tocopilla,Antofagasta,2302,23,2
Comu00169,María Pinto,Melipilla,Metropolitana de Santiago,13504,135,13
Comu00170,Mariquina,Valdivia,Los Ríos,14106,141,14
Comu00171,Maule,Talca,Maule,7105,71,7
Comu00172,Maullín,Llanquihue,Los Lagos,10108,101,10
Comu00173,Mejillones,Antofagasta,Antofagasta,2102,21,2
Comu00174,Melipeuco,Cautín,La Araucanía,9110,91,9
Comu00175,Melipilla,Melipilla,Metropolitana de Santiago,13501,135,13
Comu00176,Molina,Curicó,Maule,7304,73,7
Comu00177,Monte Patria,Limarí,Coquimbo,4303,43,4
Comu00178,Mostazal,Cachapoal,Libertador General Bernardo O'Higgins,6110,61,6
Comu00179,Mulchén,Bío-Bío,Biobío,8305,83,8
Comu00180,Nacimiento,Bío-Bío,Biobío,8306,83,8
Comu00181,Nancagua,Colchagua,Libertador General Bernardo O'Higgins,6305,63,6
Comu00182,Natales,Última Esperanza,Magallanes y de la Antártica Chilena,12401,124,12
Comu00183,Navidad,Cardenal Caro,Libertador General Bernardo O'Higgins,6205,62,6
Comu00184,Negrete,Bío-Bío,Biobío,8307,83,8
Comu00185,Ninhue,Ñuble,Biobío,8408,84,8
Comu00186,Nogales,Quillota,Valparaíso,5506,55,5
Comu00187,Nueva Imperial,Cautín,La Araucanía,9111,91,9
Comu00188,Ñiquén,Ñuble,Biobío,8409,84,8
Comu00189,Ñuñoa,Santiago,Metropolitana de Santiago,13120,131,13
Comu00190,O'Higgins,Capitán Prat,Aysén del General Carlos Ibáñez del Campo,11302,113,11
Comu00191,Ollague,El Loa,Antofagasta,2202,22,2
Comu00192,Olmué,Marga Marga,Valparaíso,5803,58,5
Comu00193,Osorno,Osorno,Los Lagos,10301,103,10
Comu00194,Ovalle,Limarí,Coquimbo,4301,43,4
Comu00195,Padre Hurtado,Talagante,Metropolitana de Santiago,13604,136,13
Comu00196,Padre Las Casas,Cautín,La Araucanía,9112,91,9
Comu00197,Paiguano,Elqui,Coquimbo,4105,41,4
Comu00198,Paillaco,Valdivia,Los Ríos,14107,141,14
Comu00199,Paine,Maipo,Metropolitana de Santiago,13404,134,13
Comu00200,Palena,Palena,Los Lagos,10404,104,10
Comu00201,Palmilla,Colchagua,Libertador General Bernardo O'Higgins,6306,63,6
Comu00202,Panguipulli,Valdivia,Los Ríos,14108,141,14
Comu00203,Panquehue,San Felipe,Valparaíso,5704,57,5
Comu00204,Papudo,Petorca,Valparaíso,5403,54,5
Comu00205,Paredones,Cardenal Caro,Libertador General Bernardo O'Higgins,6206,62,6
Comu00206,Parral,Linares,Maule,7404,74,7
Comu00207,Pedro Aguirre Cerda,Santiago,Metropolitana de Santiago,13121,131,13
Comu00208,Pelarco,Talca,Maule,7106,71,7
Comu00209,Pelluhue,Cauquenes,Maule,7203,72,7
Comu00210,Pemuco,Ñuble,Biobío,8410,84,8
Comu00211,Pencahue,Talca,Maule,7107,71,7
Comu00212,Penco,Concepción,Biobío,8107,81,8
Comu00213,Peñaflor,Talagante,Metropolitana de Santiago,13605,136,13
Comu00214,Peñalolén,Santiago,Metropolitana de Santiago,13122,131,13
Comu00215,Peralillo,Colchagua,Libertador General Bernardo O'Higgins,6307,63,6
Comu00216,Perquenco,Cautín,La Araucanía,9113,91,9
Comu00217,Petorca,Petorca,Valparaíso,5404,54,5
Comu00218,Peumo,Cachapoal,Libertador General Bernardo O'Higgins,6112,61,6
Comu00219,Pica,Tamarugal,Tarapacá,1405,14,1
Comu00220,Pichidegua,Cachapoal,Libertador General Bernardo O'Higgins,6113,61,6
Comu00221,Pichilemu,Cardenal Caro,Libertador General Bernardo O'Higgins,6201,62,6
Comu00222,Pinto,Ñuble,Biobío,8411,84,8
Comu00223,Pirque,Cordillera,Metropolitana de Santiago,13202,132,13
Comu00224,Pitrufquén,Cautín,La Araucanía,9114,91,9
Comu00225,Placilla,Colchagua,Libertador General Bernardo O'Higgins,6308,63,6
Comu00226,Portezuelo,Ñuble,Biobío,8412,84,8
Comu00227,Porvenir,Tierra del Fuego,Magallanes y de la Antártica Chilena,12301,123,12
Comu00228,Pozo Almonte,Tamarugal,Tarapacá,1401,14,1
Comu00229,Primavera,Tierra del Fuego,Magallanes y de la Antártica Chilena,12302,123,12
Comu00230,Providencia,Santiago,Metropolitana de Santiago,13123,131,13
Comu00231,Puchuncaví,Valparaíso,Valparaíso,5105,51,5
Comu00232,Pucón,Cautín,La Araucanía,9115,91,9
Comu00233,Pudahuel,Santiago,Metropolitana de Santiago,13124,131,13
Comu00234,Puente Alto,Santiago,Metropolitana de Santiago,13201,132,13
Comu00235,Puerto Montt,Llanquihue,Los Lagos,10101,101,10
Comu00236,Puerto Octay,Osorno,Los Lagos,10302,103,10
Comu00237,Puerto Varas,Llanquihue,Los Lagos,10109,101,10
Comu00238,Pumanque,Navidad,Libertador General Bernardo O'Higgins,6309,63,6
Comu00239,Punitaqui,Limarí,Coquimbo,4304,43,4
Comu00240,Punta Arenas,Magallanes,Magallanes y de la Antártica Chilena,12101,121,12
Comu00241,Puqueldón,Chiloé,Los Lagos,10206,102,10
Comu00242,Puren,Malleco,La Araucanía,9208,92,9
Comu00243,Purranque,Osorno,Los Lagos,10303,103,10
Comu00244,Putaendo,San Felipe,Valparaíso,5705,57,5
Comu00245,Putre,Parinacota,Arica y Parinacota,15201,152,15
Comu00246,Puyehue,Osorno,Los Lagos,10304,103,10
Comu00247,Queilén,Chiloé,Los Lagos,10207,102,10
Comu00248,Quellón,Chiloé,Los Lagos,10208,102,10
Comu00249,Quemchi,Chiloé,Los Lagos,10209,102,10
Comu00250,Quilaco,Bío-Bío,Biobío,8308,83,8
Comu00251,Quilicura,Santiago,Metropolitana de Santiago,13125,131,13
Comu00252,Quilleco,Bío-Bío,Biobío,8309,83,8
Comu00253,Quillón,Ñuble,Biobío,8413,84,8
Comu00254,Quillota,Quillota,Valparaíso,5501,55,5
Comu00255,Quilpué,Marga Marga,Valparaíso,5801,58,5
Comu00256,Quinchao,Chiloé,Los Lagos,10210,102,10
Comu00257,Quinta De Tilcoco,Cachapoal,Libertador General Bernardo O'Higgins,6114,61,6
Comu00258,Quinta Normal,Santiago,Metropolitana de Santiago,13126,131,13
Comu00259,Quintero,Valparaíso,Valparaíso,5107,51,5
Comu00260,Quirihue,Ñuble,Biobío,8414,84,8
Comu00261,Rancagua,Cachapoal,Libertador General Bernardo O'Higgins,6101,61,6
Comu00262,Ranquil,Ñuble,Biobío,8415,84,8
Comu00263,Rauco,Curicó,Maule,7305,73,7
Comu00264,Recoleta,Santiago,Metropolitana de Santiago,13127,131,13
Comu00265,Renaico,Malleco,La Araucanía,9209,92,9
Comu00266,Renca,Santiago,Metropolitana de Santiago,13128,131,13
Comu00267,Rengo,Cachapoal,Libertador General Bernardo O'Higgins,6115,61,6
Comu00268,Requinoa,Cachapoal,Libertador General Bernardo O'Higgins,6116,61,6
Comu00269,Retiro,Linares,Maule,7405,74,7
Comu00270,Rinconada,Los Andes,Valparaíso,5303,53,5
Comu00271,Río Bueno,Ranco,Los Ríos,14204,142,14
Comu00272,Río Claro,Talca,Maule,7108,71,7
Comu00273,Río Hurtado,Limarí,Coquimbo,4305,43,4
Comu00274,Río Ibáñez,General Carrera,Aysén del General Carlos Ibáñez del Campo,11402,114,11
Comu00275,Río Negro,Osorno,Los Lagos,10305,103,10
Comu00276,Río Verde,Magallanes,Magallanes y de la Antártica Chilena,12103,121,12
Comu00277,Romeral,Curicó,Maule,7306,73,7
Comu00278,Saavedra,Cautín,La Araucanía,9116,91,9
Comu00279,Sagrada Familia,Curicó,Maule,7307,73,7
Comu00280,Salamanca,Choapa,Coquimbo,4204,42,4
Comu00281,San Antonio,San Antonio,Valparaíso,5601,56,5
Comu00282,San Bernardo,Santiago,Metropolitana de Santiago,13401,134,13
Comu00283,San Carlos,Ñuble,Biobío,8416,84,8
Comu00284,San Clemente,Talca,Maule,7109,71,7
Comu00285,San Esteban,Los Andes,Valparaíso,5304,53,5
Comu00286,San Fabián,Ñuble,Biobío,8417,84,8
Comu00287,San Felipe,San Felipe,Valparaíso,5701,57,5
Comu00288,San Fernando,Colchagua,Libertador General Bernardo O'Higgins,6301,63,6
Comu00289,San Gregorio,Magallanes,Magallanes y de la Antártica Chilena,12104,121,12
Comu00290,San Ignacio,Ñuble,Biobío,8418,84,8
Comu00291,San Javier,Linares,Maule,7406,74,7
Comu00292,San Joaquín,Santiago,Metropolitana de Santiago,13129,131,13
Comu00293,San José De Maipo,Cordillera,Metropolitana de Santiago,13203,132,13
Comu00294,San Juan de la Costa,Osorno,Los Lagos,10306,103,10
Comu00295,San Miguel,Santiago,Metropolitana de Santiago,13130,131,13
Comu00296,San Nicolás,Ñuble,Biobío,8419,84,8
Comu00297,San Pablo,Osorno,Los Lagos,10307,103,10
Comu00298,San Pedro,Melipilla,Metropolitana de Santiago,13505,135,13
Comu00299,San Pedro De Atacama,El Loa,Antofagasta,2203,22,2
Comu00300,San Pedro de la Paz,Concepción,Biobío,8108,81,8
Comu00301,San Rafael,Talca,Maule,7110,71,7
Comu00302,San Ramón,Santiago,Metropolitana de Santiago,13131,131,13
Comu00303,San Rosendo,Bío-Bío,Biobío,8310,83,8
Comu00304,San Vicente,Cachapoal,Libertador General Bernardo O'Higgins,6117,61,6
Comu00305,Santa Bárbara,Bío-Bío,Biobío,8311,83,8
Comu00306,Santa Cruz,Colchagua,Libertador General Bernardo O'Higgins,6310,63,6
Comu00307,Santa Juana,Concepción,Biobío,8109,81,8
Comu00308,Santa María,San Felipe,Valparaíso,5706,57,5
Comu00309,Santiago,Santiago,Metropolitana de Santiago,13101,131,13
Comu00310,Santo Domingo,San Antonio,Valparaíso,5606,56,5
Comu00311,Sierra Gorda,Antofagasta,Antofagasta,2103,21,2
Comu00312,Talagante,Talagante,Metropolitana de Santiago,13601,136,13
Comu00313,Talca,Talca,Maule,7101,71,7
Comu00314,Talcahuano,Concepción,Biobío,8110,81,8
Comu00315,Taltal,Antofagasta,Antofagasta,2104,21,2
Comu00316,Temuco,Cautín,La Araucanía,9101,91,9
Comu00317,Teno,Curicó,Maule,7308,73,7
Comu00318,Teodoro Schmidt,Cautín,La Araucanía,9117,91,9
Comu00319,Tierra Amarilla,Copiapó,Atacama,3103,31,3
Comu00320,Tiltil,Chacabuco,Metropolitana de Santiago,13303,133,13
Comu00321,Timaukel,Tierra del Fuego,Magallanes y de la Antártica Chilena,12303,123,12
Comu00322,Tirua,Arauco,Biobío,8207,82,8
Comu00323,Tocopilla,Tocopilla,Antofagasta,2301,23,2
Comu00324,Toltén,Cautín,La Araucanía,9118,91,9
Comu00325,Tomé,Concepción,Biobío,8111,81,8
Comu00326,Torres del Paine,Última Esperanza,Magallanes y de la Antártica Chilena,12402,124,12
Comu00327,Tortel,Capitán Prat,Aysén del General Carlos Ibáñez del Campo,11303,113,11
Comu00328,Traiguén,Malleco,La Araucanía,9210,92,9
Comu00329,Treguaco,Ñuble,Biobío,8420,84,8
Comu00330,Tucapel,Bío-Bío,Biobío,8312,83,8
Comu00331,Valdivia,Valdivia,Los Ríos,14101,141,14
Comu00332,Vallenar,Huasco,Atacama,3301,33,3
Comu00333,Valparaíso,Valparaíso,Valparaíso,5101,51,5
Comu00334,Vichuquén,Curicó,Maule,7309,73,7
Comu00335,Victoria,Malleco,La Araucanía,9211,92,9
Comu00336,Vicuña,Elqui,Coquimbo,4106,41,4
Comu00337,Vilcún,Cautín,La Araucanía,9119,91,9
Comu00338,Villa Alegre,Linares,Maule,7407,74,7
Comu00339,Villa Alemana,Marga Marga,Valparaíso,5804,58,5
Comu00340,Villarrica,Cautín,La Araucanía,9120,91,9
Comu00341,Viña Del Mar,Valparaíso,Valparaíso,5109,51,5
Comu00342,Vitacura,Santiago,Metropolitana de Santiago,13132,131,13
Comu00343,Yerbas Buenas,Linares,Maule,7408,74,7
Comu00344,Yumbel,Bío-Bío,Biobío,8313,83,8
Comu00345,Yungay,Ñuble,Biobío,8421,84,8
Comu00346,Zapallar,Petorca,Valparaíso,5405,54,5