Tablero,Vista,Campos,Detalles
Registros,Tabla Filtrada,Fecha Registro,
Registros,Tabla Filtrada,Cliente,Formato código: D Brzovic
Registros,Tabla Filtrada,Seguro,
Registros,Tabla Filtrada,Contratante,Formato Nombre completo rut
Registros,Tabla Filtrada,Materia,Resumen breve
Registros,Tabla Filtrada,Días en gestión,
Registros,Detalles Registro,Tipo Registro,
Registros,Detalles Registro,Estado Gestión,
Registros,Detalles Registro,Estado Registro,
Registros,Detalles Registro,Seguro,
Registros,Detalles Registro,Cliente,Formato código: D Brzovic
Registros,Detalles Registro,Contratante,Formato Nombre completo rut
Registros,Detalles Registro,Detalle Datos Contratante,"Muestra los detalles de contacto como teléfonos, correos y domicilio"
Registros,Detalles Registro,Asegurado,Formato Nombre completo rut
Registros,Detalles Registro,Detalle Datos Asegurado,"Muestra los detalles de contacto como teléfonos, correos y domicilio"
Registros,Detalles Registro,Pagador,
Registros,Detalles Registro,cotización Aceptada,acá va la cotización aceptada
Registros,Detalles Registro,Comisión?,campo que determina si ese registro debe tener comisión o no
Registros,Detalles Registro,Moneda,
Registros,Detalles Registro,Prima Afecta,
Registros,Detalles Registro,Prima Exenta,
Registros,Detalles Registro,Tipo Inspección,
Registros,Detalles Registro,N° inspección,
Registros,Detalles Materia,Materia,"resumen breve de la materia, lo suficiento como para poder indentificarla"
Registros,Detalles Materia,Más información Materia,el resto de la información de la manteria. Todos los detalles nevecesarios para poder cotizar
Registros,Detalles Materia,Asegurado,Formato Nombre completo rut
Registros,Detalles Cotización,Estado Vigencia,
Registros,Detalles Cotización,Vencimiento,
Registros,Detalles Cotización,N° Cotización,
Registros,Detalles Cotización,Producto,
Registros,Detalles Cotización,Resumen de valores,
Registros,Detalles Cotización,Monto asegurado,
Registros,Detalles Cotización,Cuotas,
Renovaciones,Tabla Filtrada,F vigencia,
Renovaciones,Tabla Filtrada,Póliza,
Renovaciones,Tabla Filtrada,Contratante,Formato Nombre completo rut
Renovaciones,Tabla Filtrada,Materia,
Renovaciones,Tabla Filtrada,Cliente,Formato código: D Brzovic
Renovaciones,Tabla Filtrada,Comisión?,
Renovaciones,Detalles Registro,Estado Gestión,
Renovaciones,Detalles Registro,Estado Renovación,
Renovaciones,Detalles Registro,Fecha registro,
Renovaciones,Detalles Registro,Seguro,
Renovaciones,Detalles Registro,CLiente,Formato código: D Brzovic
Renovaciones,Detalles Registro,contratante,Formato Nombre completo rut
Renovaciones,Detalles Registro,Asegurado,Formato Nombre completo rut
Renovaciones,Detalles Registro,pagador,
Renovaciones,Detalles Registro,n° items activos,
Renovaciones,Detalles Registro,póliza,
Renovaciones,Detalles Registro,Cot aceptada,
Renovaciones,Detalles Registro,Producto,
Renovaciones,Detalles Registro,Moneda,
Renovaciones,Detalles Registro,Forma de PAgo,
Renovaciones,Detalles Registro,Tipo Inspeccipon,
Renovaciones,Detalles Registro,N° Inspeccipon,
Renovaciones,Detalles Registro,I Vigencia,
Renovaciones,Detalles Registro,Prima afecta actual,
Renovaciones,Detalles Registro,Prima exenta actual,
Renovaciones,Detalles Registro,Prima Neta ACtual,
Renovaciones,Detalles Registro,Prima Bruta Actual,
Renovaciones,Detalles Registro,%Comisión Afecta actual,
Renovaciones,Detalles Registro,% Comisión Exenta Actual,
Renovaciones,Detalles Registro,Comisipon afecta actual,
Renovaciones,Detalles Registro,comisión exenta actual,
Renovaciones,Detalles Registro,prima afecta nueva,
Renovaciones,Detalles Registro,prima exenta nueva,
Renovaciones,Detalles Registro,prima neta nueva,
Renovaciones,Detalles Registro,%comisión afecta nueva,
Renovaciones,Detalles Registro,%comisipon exenta nueva,
Renovaciones,Detalles Registro,comisión afecta nueva,
Renovaciones,Detalles Registro,comisión exenta nueva,
Renovaciones,Detalles Materia,Materia,
Renovaciones,Detalles Materia,Más información Materia,
Renovaciones,Detalles Materia,Asegurado,Formato Nombre completo rut
Renovaciones,Detalles Cotización,Estado Vigencia,
Renovaciones,Detalles Cotización,Vencimiento,
Renovaciones,Detalles Cotización,N° Cotización,
Renovaciones,Detalles Cotización,Producto,
Renovaciones,Detalles Cotización,Resumen de valores,
Renovaciones,Detalles Cotización,Monto asegurado,
Renovaciones,Detalles Cotización,Cuotas,
Pólizas,Tabla Filtrada,Fecha emisión,
Pólizas,Tabla Filtrada,Cliente,Formato código: D Brzovic
Pólizas,Tabla Filtrada,Póliza,
Pólizas,Tabla Filtrada,Materias,
Pólizas,Tabla Filtrada,Contratante,Formato Nombre completo rut
Pólizas,Tabla Filtrada,Asegurado,Formato Nombre completo rut
Pólizas,Tabla Filtrada,Moneda,
Pólizas,Tabla Filtrada,Prima Brita,
Pólizas,Tabla Filtrada,I Vigencia,
Pólizas,Tabla Filtrada,F vigencia,
Pólizas,Tabla Filtrada,Producto,
Pólizas,Tabla Filtrada,Comisión Total,
Pólizas,Detalles Registro,Registro padre,
Pólizas,Detalles Registro,Estados,
Pólizas,Detalles Registro,Póliza anterior,
Pólizas,Detalles Registro,Vigencia,
Pólizas,Detalles Registro,Producto,
Pólizas,Detalles Registro,Plan,
Pólizas,Detalles Registro,Uso,
Pólizas,Detalles Registro,Primas,
Pólizas,Detalles Registro,Comisiones,
Pólizas,Detalles Registro,Contratante,Formato Nombre completo rut
Pólizas,Detalles Registro,Asegurado,Formato Nombre completo rut
Pólizas,Detalles Registro,Pagador,
Pólizas,Detalles Registro,Cliente,Formato código: D Brzovic
Pólizas,Detalles Registro,Ejecutivo,
Pólizas,Detalles Registro,Validadores,
Pólizas,Detalles Documento,Documento,
Pólizas,Detalles Documento,Estados,
Pólizas,Detalles Documento,Prima Afecta,
Pólizas,Detalles Documento,Prima exenta,
Pólizas,Detalles Documento,Prima Neta,
Pólizas,Detalles Documento,IVA,
Pólizas,Detalles Documento,Prima Bruta,
Pólizas,Detalles Documento,Fecha emisión,
Pólizas,Detalles Documento,Vigencia,
Pólizas,Detalles Documento,N° Items,
Pólizas,Detalles Documento,N° Cuotas,
Pólizas,Detalles Materias,Materia,
Pólizas,Detalles Materias,Estado,
Pólizas,Detalles Materias,Item,
Pólizas,Detalles Materias,Uso,
Pólizas,Detalles Materias,Plan,
Pólizas,Detalles Materias,Monto Asegurado,
Pólizas,Detalles Materias,Primas,
Pólizas,Detalles Materias,Asegurado,Formato Nombre completo rut
Pólizas,Detalles Cuotas,Estado,
Pólizas,Detalles Cuotas,N° de Cutoa,
Pólizas,Detalles Cuotas,Vencimiento,
Pólizas,Detalles Cuotas,Valor,
Pólizas,Detalles Cuotas,Moneda,
Pólizas,Detalles Cuotas,Fecha pago,
Pólizas,Detalles Cuotas,Monto Pago,
Pólizas,Detalles Plan de Pago,Estado,
Pólizas,Detalles Plan de Pago,Monto asegurado,
Pólizas,Detalles Plan de Pago,Total Cuotas,
Pólizas,Detalles Plan de Pago,Total Pagado,
Pólizas,Detalles Plan de Pago,Total Pendiente,
Pólizas,Detalles Plan de Pago,Total Vigente,
Pólizas,Detalles Solicitudes,Estado,
Pólizas,Detalles Solicitudes,Glosa,
Pólizas,Detalles Solicitudes,Fecha,
Pólizas,Detalles Comisiones,Estado,
Pólizas,Detalles Comisiones,Tipo,
Pólizas,Detalles Comisiones,Montos en moneda a comisionar,
Pólizas,Detalles Comisiones,Montos en moneda comisionados,
Pólizas,Detalles Comisiones,Monto comisionado en Pesos Chilenos,
Pólizas,Detalles Siniestros,Estado,
Pólizas,Detalles Siniestros,Fecha ingreso,
Pólizas,Detalles Siniestros,Detalles siniestro,
Cuotas,Tabla Filtrada,Cliente,Formato código: D Brzovic
Cuotas,Tabla Filtrada,Póliza,
Cuotas,Tabla Filtrada,N° de Cuota,
Cuotas,Tabla Filtrada,VEncimiento,
Cuotas,Tabla Filtrada,Valor,
Cuotas,Tabla Filtrada,Moneda,
Cuotas,Tabla Filtrada,Materia,
Cuotas,Tabla Filtrada,Contratante,Formato Nombre completo rut
Cuotas,Tabla Filtrada,Asegurado,Formato Nombre completo rut
Cuotas,Tabla Filtrada,Fecha pago,
Cuotas,Tabla Filtrada,Monto $ Pagado,
Cuotas,Tabla Filtrada,Documento,
Cuotas,Tabla Filtrada,compañía,dirije al registro de esa compañía
Cuotas,Tabla Filtrada,Estado Cuota,
Cuotas,Tabla Filtrada,Estado gestión,
Cuotas,Detalle Cuota,N° Póliza,
Cuotas,Detalle Cuota,Póliza,
Cuotas,Detalle Cuota,Cliente,Formato código: D Brzovic
Cuotas,Detalle Cuota,Contratante,Formato Nombre completo rut
Cuotas,Detalle Cuota,Asegurado,Formato Nombre completo rut
Cuotas,Detalle Cuota,control pago,
Cuotas,Detalle Cuota,Documento,
Cuotas,Detalle Cuota,moneda,
Cuotas,Detalle Cuota,Estado plan de pago,
Cuotas,Detalle Cuota,estado cuota,
Cuotas,Detalle Cuota,estado póliza,
Cuotas,Detalle Cuota,estado getión,
Cuotas,Detalle Cuota,validadores,
Cobranza,Tabla Filtrada,Estado Gestión,
Cobranza,Tabla Filtrada,Estado Cobranza,
Cobranza,Tabla Filtrada,Fecha registro,
Cobranza,Tabla Filtrada,Destinatario,
Cobranza,Tabla Filtrada,Monto total,
Cobranza,Detalle cobro,MAterias,
Cobranza,Detalle cobro,Cuotas,
Comisiones Base,Tabla Filtrada,Estado,
Comisiones Base,Tabla Filtrada,Tipo,
Comisiones Base,Tabla Filtrada,compañía,dirije al registro de esa compañía
Comisiones Base,Tabla Filtrada,Fecha,
Comisiones Base,Tabla Filtrada,N° Liquidación,
Comisiones Base,Tabla Filtrada,Movimiento,
Comisiones Base,Tabla Filtrada,Monto Total $,
Comisiones Base,Detalle Comisión Base,Estado,
Comisiones Base,Detalle Comisión Base,Comisión,
Comisiones Base,Detalle Comisión Base,compañía,dirije al registro de esa compañía
Comisiones Base,Detalle Comisión Base,tipo,
Comisiones Base,Detalle Comisión Base,movimiento,
Comisiones Base,Detalle Comisión Base,cantidad documentos,
Comisiones Base,Detalle Comisión Base,Fecha,
Comisiones Base,Detalle Comisión Base,N° Liquidación,
Comisiones Base,Detalle Comisión Base,Facturación,
Comisiones Base,Detalle Comisión Base,Monto afecto,
Comisiones Base,Detalle Comisión Base,monto exento,
Comisiones Base,Detalle Comisión Base,monto neto,
Comisiones Base,Detalle Comisión Base,afecto pólizas,
Comisiones Base,Detalle Comisión Base,exento pólizas,
Comisiones Base,Detalle Comisión Base,neto pólizas,
Comisiones Base,Detalle Comisión Base,liquidación pdf,
Comisiones Base,Detalle Comisión Base,detalle pdf,
Comisiones Base,Detalle Comisión Base,N° documentos cargados,
Comisiones Base,Detalle Comisión Base,total documentado,
Comisiones Base,Detalle documentos,Documento,
Comisiones Base,Detalle documentos,tipo,
Comisiones Base,Detalle documentos,Total Moneda,
Comisiones Base,Detalle Factura,Factura,
Comisiones Base,Detalle Factura,Monto factura,
Comisiones Base,Detalle Factura,Glosa,
Comision Documentos,Tabla Filtrada,compañía,dirije al registro de esa compañía
Comision Documentos,Tabla Filtrada,F emisión,
Comision Documentos,Tabla Filtrada,Documento,
Comision Documentos,Tabla Filtrada,Total a pagar,
Comision Documentos,Tabla Filtrada,Total pagado,
Comision Documentos,Tabla Filtrada,Cliente,Formato código: D Brzovic
Comision Documentos,Tabla Filtrada,Estado comisión,
Comision Documentos,Tabla Filtrada,Estado documento,
Comision Documentos,Detalle Comisión,Contratante,Formato Nombre completo rut
Comision Documentos,Detalle Comisión,Póliza,
Comision Documentos,Detalle Comisión,Documento,
Comision Documentos,Detalle Comisión,Estado comisión,
Comision Documentos,Detalle Comisión,Tipo comisión,
Comision Documentos,Detalle Comisión,moneda,
Comision Documentos,Detalle Comisión,prima afecta,
Comision Documentos,Detalle Comisión,prima exetna,
Comision Documentos,Detalle Comisión,prima neta,
Comision Documentos,Detalle Comisión,total a pagar,
Comision Documentos,Detalle Comisión,total pagado,
Comision Documentos,Detalle Comisión,total pagado comisión,
Comision Documentos,Detalle Comisión,% comisión afecta,
Comision Documentos,Detalle Comisión,%comisión exenta,
Comision Documentos,Detalle comisión Base,Documento,
Comision Documentos,Detalle comisión Base,Tipo,
Comision Documentos,Detalle comisión Base,Total comisiónado,
Facturación,Tabla Filtrada,Estado comisión base,
Facturación,Tabla Filtrada,Estado documento,
Facturación,Tabla Filtrada,Estado ingreso,
Facturación,Tabla Filtrada,Estado pago,
Facturación,Tabla Filtrada,Tipo Movimiento,
Facturación,Tabla Filtrada,Tipo Documento,
Facturación,Tabla Filtrada,Tipo Factura,
Facturación,Tabla Filtrada,Entidad,
Facturación,Tabla Filtrada,Fecha,
Facturación,Tabla Filtrada,N°,
Facturación,Tabla Filtrada,Glosa,
Facturación,Tabla Filtrada,Total,
Facturación,Tabla Filtrada,afecto pólizas,
Facturación,Tabla Filtrada,Exenta,
Facturación,Tabla Filtrada,Movimiento en Cta Cte,
Liquidar,Tabla Filtrada,Estado,
Liquidar,Tabla Filtrada,N° Liquidación,
Liquidar,Tabla Filtrada,Fecha,
Liquidar,Tabla Filtrada,Partner,
Liquidar,Tabla Filtrada,Glosa,
Liquidar,Tabla Filtrada,Monto neto,
Liquidar,Tabla Filtrada,Fecha Pago,
Liquidar,Detalles,Total a pagar,
Liquidar,Detalles Documentos,Documento,
Liquidar,Detalles Documentos,Total comisionado,Moneda
Liquidar,Detalles Documentos,Comisión Negocio,PEso Chileno
Liquidar,Detalles Documentos,%Comisión PArtner,
Liquidar,Detalles Documentos,Comisión a pagar,
Liquidar,Detalles Documentos,Tipo Registro,
Liquidaciones,Tabla Filtrada,Documento,
Liquidaciones,Tabla Filtrada,f emisión,
Liquidaciones,Tabla Filtrada,póliza,
Liquidaciones,Tabla Filtrada,Partner,
Liquidaciones,Detalle,Estado póliza,
Liquidaciones,Detalle,Estado liquidación,
Liquidaciones,Detalle,Documento,
Liquidaciones,Detalle,Póliza,
Liquidaciones,Detalle,Prima Afecta,
Liquidaciones,Detalle,Prima exenta,
Liquidaciones,Detalle,prima neta,
Liquidaciones,Detalle,$Comisión afecta,
Liquidaciones,Detalle,% comisión exenta,
Liquidaciones,Detalle,PAgado comisión afecta,
Liquidaciones,Detalle,pagado comisión exenta,
Liquidaciones,Detalle,total pagado comisión,
Liquidaciones,Detalle,Comisión partner,
Liquidaciones,Detalle,Liquidación madre,
Cuentas Corrientes,Tabla Filtrada,Movimiento,
Cuentas Corrientes,Tabla Filtrada,banco,
Cuentas Corrientes,Tabla Filtrada,fecha,
Cuentas Corrientes,Tabla Filtrada,categoria,
Cuentas Corrientes,Tabla Filtrada,tipo movimiento,
Cuentas Corrientes,Tabla Filtrada,tipo transacción,
Cuentas Corrientes,Tabla Filtrada,N° identificador,
Cuentas Corrientes,Tabla Filtrada,rut,
Cuentas Corrientes,Tabla Filtrada,detalle,
Cuentas Corrientes,Tabla Filtrada,monto,
Cuentas Corrientes,Tabla Filtrada,Tipo ingreso,
Cuentas Corrientes,Tabla Filtrada,descripción,
Cuentas Corrientes,Tabla Filtrada,N° doc,
Cuentas Corrientes,Tabla Filtrada,Cargos,
Cuentas Corrientes,Tabla Filtrada,Abonos,
Cuentas Corrientes,Tabla Filtrada,Saldo diario,
Cuentas Corrientes,Tabla Filtrada,cartola,