Esquema,Tabla,Campo,Tipo_de_Dato,Relacion_Target,Es_Label,Reglas_Visibilidad,Accion_Requerida
datos,inmueble,adicional,String(300),,,,
datos,inmueble,anio_construccion,Integer,,,,
datos,inmueble,calle,String(200),,,,
datos,inmueble,comentarios,Text,,,,
datos,inmueble,comuna_id,Integer,operaciones.comuna,,,
datos,inmueble,comuna_nombre,String(100),,,,
datos,inmueble,created_at,DateTime(tz),,,,
datos,inmueble,detalles_dir,String(200),,,,
datos,inmueble,distancia_agua,String(60),,,,
datos,inmueble,espacios_comunes,String(300),,,,
datos,inmueble,ficha,String(500),,,,
datos,inmueble,id,Integer,,,,
datos,inmueble,monto_contenidos,"Numeric(14,2)",,,,
datos,inmueble,monto_edificio,"Numeric(14,2)",,,,
datos,inmueble,monto_mercaderia,"Numeric(14,2)",,,,
datos,inmueble,monto_unidades,"Numeric(14,2)",,,,
datos,inmueble,mt2_construido,"Numeric(10,2)",,,,
datos,inmueble,n_pisos,Integer,,,,
datos,inmueble,n_subterraneos,Integer,,,,
datos,inmueble,n_torres,Integer,,,,
datos,inmueble,n_trabajadores,Integer,,,,
datos,inmueble,n_unidades,Integer,,,,
datos,inmueble,numero,String(20),,,,
datos,inmueble,ocupacion,String(60),,,,
datos,inmueble,propietario_id,Integer,datos.rut,,,
datos,inmueble,seguridad_incendio,String(200),,,,
datos,inmueble,seguridad_robo,String(200),,,,
datos,inmueble,tipo_construccion,String(60),,,,
datos,inmueble,tipo_inmueble,String(60),,,,
datos,inmueble,updated_at,DateTime(tz),,,,
datos,inmueble,uso,String(60),,,,
datos,inmueble,zona,String(60),,,,
datos,inmueble,comuna_rel,relationship(MANYTOONE),operaciones.comuna,,,
datos,inmueble,grupos_materia,relationship(ONETOMANY),grupos.grupo_materia,,,
datos,inmueble,otras,relationship(ONETOMANY),datos.otra,,,
datos,inmueble,propietario,relationship(MANYTOONE),datos.rut,,,
datos,otra,comentarios,Text,,,,
datos,otra,created_at,DateTime(tz),,,,
datos,otra,ficha,String(500),,,,
datos,otra,id,Integer,,,,
datos,otra,informacion_adicional,Text,,,,
datos,otra,inmueble_id,Integer,datos.inmueble,,,
datos,otra,materia_asegurada,String(300),,,,
datos,otra,tipo_otra,String(100),,,,
datos,otra,vehiculo_id,Integer,datos.vehiculo,,,
datos,otra,grupos_materia,relationship(ONETOMANY),grupos.grupo_materia,,,
datos,otra,inmueble,relationship(MANYTOONE),datos.inmueble,,,
datos,otra,vehiculo,relationship(MANYTOONE),datos.vehiculo,,,
datos,rut,activo,Boolean,,,,
datos,rut,apellido_materno,String(100),,,,
datos,rut,apellido_paterno,String(100),,,,
datos,rut,ciudad,String(100),,,,
datos,rut,comuna,String(100),,,,
datos,rut,contacto,String(200),,,,
datos,rut,corto,String(80),,,,
datos,rut,created_at,DateTime(tz),,,,
datos,rut,cuenta_corriente,String(100),,,,
datos,rut,depto,String(200),,,,
datos,rut,direccion,String(500),,,,
datos,rut,email,String(150),,,,
datos,rut,email2,String(150),,,,
datos,rut,fecha_nacimiento,Date,,,,
datos,rut,giro,String(200),,,,
datos,rut,id,Integer,,,,
datos,rut,nombre,String(100),,,,
datos,rut,nombre2,String(100),,,,
datos,rut,numero,String(50),,,,
datos,rut,observaciones,Text,,,,
datos,rut,personeria,"Enum(natural, juridica)",,,,
datos,rut,razon_social,String(200),,,,
datos,rut,region,String(100),,,,
datos,rut,relacion_cliente,String(100),,,,
datos,rut,rut,String(15),,,,
datos,rut,sexo,String(10),,,,
datos,rut,tarjeta_credito,String(50),,,,
datos,rut,telefono,String(25),,,,
datos,rut,telefono_secundario,String(25),,,,
datos,rut,tipo_cliente,String(50),,,,
datos,rut,updated_at,DateTime(tz),,,,
datos,rut,cargas,relationship(ONETOMANY),datos.vida_salud_carga,,,
datos,rut,grupos_cliente,relationship(ONETOMANY),grupos.grupo_cliente,,,
datos,rut,grupos_materia_asegurado,relationship(ONETOMANY),grupos.grupo_materia,,,
datos,rut,inmuebles,relationship(ONETOMANY),datos.inmueble,,,
datos,rut,vehiculos,relationship(ONETOMANY),datos.vehiculo,,,
datos,rut,vida_salud,relationship(ONETOMANY),datos.vida_salud,,,
datos,vehiculo,anio,Integer,,,,
datos,vehiculo,categoria,String(30),,,,
datos,vehiculo,chasis,String(60),,,,
datos,vehiculo,color,String(50),,,,
datos,vehiculo,combustible,String(30),,,,
datos,vehiculo,comentarios,Text,,,,
datos,vehiculo,created_at,DateTime(tz),,,,
datos,vehiculo,factura,String(200),,,,
datos,vehiculo,guia_despacho,String(200),,,,
datos,vehiculo,id,Integer,,,,
datos,vehiculo,marca,String(80),,,,
datos,vehiculo,modelo,String(100),,,,
datos,vehiculo,motor,String(60),,,,
datos,vehiculo,n_serie,String(60),,,,
datos,vehiculo,papeles,String(500),,,,
datos,vehiculo,patente,String(15),,,,
datos,vehiculo,propietario_id,Integer,datos.rut,,,
datos,vehiculo,tipo_vehiculo,String(60),,,,
datos,vehiculo,updated_at,DateTime(tz),,,,
datos,vehiculo,version,String(100),,,,
datos,vehiculo,grupos_materia,relationship(ONETOMANY),grupos.grupo_materia,,,
datos,vehiculo,otras,relationship(ONETOMANY),datos.otra,,,
datos,vehiculo,propietario,relationship(MANYTOONE),datos.rut,,,
datos,vida_salud,altura,"Numeric(5,2)",,,,
datos,vida_salud,comentarios,Text,,,,
datos,vida_salud,created_at,DateTime(tz),,,,
datos,vida_salud,dps,String(500),,,,
datos,vida_salud,id,Integer,,,,
datos,vida_salud,otros_documentos,String(500),,,,
datos,vida_salud,peso,"Numeric(5,2)",,,,
datos,vida_salud,titular_id,Integer,datos.rut,,,
datos,vida_salud,cargas,relationship(ONETOMANY),datos.vida_salud_carga,,,
datos,vida_salud,grupos_materia,relationship(ONETOMANY),grupos.grupo_materia,,,
datos,vida_salud,titular,relationship(MANYTOONE),datos.rut,,,
datos,vida_salud_carga,altura,"Numeric(5,2)",,,,
datos,vida_salud_carga,comentarios,Text,,,,
datos,vida_salud_carga,created_at,DateTime(tz),,,,
datos,vida_salud_carga,dps,String(500),,,,
datos,vida_salud_carga,fecha_nacimiento,Date,,,,
datos,vida_salud_carga,id,Integer,,,,
datos,vida_salud_carga,materno,String(100),,,,
datos,vida_salud_carga,nombre,String(100),,,,
datos,vida_salud_carga,nombre2,String(100),,,,
datos,vida_salud_carga,otros_documentos,String(500),,,,
datos,vida_salud_carga,paterno,String(100),,,,
datos,vida_salud_carga,peso,"Numeric(5,2)",,,,
datos,vida_salud_carga,rut,String(15),,,,
datos,vida_salud_carga,rut_carga_id,Integer,datos.rut,,,
datos,vida_salud_carga,vida_salud_id,Integer,datos.vida_salud,,,
datos,vida_salud_carga,titular,relationship(MANYTOONE),datos.rut,,,
datos,vida_salud_carga,vida_salud_titular,relationship(MANYTOONE),datos.vida_salud,,,
operaciones,banco,casa_matriz,String(200),,,,
operaciones,banco,corto,String(50),,,,
operaciones,banco,created_at,DateTime(tz),,,,
operaciones,banco,fono_matriz,String(25),,,,
operaciones,banco,fono_sucursal,String(25),,,,
operaciones,banco,id,Integer,,,,
operaciones,banco,portal,String(200),,,,
operaciones,banco,razon_social,String(150),,,,
operaciones,banco,rut,String(15),,,,
operaciones,banco,sucursal,String(200),,,,
operaciones,banco,web,String(200),,,,
operaciones,banco,ejecutivos,relationship(ONETOMANY),operaciones.ejecutivo,,,
operaciones,banco,grupos_entidad,relationship(ONETOMANY),grupos.grupo_entidad,,,
operaciones,cobertura,cobertura,String(200),,,,
operaciones,cobertura,created_at,DateTime(tz),,,,
operaciones,cobertura,detalles,Text,,,,
operaciones,cobertura,id,Integer,,,,
operaciones,cobertura,productos_link,relationship(ONETOMANY),cruce_tablas.coberturas_x_productos,,,
operaciones,compania,activa,Boolean,,,,
operaciones,compania,casa_matriz,String(200),,,,
operaciones,compania,codigo_corredor,String(30),,,,
operaciones,compania,corto,String(50),,,,
operaciones,compania,created_at,DateTime(tz),,,,
operaciones,compania,cuenta_corriente,String(100),,,,
operaciones,compania,fono_asistencia,String(25),,,,
operaciones,compania,fono_matriz,String(25),,,,
operaciones,compania,fono_sucursal,String(25),,,,
operaciones,compania,id,Integer,,,,
operaciones,compania,portal,String(200),,,,
operaciones,compania,razon_social,String(150),,,,
operaciones,compania,rut,String(15),,,,
operaciones,compania,sucursal,String(200),,,,
operaciones,compania,web,String(200),,,,
operaciones,compania,ejecutivos,relationship(ONETOMANY),operaciones.ejecutivo,,,
operaciones,compania,grupos_entidad,relationship(ONETOMANY),grupos.grupo_entidad,,,
operaciones,compania,lineas_negocio,relationship(ONETOMANY),operaciones.linea_negocio,,,
operaciones,compania,productos,relationship(ONETOMANY),operaciones.producto,,,
operaciones,compania,seguros_link,relationship(ONETOMANY),cruce_tablas.seguros_x_cia,,,
operaciones,comuna,id,Integer,,,,
operaciones,comuna,nombre,String(100),,,,
operaciones,comuna,region,String(100),,,,
operaciones,comuna,inmuebles,relationship(ONETOMANY),datos.inmueble,,,
operaciones,ejecutivo,activo,Boolean,,,,
operaciones,ejecutivo,banco_id,Integer,operaciones.banco,,,
operaciones,ejecutivo,cargo,String(100),,,,
operaciones,ejecutivo,celular,String(25),,,,
operaciones,ejecutivo,compania_id,Integer,operaciones.compania,,,
operaciones,ejecutivo,correo,String(150),,,,
operaciones,ejecutivo,correo2,String(150),,,,
operaciones,ejecutivo,corto,String(50),,,,
operaciones,ejecutivo,created_at,DateTime(tz),,,,
operaciones,ejecutivo,fijo,String(25),,,,
operaciones,ejecutivo,id,Integer,,,,
operaciones,ejecutivo,materno,String(100),,,,
operaciones,ejecutivo,nombre,String(100),,,,
operaciones,ejecutivo,nombre2,String(100),,,,
operaciones,ejecutivo,paterno,String(100),,,,
operaciones,ejecutivo,proveedor_id,Integer,operaciones.proveedor,,,
operaciones,ejecutivo,sexo,String(10),,,,
operaciones,ejecutivo,tipo,String(30),,,,
operaciones,ejecutivo,banco,relationship(MANYTOONE),operaciones.banco,,,
operaciones,ejecutivo,compania,relationship(MANYTOONE),operaciones.compania,,,
operaciones,ejecutivo,protocolos,relationship(ONETOMANY),operaciones.protocolo,,,
operaciones,ejecutivo,proveedor,relationship(MANYTOONE),operaciones.proveedor,,,
operaciones,gestor,activo,Boolean,,,,
operaciones,gestor,celular,String(25),,,,
operaciones,gestor,correo,String(150),,,,
operaciones,gestor,correo2,String(150),,,,
operaciones,gestor,corto,String(50),,,,
operaciones,gestor,created_at,DateTime(tz),,,,
operaciones,gestor,cuenta_corriente,String(100),,,,
operaciones,gestor,domicilio,String(300),,,,
operaciones,gestor,fijo,String(25),,,,
operaciones,gestor,id,Integer,,,,
operaciones,gestor,materno,String(100),,,,
operaciones,gestor,nombre,String(100),,,,
operaciones,gestor,nombre2,String(100),,,,
operaciones,gestor,paterno,String(100),,,,
operaciones,gestor,rut,String(15),,,,
operaciones,gestor,usermail,String(150),,,,
operaciones,gestor,grupos_entidad,relationship(ONETOMANY),grupos.grupo_entidad,,,
operaciones,linea_negocio,carpeta,String(500),,,,
operaciones,linea_negocio,comentarios,Text,,,,
operaciones,linea_negocio,compania_id,Integer,operaciones.compania,,,
operaciones,linea_negocio,created_at,DateTime(tz),,,,
operaciones,linea_negocio,id,Integer,,,,
operaciones,linea_negocio,linea,String(150),,,,
operaciones,linea_negocio,ramo_id,Integer,operaciones.ramo,,,
operaciones,linea_negocio,compania,relationship(MANYTOONE),operaciones.compania,,,
operaciones,linea_negocio,ramo,relationship(MANYTOONE),operaciones.ramo,,,
operaciones,partner,activo,Boolean,,,,
operaciones,partner,celular,String(25),,,,
operaciones,partner,comision_nuevos,"Numeric(5,2)",,,,
operaciones,partner,comision_renovaciones,"Numeric(5,2)",,,,
operaciones,partner,contrato,String(500),,,,
operaciones,partner,correo,String(150),,,,
operaciones,partner,correo2,String(150),,,,
operaciones,partner,corto,String(50),,,,
operaciones,partner,created_at,DateTime(tz),,,,
operaciones,partner,cuenta_corriente,String(100),,,,
operaciones,partner,detalles_domicilio,String(200),,,,
operaciones,partner,domicilio,String(300),,,,
operaciones,partner,fecha_nacimiento,Date,,,,
operaciones,partner,fijo,String(25),,,,
operaciones,partner,id,Integer,,,,
operaciones,partner,materno,String(100),,,,
operaciones,partner,nombre,String(100),,,,
operaciones,partner,nombre2,String(100),,,,
operaciones,partner,paterno,String(100),,,,
operaciones,partner,rut,String(15),,,,
operaciones,partner,sexo,String(10),,,,
operaciones,partner,updated_at,DateTime(tz),,,,
operaciones,partner,grupos_entidad,relationship(ONETOMANY),grupos.grupo_entidad,,,
operaciones,plan,created_at,DateTime(tz),,,,
operaciones,plan,descripcion,Text,,,,
operaciones,plan,id,Integer,,,,
operaciones,plan,plan,String(200),,,,
operaciones,plan,producto_id,Integer,operaciones.producto,,,
operaciones,plan,producto,relationship(MANYTOONE),operaciones.producto,,,
operaciones,plan,valores_cotizacion,relationship(ONETOMANY),cruce_tablas.valores_x_cotizacion,,,
operaciones,pols,codigo,String(50),,,,
operaciones,pols,created_at,DateTime(tz),,,,
operaciones,pols,entidad,String(200),,,,
operaciones,pols,fecha_deposito,Date,,,,
operaciones,pols,id,Integer,,,,
operaciones,pols,pdf,String(500),,,,
operaciones,pols,polizas_clausulas,Text,,,,
operaciones,pols,temas,String(300),,,,
operaciones,pols,texto_depositado,Text,,,,
operaciones,producto,activo,Boolean,,,,
operaciones,producto,canal,String(50),,,,
operaciones,producto,comision_afecta,"Numeric(5,2)",,,,
operaciones,producto,comision_exenta,"Numeric(5,2)",,,,
operaciones,producto,compania_id,Integer,operaciones.compania,,,
operaciones,producto,convenio,String(100),,,,
operaciones,producto,created_at,DateTime(tz),,,,
operaciones,producto,id,Integer,,,,
operaciones,producto,nombre,String(200),,,,
operaciones,producto,pdf_cobertura,String(500),,,,
operaciones,producto,ramo_id,Integer,operaciones.ramo,,,
operaciones,producto,seguro_id,Integer,operaciones.seguro,,,
operaciones,producto,tipo_comision,String(50),,,,
operaciones,producto,tipo_renovacion,String(50),,,,
operaciones,producto,uso,String(50),,,,
operaciones,producto,coberturas_link,relationship(ONETOMANY),cruce_tablas.coberturas_x_productos,,,
operaciones,producto,compania,relationship(MANYTOONE),operaciones.compania,,,
operaciones,producto,planes,relationship(ONETOMANY),operaciones.plan,,,
operaciones,producto,ramo,relationship(MANYTOONE),operaciones.ramo,,,
operaciones,producto,seguro,relationship(MANYTOONE),operaciones.seguro,,,
operaciones,protocolo,activo,Boolean,,,,
operaciones,protocolo,created_at,DateTime(tz),,,,
operaciones,protocolo,descripcion,Text,,,,
operaciones,protocolo,grupo_entidad_id,Integer,grupos.grupo_entidad,,,
operaciones,protocolo,id,Integer,,,,
operaciones,protocolo,nombre,String(200),,,,
operaciones,protocolo,responsable_id,Integer,operaciones.ejecutivo,,,
operaciones,protocolo,grupo_entidad,relationship(MANYTOONE),grupos.grupo_entidad,,,
operaciones,protocolo,responsable,relationship(MANYTOONE),operaciones.ejecutivo,,,
operaciones,proveedor,activo,Boolean,,,,
operaciones,proveedor,correo,String(150),,,,
operaciones,proveedor,corto,String(50),,,,
operaciones,proveedor,created_at,DateTime(tz),,,,
operaciones,proveedor,fono,String(25),,,,
operaciones,proveedor,id,Integer,,,,
operaciones,proveedor,nombre,String(150),,,,
operaciones,proveedor,rut,String(15),,,,
operaciones,proveedor,ejecutivos,relationship(ONETOMANY),operaciones.ejecutivo,,,
operaciones,proveedor,grupos_entidad,relationship(ONETOMANY),grupos.grupo_entidad,,,
operaciones,ramo,activo,Boolean,,,,
operaciones,ramo,codigo,String(20),,,,
operaciones,ramo,created_at,DateTime(tz),,,,
operaciones,ramo,id,Integer,,,,
operaciones,ramo,ramo,String(100),,,,
operaciones,ramo,lineas_negocio,relationship(ONETOMANY),operaciones.linea_negocio,,,
operaciones,ramo,productos,relationship(ONETOMANY),operaciones.producto,,,
operaciones,seguro,activo,Boolean,,,,
operaciones,seguro,created_at,DateTime(tz),,,,
operaciones,seguro,guia_corredor,Text,,,,
operaciones,seguro,id,Integer,,,,
operaciones,seguro,info_tecnica,Text,,,,
operaciones,seguro,info_venta,Text,,,,
operaciones,seguro,nombre,String(100),,,,
operaciones,seguro,perfil,String(100),,,,
operaciones,seguro,companias_link,relationship(ONETOMANY),cruce_tablas.seguros_x_cia,,,
operaciones,seguro,productos,relationship(ONETOMANY),operaciones.producto,,,
grupos,grupo_cliente,carpeta,String(500),,,,
grupos,grupo_cliente,created_at,DateTime(tz),,,,
grupos,grupo_cliente,id,Integer,,,,
grupos,grupo_cliente,partner_id,Integer,operaciones.partner,,,
grupos,grupo_cliente,rut_id,Integer,datos.rut,,,
grupos,grupo_cliente,cobranzas,relationship(ONETOMANY),gestion.cobranza,,,
grupos,grupo_cliente,com_clientes,relationship(ONETOMANY),comunicacion.com_cliente,,,
grupos,grupo_cliente,cuotas,relationship(ONETOMANY),gestion.cuota,,,
grupos,grupo_cliente,documentos,relationship(ONETOMANY),gestion.documento,,,
grupos,grupo_cliente,materias,relationship(ONETOMANY),gestion.materia,,,
grupos,grupo_cliente,partner,relationship(MANYTOONE),operaciones.partner,,,
grupos,grupo_cliente,polizas,relationship(ONETOMANY),gestion.poliza,,,
grupos,grupo_cliente,registros,relationship(ONETOMANY),gestion.registro,,,
grupos,grupo_cliente,rut,relationship(MANYTOONE),datos.rut,,,
grupos,grupo_cliente,solicitudes,relationship(ONETOMANY),gestion.solicitud,,,
grupos,grupo_entidad,asegurado_id,Integer,datos.rut,,,
grupos,grupo_entidad,banco_id,Integer,operaciones.banco,,,
grupos,grupo_entidad,carpeta,String(500),,,,
grupos,grupo_entidad,compania_id,Integer,operaciones.compania,,,
grupos,grupo_entidad,created_at,DateTime(tz),,,,
grupos,grupo_entidad,gestor_id,Integer,operaciones.gestor,,,
grupos,grupo_entidad,id,Integer,,,,
grupos,grupo_entidad,partner_id,Integer,operaciones.partner,,,
grupos,grupo_entidad,proveedor_id,Integer,operaciones.proveedor,,,
grupos,grupo_entidad,tipo_entidad,String(50),,,,
grupos,grupo_entidad,asegurado,relationship(MANYTOONE),datos.rut,,,
grupos,grupo_entidad,banco,relationship(MANYTOONE),operaciones.banco,,,
grupos,grupo_entidad,compania,relationship(MANYTOONE),operaciones.compania,,,
grupos,grupo_entidad,gestor,relationship(MANYTOONE),operaciones.gestor,,,
grupos,grupo_entidad,partner,relationship(MANYTOONE),operaciones.partner,,,
grupos,grupo_entidad,protocolos,relationship(ONETOMANY),operaciones.protocolo,,,
grupos,grupo_entidad,proveedor,relationship(MANYTOONE),operaciones.proveedor,,,
grupos,grupo_materia,activa,Boolean,,,,
grupos,grupo_materia,asegurado_id,Integer,datos.rut,,,
grupos,grupo_materia,comentarios,Text,,,,
grupos,grupo_materia,created_at,DateTime(tz),,,,
grupos,grupo_materia,id,Integer,,,,
grupos,grupo_materia,inmueble_id,Integer,datos.inmueble,,,
grupos,grupo_materia,otra_id,Integer,datos.otra,,,
grupos,grupo_materia,seguro_id,Integer,operaciones.seguro,,,
grupos,grupo_materia,tipo,String(30),,,,
grupos,grupo_materia,uso,String(60),,,,
grupos,grupo_materia,vehiculo_id,Integer,datos.vehiculo,,,
grupos,grupo_materia,vida_salud_id,Integer,datos.vida_salud,,,
grupos,grupo_materia,asegurado,relationship(MANYTOONE),datos.rut,,,
grupos,grupo_materia,inmueble,relationship(MANYTOONE),datos.inmueble,,,
grupos,grupo_materia,materias_gestion,relationship(ONETOMANY),gestion.materia,,,
grupos,grupo_materia,otra,relationship(MANYTOONE),datos.otra,,,
grupos,grupo_materia,registros_link,relationship(ONETOMANY),cruce_tablas.materias_x_registro,,,
grupos,grupo_materia,seguro,relationship(MANYTOONE),operaciones.seguro,,,
grupos,grupo_materia,vehiculo,relationship(MANYTOONE),datos.vehiculo,,,
grupos,grupo_materia,vida_salud,relationship(MANYTOONE),datos.vida_salud,,,
gestion,cobranza,c_uf_cobro,"Numeric(10,4)",,,,
gestion,cobranza,c_uf_pago,"Numeric(10,4)",,,,
gestion,cobranza,c_usd_cobro,"Numeric(10,2)",,,,
gestion,cobranza,c_usd_pago,"Numeric(10,2)",,,,
gestion,cobranza,cobrado,"Numeric(14,2)",,,,
gestion,cobranza,comentarios,Text,,,,
gestion,cobranza,created_at,DateTime(tz),,,,
gestion,cobranza,destinatario_id,Integer,grupos.grupo_cliente,,,
gestion,cobranza,diferencia,"Numeric(14,2)",,,,
gestion,cobranza,fecha_registro,Date,,,,
gestion,cobranza,id,Integer,,,,
gestion,cobranza,monto_nominal,"Numeric(14,2)",,,,
gestion,cobranza,pagado,"Numeric(14,2)",,,,
gestion,cobranza,verificador_accion,String(200),,,,
gestion,cobranza,com_cobranzas,relationship(ONETOMANY),comunicacion.com_cobranza,,,
gestion,cobranza,cuotas_link,relationship(ONETOMANY),cruce_tablas.cuotas_x_cobranza,,,
gestion,cobranza,destinatario,relationship(MANYTOONE),grupos.grupo_cliente,,,
gestion,comision,cantidad_documentos,Integer,,,,
gestion,comision,comentarios,Text,,,,
gestion,comision,compania_id,Integer,operaciones.compania,,,
gestion,comision,created_at,DateTime(tz),,,,
gestion,comision,detalle,Text,,,,
gestion,comision,facturacion,String(200),,,,
gestion,comision,fecha_liquidacion,Date,,,,
gestion,comision,id,Integer,,,,
gestion,comision,liquidacion_pdf,String(500),,,,
gestion,comision,monto_afecto,"Numeric(14,2)",,,,
gestion,comision,monto_exento,"Numeric(14,2)",,,,
gestion,comision,movimiento,String(50),,,,
gestion,comision,n_liquidacion,String(50),,,,
gestion,comision,tipo,String(50),,,,
gestion,comision,updated_at,DateTime(tz),,,,
gestion,comision,com_comisiones,relationship(ONETOMANY),comunicacion.com_comision,,,
gestion,comision,compania,relationship(MANYTOONE),operaciones.compania,,,
gestion,comision,documentos_link,relationship(ONETOMANY),cruce_tablas.documentos_x_comision,,,
gestion,comision,facturas_link,relationship(ONETOMANY),cruce_tablas.facturas_x_comision,,,
gestion,cotizacion,aceptada,Boolean,,,,
gestion,cotizacion,comentarios,Text,,,,
gestion,cotizacion,created_at,DateTime(tz),,,,
gestion,cotizacion,deducible,String(200),,,,
gestion,cotizacion,deducible_recomendado,String(200),,,,
gestion,cotizacion,descuento_adicional,"Numeric(5,2)",,,,
gestion,cotizacion,fecha_cot,Date,,,,
gestion,cotizacion,forma_pago,"Enum(directa, pac, pat, anual, semestral, trimestral…)",,,,
gestion,cotizacion,id,Integer,,,,
gestion,cotizacion,monto_asegurado,"Numeric(14,2)",,,,
gestion,cotizacion,n_cuotas,Integer,,,,
gestion,cotizacion,numero_cot,String(50),,,,
gestion,cotizacion,pdf_url,String(500),,,,
gestion,cotizacion,plan_aceptado,String(200),,,,
gestion,cotizacion,prima,"Numeric(14,2)",,,,
gestion,cotizacion,producto_id,Integer,operaciones.producto,,,
gestion,cotizacion,promocion,String(200),,,,
gestion,cotizacion,recomendada,Boolean,,,,
gestion,cotizacion,registro_id,Integer,gestion.registro,,,
gestion,cotizacion,updated_at,DateTime(tz),,,,
gestion,cotizacion,vigencia_dias,Integer,,,,
gestion,cotizacion,polizas_link,relationship(ONETOMANY),cruce_tablas.registros_x_polizas,,,
gestion,cotizacion,producto,relationship(MANYTOONE),operaciones.producto,,,
gestion,cotizacion,recotizaciones,relationship(ONETOMANY),cruce_tablas.recotizaciones_x_poliza,,,
gestion,cotizacion,registro,relationship(MANYTOONE),gestion.registro,,,
gestion,cotizacion,solicitudes,relationship(ONETOMANY),gestion.solicitud,,,
gestion,cotizacion,valores,relationship(ONETOMANY),cruce_tablas.valores_x_cotizacion,,,
gestion,cuota,cobrada,Boolean,,,,
gestion,cuota,cobrar,Boolean,,,,
gestion,cuota,cobro_automatico,Boolean,,,,
gestion,cuota,comentarios,Text,,,,
gestion,cuota,compania_id,Integer,operaciones.compania,,,
gestion,cuota,contratante_id,Integer,datos.rut,,,
gestion,cuota,control_pago,String(30),,,,
gestion,cuota,created_at,DateTime(tz),,,,
gestion,cuota,cursado,Boolean,,,,
gestion,cuota,documento_id,Integer,gestion.documento,,,
gestion,cuota,estado,"Enum(pendiente, pagada, vencida, anulada)",,,,
gestion,cuota,fa_enviada,Boolean,,,,
gestion,cuota,factura,String(200),,,,
gestion,cuota,fecha_pago,Date,,,,
gestion,cuota,fecha_vencimiento,Date,,,,
gestion,cuota,grupo_cliente_id,Integer,grupos.grupo_cliente,,,
gestion,cuota,id,Integer,,,,
gestion,cuota,monto_clp,"Numeric(14,2)",,,,
gestion,cuota,monto_pago,"Numeric(14,2)",,,,
gestion,cuota,monto_uf,"Numeric(10,4)",,,,
gestion,cuota,monto_usd,"Numeric(10,2)",,,,
gestion,cuota,n_ingreso,String(50),,,,
gestion,cuota,numero_cuota,Integer,,,,
gestion,cuota,pago,String(30),,,,
gestion,cuota,plan_pago_id,Integer,gestion.plan_pago,,,
gestion,cuota,poliza_id,Integer,gestion.poliza,,,
gestion,cuota,recibo,String(200),,,,
gestion,cuota,seguro_id,Integer,operaciones.seguro,,,
gestion,cuota,valor_clp,"Numeric(14,2)",,,,
gestion,cuota,valor_uf,"Numeric(10,4)",,,,
gestion,cuota,valor_usd,"Numeric(10,2)",,,,
gestion,cuota,vencimiento,Date,,,,
gestion,cuota,cobranzas_link,relationship(ONETOMANY),cruce_tablas.cuotas_x_cobranza,,,
gestion,cuota,compania,relationship(MANYTOONE),operaciones.compania,,,
gestion,cuota,contratante,relationship(MANYTOONE),datos.rut,,,
gestion,cuota,documento,relationship(MANYTOONE),gestion.documento,,,
gestion,cuota,grupo_cliente,relationship(MANYTOONE),grupos.grupo_cliente,,,
gestion,cuota,plan_pago,relationship(MANYTOONE),gestion.plan_pago,,,
gestion,cuota,poliza,relationship(MANYTOONE),gestion.poliza,,,
gestion,cuota,seguro,relationship(MANYTOONE),operaciones.seguro,,,
gestion,documento,comentarios,Text,,,,
gestion,documento,comision_flag,Boolean,,,,
gestion,documento,contratante_id,Integer,datos.rut,,,
gestion,documento,created_at,DateTime(tz),,,,
gestion,documento,enviado,Boolean,,,,
gestion,documento,fecha_emision,Date,,,,
gestion,documento,fecha_inicio,Date,,,,
gestion,documento,fecha_termino,Date,,,,
gestion,documento,grupo_cliente_id,Integer,grupos.grupo_cliente,,,
gestion,documento,id,Integer,,,,
gestion,documento,invalidar_diferencia,Boolean,,,,
gestion,documento,n_cuotas,Integer,,,,
gestion,documento,n_inspeccion,String(50),,,,
gestion,documento,numero_documento,String(50),,,,
gestion,documento,otros_archivos,String(500),,,,
gestion,documento,partner_id,Integer,operaciones.partner,,,
gestion,documento,pct_comision_afecta,"Numeric(5,2)",,,,
gestion,documento,pct_comision_exenta,"Numeric(5,2)",,,,
gestion,documento,pdf_url,String(500),,,,
gestion,documento,poliza_id,Integer,gestion.poliza,,,
gestion,documento,producto_id,Integer,operaciones.producto,,,
gestion,documento,requiere_doc,Boolean,,,,
gestion,documento,tipo_documento,"Enum(poliza, endoso, renovacion, anulacion, cancelacion, exclusion…)",,,,
gestion,documento,tipo_inspeccion,String(50),,,,
gestion,documento,traspaso_info_1,String(300),,,,
gestion,documento,traspaso_info_2,String(300),,,,
gestion,documento,updated_at,DateTime(tz),,,,
gestion,documento,com_documentos,relationship(ONETOMANY),comunicacion.com_documento,,,
gestion,documento,comisiones_link,relationship(ONETOMANY),cruce_tablas.documentos_x_comision,,,
gestion,documento,contratante,relationship(MANYTOONE),datos.rut,,,
gestion,documento,cuotas,relationship(ONETOMANY),gestion.cuota,,,
gestion,documento,grupo_cliente,relationship(MANYTOONE),grupos.grupo_cliente,,,
gestion,documento,liquidaciones_link,relationship(ONETOMANY),cruce_tablas.documentos_x_liquidacion,,,
gestion,documento,materias,relationship(ONETOMANY),gestion.materia,,,
gestion,documento,partner,relationship(MANYTOONE),operaciones.partner,,,
gestion,documento,plan_pago,relationship(ONETOMANY),gestion.plan_pago,,,
gestion,documento,poliza,relationship(MANYTOONE),gestion.poliza,,,
gestion,documento,producto,relationship(MANYTOONE),operaciones.producto,,,
gestion,documento,solicitudes,relationship(ONETOMANY),gestion.solicitud,,,
gestion,materia,afecta_clp,"Numeric(14,2)",,,,
gestion,materia,afecta_uf,"Numeric(10,4)",,,,
gestion,materia,afecta_usd,"Numeric(10,2)",,,,
gestion,materia,asegurado_id,Integer,datos.rut,,,
gestion,materia,base_materia_id,Integer,grupos.grupo_materia,,,
gestion,materia,comentarios,Text,,,,
gestion,materia,contratante_id,Integer,datos.rut,,,
gestion,materia,created_at,DateTime(tz),,,,
gestion,materia,deducible,String(200),,,,
gestion,materia,documento_id,Integer,gestion.documento,,,
gestion,materia,exenta_clp,"Numeric(14,2)",,,,
gestion,materia,exenta_uf,"Numeric(10,4)",,,,
gestion,materia,exenta_usd,"Numeric(10,2)",,,,
gestion,materia,fecha_exclusion,Date,,,,
gestion,materia,grupo_cliente_id,Integer,grupos.grupo_cliente,,,
gestion,materia,id,Integer,,,,
gestion,materia,item,Integer,,,,
gestion,materia,monto_asegurado,"Numeric(14,2)",,,,
gestion,materia,poliza_id,Integer,gestion.poliza,,,
gestion,materia,seguro_id,Integer,operaciones.seguro,,,
gestion,materia,tasa_afecta,"Numeric(6,4)",,,,
gestion,materia,tasa_exenta,"Numeric(6,4)",,,,
gestion,materia,updated_at,DateTime(tz),,,,
gestion,materia,uso,String(60),,,,
gestion,materia,asegurado,relationship(MANYTOONE),datos.rut,,,
gestion,materia,base_materia,relationship(MANYTOONE),grupos.grupo_materia,,,
gestion,materia,contratante,relationship(MANYTOONE),datos.rut,,,
gestion,materia,documento,relationship(MANYTOONE),gestion.documento,,,
gestion,materia,envios_link,relationship(ONETOMANY),cruce_tablas.materias_x_envio,,,
gestion,materia,grupo_cliente,relationship(MANYTOONE),grupos.grupo_cliente,,,
gestion,materia,items_envio_link,relationship(ONETOMANY),cruce_tablas.items_x_envio_cliente,,,
gestion,materia,poliza,relationship(MANYTOONE),gestion.poliza,,,
gestion,materia,seguro,relationship(MANYTOONE),operaciones.seguro,,,
gestion,materia,siniestros,relationship(ONETOMANY),gestion.siniestro,,,
gestion,plan_pago,activo,Boolean,,,,
gestion,plan_pago,afecta_clp,"Numeric(14,2)",,,,
gestion,plan_pago,afecta_uf,"Numeric(10,4)",,,,
gestion,plan_pago,afecta_usd,"Numeric(10,2)",,,,
gestion,plan_pago,cargado_cuota,Boolean,,,,
gestion,plan_pago,comentarios,Text,,,,
gestion,plan_pago,created_at,DateTime(tz),,,,
gestion,plan_pago,documento_id,Integer,gestion.documento,,,
gestion,plan_pago,enviado,Boolean,,,,
gestion,plan_pago,exenta_clp,"Numeric(14,2)",,,,
gestion,plan_pago,exenta_uf,"Numeric(10,4)",,,,
gestion,plan_pago,exenta_usd,"Numeric(10,2)",,,,
gestion,plan_pago,fecha_documento,Date,,,,
gestion,plan_pago,firmado,Boolean,,,,
gestion,plan_pago,id,Integer,,,,
gestion,plan_pago,n_cuota_distinta,Integer,,,,
gestion,plan_pago,n_cuotas,Integer,,,,
gestion,plan_pago,n_plan_pago,String(50),,,,
gestion,plan_pago,pdf_url,String(500),,,,
gestion,plan_pago,poliza_id,Integer,gestion.poliza,,,
gestion,plan_pago,recibo_envio,String(200),,,,
gestion,plan_pago,valor_cuota,"Numeric(14,2)",,,,
gestion,plan_pago,valor_cuota_distinta,"Numeric(14,2)",,,,
gestion,plan_pago,vcto_cuota_0,Date,,,,
gestion,plan_pago,vcto_cuota_1,Date,,,,
gestion,plan_pago,com_planes_pago,relationship(ONETOMANY),comunicacion.com_plan_pago,,,
gestion,plan_pago,cuotas,relationship(ONETOMANY),gestion.cuota,,,
gestion,plan_pago,documento,relationship(MANYTOONE),gestion.documento,,,
gestion,plan_pago,poliza,relationship(MANYTOONE),gestion.poliza,,,
gestion,poliza,activa,Boolean,,,,
gestion,poliza,comentarios,Text,,,,
gestion,poliza,comision_flag,Boolean,,,,
gestion,poliza,compania_id,Integer,operaciones.compania,,,
gestion,poliza,contratante_id,Integer,datos.rut,,,
gestion,poliza,cotizacion_id,Integer,gestion.cotizacion,,,
gestion,poliza,created_at,DateTime(tz),,,,
gestion,poliza,ejecutivo_id,Integer,operaciones.ejecutivo,,,
gestion,poliza,estado,"Enum(vigente, vencida, anulada, renovada, suspendida)",,,,
gestion,poliza,estado_seguro,"Enum(pendiente, inspeccion, ok, cancelada, anulada)",,,,
gestion,poliza,fecha_cancelacion,Date,,,,
gestion,poliza,fecha_emision,Date,,,,
gestion,poliza,fecha_inicio,Date,,,,
gestion,poliza,fecha_termino,Date,,,,
gestion,poliza,forma_pago,"Enum(directa, pac, pat, anual, semestral, trimestral…)",,,,
gestion,poliza,grupo_cliente_id,Integer,grupos.grupo_cliente,,,
gestion,poliza,id,Integer,,,,
gestion,poliza,mandato,Boolean,,,,
gestion,poliza,moneda,"Enum(clp, uf, usd)",,,,
gestion,poliza,monto_comision,"Numeric(14,2)",,,,
gestion,poliza,n_cuotas,Integer,,,,
gestion,poliza,numero_cuotas,Integer,,,,
gestion,poliza,numero_poliza,String(50),,,,
gestion,poliza,pagador_id,Integer,datos.rut,,,
gestion,poliza,pago_activo,Boolean,,,,
gestion,poliza,pct_comision_afecta,"Numeric(5,2)",,,,
gestion,poliza,pct_comision_exenta,"Numeric(5,2)",,,,
gestion,poliza,poliza_anterior_id,Integer,gestion.poliza,,,
gestion,poliza,porcentaje_comision,"Numeric(5,2)",,,,
gestion,poliza,prima_neta,"Numeric(14,2)",,,,
gestion,poliza,prima_total,"Numeric(14,2)",,,,
gestion,poliza,producto_id,Integer,operaciones.producto,,,
gestion,poliza,ramo_id,Integer,operaciones.ramo,,,
gestion,poliza,recotizar,Boolean,,,,
gestion,poliza,renovar,Boolean,,,,
gestion,poliza,seguro_id,Integer,operaciones.seguro,,,
gestion,poliza,suma_asegurada,"Numeric(14,2)",,,,
gestion,poliza,updated_at,DateTime(tz),,,,
gestion,poliza,verificador_traspaso_id,Integer,gestion.registro,,,
gestion,poliza,com_polizas,relationship(ONETOMANY),comunicacion.com_poliza,,,
gestion,poliza,compania,relationship(MANYTOONE),operaciones.compania,,,
gestion,poliza,contratante,relationship(MANYTOONE),datos.rut,,,
gestion,poliza,cuotas,relationship(ONETOMANY),gestion.cuota,,,
gestion,poliza,documentos,relationship(ONETOMANY),gestion.documento,,,
gestion,poliza,ejecutivo,relationship(MANYTOONE),operaciones.ejecutivo,,,
gestion,poliza,grupo_cliente,relationship(MANYTOONE),grupos.grupo_cliente,,,
gestion,poliza,materias,relationship(ONETOMANY),gestion.materia,,,
gestion,poliza,pagador,relationship(MANYTOONE),datos.rut,,,
gestion,poliza,planes_pago,relationship(ONETOMANY),gestion.plan_pago,,,
gestion,poliza,producto,relationship(MANYTOONE),operaciones.producto,,,
gestion,poliza,ramo,relationship(MANYTOONE),operaciones.ramo,,,
gestion,poliza,recotizaciones,relationship(ONETOMANY),cruce_tablas.recotizaciones_x_poliza,,,
gestion,poliza,registros_link,relationship(ONETOMANY),cruce_tablas.registros_x_polizas,,,
gestion,poliza,seguro,relationship(MANYTOONE),operaciones.seguro,,,
gestion,poliza,siniestros,relationship(ONETOMANY),gestion.siniestro,,,
gestion,poliza,solicitudes,relationship(ONETOMANY),gestion.solicitud,,,
gestion,poliza,verificador_traspaso,relationship(MANYTOONE),gestion.registro,,,
gestion,registro,archivos,String(500),,,,
gestion,registro,asegurado_id,Integer,datos.rut,,,
gestion,registro,clp_prima_afecta,"Numeric(14,2)",,,,
gestion,registro,clp_prima_exenta,"Numeric(14,2)",,,,
gestion,registro,comentarios,Text,,,,
gestion,registro,compania_id,Integer,operaciones.compania,,,
gestion,registro,condiciones,Text,,,,
gestion,registro,contratante_id,Integer,datos.rut,,,
gestion,registro,cot_aceptada_id,Integer,gestion.cotizacion,,,
gestion,registro,created_at,DateTime(tz),,,,
gestion,registro,ejecutivo_id,Integer,operaciones.ejecutivo,,,
gestion,registro,estado_inclusion,String(50),,,,
gestion,registro,estado_negocio,"Enum(pendiente, ok, cerrado)",,,,
gestion,registro,estado_prospecto,"Enum(pendiente, aceptado, rechazado, cerrado)",,,,
gestion,registro,estado_renovacion,String(50),,,,
gestion,registro,estado_traspaso,String(50),,,,
gestion,registro,fecha_inicio_vigencia,Date,,,,
gestion,registro,fecha_registro,Date,,,,
gestion,registro,fin_gestion,Date,,,,
gestion,registro,forma_pago,"Enum(directa, pac, pat, anual, semestral, trimestral…)",,,,
gestion,registro,grupo_cliente_id,Integer,grupos.grupo_cliente,,,
gestion,registro,id,Integer,,,,
gestion,registro,moneda,"Enum(clp, uf, usd)",,,,
gestion,registro,n_cuotas,Integer,,,,
gestion,registro,n_inspeccion,String(50),,,,
gestion,registro,pagador_id,Integer,datos.rut,,,
gestion,registro,pct_comision_afecta,"Numeric(5,2)",,,,
gestion,registro,pct_comision_exenta,"Numeric(5,2)",,,,
gestion,registro,plan_id,Integer,operaciones.plan,,,
gestion,registro,poliza_id,Integer,gestion.poliza,,,
gestion,registro,producto_id,Integer,operaciones.producto,,,
gestion,registro,seguro_id,Integer,operaciones.seguro,,,
gestion,registro,tipo_inspeccion,String(50),,,,
gestion,registro,tipo_materia,"Enum(vehiculo, inmueble, vida_salud, otra)",,,,
gestion,registro,tipo_registro,"Enum(prospecto, negocio, renovacion, traspaso, inclusion)",,,,
gestion,registro,traspaso_info_1,String(300),,,,
gestion,registro,traspaso_info_2,String(300),,,,
gestion,registro,uf_prima_afecta,"Numeric(10,4)",,,,
gestion,registro,uf_prima_exenta,"Numeric(10,4)",,,,
gestion,registro,updated_at,DateTime(tz),,,,
gestion,registro,usd_prima_afecta,"Numeric(10,2)",,,,
gestion,registro,usd_prima_exenta,"Numeric(10,2)",,,,
gestion,registro,valor_cuota,"Numeric(14,2)",,,,
gestion,registro,asegurado,relationship(MANYTOONE),datos.rut,,,
gestion,registro,com_registros,relationship(ONETOMANY),comunicacion.com_registro,,,
gestion,registro,compania,relationship(MANYTOONE),operaciones.compania,,,
gestion,registro,contratante,relationship(MANYTOONE),datos.rut,,,
gestion,registro,cot_aceptada,relationship(MANYTOONE),gestion.cotizacion,,,
gestion,registro,cotizaciones,relationship(ONETOMANY),gestion.cotizacion,,,
gestion,registro,ejecutivo,relationship(MANYTOONE),operaciones.ejecutivo,,,
gestion,registro,grupo_cliente,relationship(MANYTOONE),grupos.grupo_cliente,,,
gestion,registro,materias_link,relationship(ONETOMANY),cruce_tablas.materias_x_registro,,,
gestion,registro,pagador,relationship(MANYTOONE),datos.rut,,,
gestion,registro,plan,relationship(MANYTOONE),operaciones.plan,,,
gestion,registro,poliza_directa,relationship(MANYTOONE),gestion.poliza,,,
gestion,registro,polizas_link,relationship(ONETOMANY),cruce_tablas.registros_x_polizas,,,
gestion,registro,producto,relationship(MANYTOONE),operaciones.producto,,,
gestion,registro,seguro,relationship(MANYTOONE),operaciones.seguro,,,
gestion,siniestro,carpeta,String(500),,,,
gestion,siniestro,comentarios,Text,,,,
gestion,siniestro,created_at,DateTime(tz),,,,
gestion,siniestro,denuncia,String(500),,,,
gestion,siniestro,estado_siniestro,String(50),,,,
gestion,siniestro,fecha_denuncia,Date,,,,
gestion,siniestro,fecha_siniestro,Date,,,,
gestion,siniestro,id,Integer,,,,
gestion,siniestro,materia_id,Integer,gestion.materia,,,
gestion,siniestro,monto,"Numeric(14,2)",,,,
gestion,siniestro,n_ref_liquidadora,String(50),,,,
gestion,siniestro,n_siniestro,String(50),,,,
gestion,siniestro,pago,String(50),,,,
gestion,siniestro,poliza_id,Integer,gestion.poliza,,,
gestion,siniestro,resolucion,String(300),,,,
gestion,siniestro,respaldo,String(500),,,,
gestion,siniestro,updated_at,DateTime(tz),,,,
gestion,siniestro,materia,relationship(MANYTOONE),gestion.materia,,,
gestion,siniestro,poliza,relationship(MANYTOONE),gestion.poliza,,,
gestion,solicitud,comentarios,Text,,,,
gestion,solicitud,compania_id,Integer,operaciones.compania,,,
gestion,solicitud,condiciones,Text,,,,
gestion,solicitud,contratante_id,Integer,datos.rut,,,
gestion,solicitud,cotizacion_id,Integer,gestion.cotizacion,,,
gestion,solicitud,created_at,DateTime(tz),,,,
gestion,solicitud,documento_id,Integer,gestion.documento,,,
gestion,solicitud,ejecutivo_id,Integer,operaciones.ejecutivo,,,
gestion,solicitud,fecha_emision,Date,,,,
gestion,solicitud,finalizada,Boolean,,,,
gestion,solicitud,glosa,String(300),,,,
gestion,solicitud,grupo_cliente_id,Integer,grupos.grupo_cliente,,,
gestion,solicitud,id,Integer,,,,
gestion,solicitud,item,Integer,,,,
gestion,solicitud,movimiento,String(60),,,,
gestion,solicitud,n_endoso,String(50),,,,
gestion,solicitud,poliza_id,Integer,gestion.poliza,,,
gestion,solicitud,producto_id,Integer,operaciones.producto,,,
gestion,solicitud,ramo_id,Integer,operaciones.ramo,,,
gestion,solicitud,recibo,String(200),,,,
gestion,solicitud,tipo,String(60),,,,
gestion,solicitud,updated_at,DateTime(tz),,,,
gestion,solicitud,compania,relationship(MANYTOONE),operaciones.compania,,,
gestion,solicitud,contratante,relationship(MANYTOONE),datos.rut,,,
gestion,solicitud,cotizacion,relationship(MANYTOONE),gestion.cotizacion,,,
gestion,solicitud,documento,relationship(MANYTOONE),gestion.documento,,,
gestion,solicitud,ejecutivo,relationship(MANYTOONE),operaciones.ejecutivo,,,
gestion,solicitud,grupo_cliente,relationship(MANYTOONE),grupos.grupo_cliente,,,
gestion,solicitud,poliza,relationship(MANYTOONE),gestion.poliza,,,
gestion,solicitud,producto,relationship(MANYTOONE),operaciones.producto,,,
gestion,solicitud,ramo,relationship(MANYTOONE),operaciones.ramo,,,
contabilidad,cartola,banco_id,Integer,operaciones.banco,,,
contabilidad,cartola,created_at,DateTime(tz),,,,
contabilidad,cartola,cta_cte_id,Integer,contabilidad.cta_cte,,,
contabilidad,cartola,desde,Date,,,,
contabilidad,cartola,hasta,Date,,,,
contabilidad,cartola,id,Integer,,,,
contabilidad,cartola,numero,String(50),,,,
contabilidad,cartola,pdf_url,String(500),,,,
contabilidad,cartola,banco,relationship(MANYTOONE),operaciones.banco,,,
contabilidad,cartola,cta_cte,relationship(MANYTOONE),contabilidad.cta_cte,,,
contabilidad,cierre_mensual,comentarios,Text,,,,
contabilidad,cierre_mensual,created_at,DateTime(tz),,,,
contabilidad,cierre_mensual,glosa,String(300),,,,
contabilidad,cierre_mensual,id,Integer,,,,
contabilidad,cierre_mensual,monto,"Numeric(14,2)",,,,
contabilidad,cierre_mensual,periodo,String(20),,,,
contabilidad,contable,afecta,"Numeric(14,2)",,,,
contabilidad,contable,bruto,"Numeric(14,2)",,,,
contabilidad,contable,comentarios,Text,,,,
contabilidad,contable,created_at,DateTime(tz),,,,
contabilidad,contable,cta_cte_id,Integer,contabilidad.cta_cte,,,
contabilidad,contable,doc_ingresado,Boolean,,,,
contabilidad,contable,estado_documento,String(50),,,,
contabilidad,contable,exenta,"Numeric(14,2)",,,,
contabilidad,contable,fecha,Date,,,,
contabilidad,contable,glosa,String(300),,,,
contabilidad,contable,grupo_entidad_id,Integer,grupos.grupo_entidad,,,
contabilidad,contable,id,Integer,,,,
contabilidad,contable,iva,"Numeric(14,2)",,,,
contabilidad,contable,liquido,"Numeric(14,2)",,,,
contabilidad,contable,n_ingreso,String(50),,,,
contabilidad,contable,numero,String(50),,,,
contabilidad,contable,origen_dinero,String(100),,,,
contabilidad,contable,previred,"Numeric(14,2)",,,,
contabilidad,contable,retencion,"Numeric(14,2)",,,,
contabilidad,contable,sueldo,"Numeric(14,2)",,,,
contabilidad,contable,tipo_compra,String(50),,,,
contabilidad,contable,tipo_documento,String(60),,,,
contabilidad,contable,tipo_factura,String(60),,,,
contabilidad,contable,tipo_movimiento,String(50),,,,
contabilidad,contable,total,"Numeric(14,2)",,,,
contabilidad,contable,comisiones_link,relationship(ONETOMANY),cruce_tablas.facturas_x_comision,,,
contabilidad,contable,cta_cte,relationship(MANYTOONE),contabilidad.cta_cte,,,
contabilidad,contable,grupo_entidad,relationship(MANYTOONE),grupos.grupo_entidad,,,
contabilidad,cta_cte,abonos,"Numeric(14,2)",,,,
contabilidad,cta_cte,banco_id,Integer,operaciones.banco,,,
contabilidad,cta_cte,cargos,"Numeric(14,2)",,,,
contabilidad,cta_cte,cartola_ref,String(200),,,,
contabilidad,cta_cte,categoria,String(100),,,,
contabilidad,cta_cte,created_at,DateTime(tz),,,,
contabilidad,cta_cte,descripcion,Text,,,,
contabilidad,cta_cte,detalle,String(300),,,,
contabilidad,cta_cte,fecha,Date,,,,
contabilidad,cta_cte,id,Integer,,,,
contabilidad,cta_cte,monto,"Numeric(14,2)",,,,
contabilidad,cta_cte,n_doc,String(50),,,,
contabilidad,cta_cte,n_identificador,String(60),,,,
contabilidad,cta_cte,rut_id,Integer,datos.rut,,,
contabilidad,cta_cte,saldo_diario,"Numeric(14,2)",,,,
contabilidad,cta_cte,tipo_ingreso,String(60),,,,
contabilidad,cta_cte,tipo_movimiento,String(60),,,,
contabilidad,cta_cte,tipo_transaccion,String(60),,,,
contabilidad,cta_cte,banco,relationship(MANYTOONE),operaciones.banco,,,
contabilidad,cta_cte,cartolas,relationship(ONETOMANY),contabilidad.cartola,,,
contabilidad,cta_cte,contables,relationship(ONETOMANY),contabilidad.contable,,,
contabilidad,cta_cte,rut,relationship(MANYTOONE),datos.rut,,,
contabilidad,fecu,comentarios,Text,,,,
contabilidad,fecu,compania_id,Integer,operaciones.compania,,,
contabilidad,fecu,created_at,DateTime(tz),,,,
contabilidad,fecu,glosa,String(300),,,,
contabilidad,fecu,id,Integer,,,,
contabilidad,fecu,monto,"Numeric(14,2)",,,,
contabilidad,fecu,periodo,String(20),,,,
contabilidad,fecu,tipo,String(50),,,,
contabilidad,fecu,compania,relationship(MANYTOONE),operaciones.compania,,,
contabilidad,fondo,comentarios,Text,,,,
contabilidad,fondo,created_at,DateTime(tz),,,,
contabilidad,fondo,fecha,Date,,,,
contabilidad,fondo,id,Integer,,,,
contabilidad,fondo,monto,"Numeric(14,2)",,,,
contabilidad,fondo,nombre,String(150),,,,
contabilidad,liquidacion,created_at,DateTime(tz),,,,
contabilidad,liquidacion,fecha,Date,,,,
contabilidad,liquidacion,fecha_pago,Date,,,,
contabilidad,liquidacion,glosa,String(300),,,,
contabilidad,liquidacion,id,Integer,,,,
contabilidad,liquidacion,monto_neto,"Numeric(14,2)",,,,
contabilidad,liquidacion,n_liquidacion,String(50),,,,
contabilidad,liquidacion,partner_id,Integer,operaciones.partner,,,
contabilidad,liquidacion,pdf_url,String(500),,,,
contabilidad,liquidacion,documentos_link,relationship(ONETOMANY),cruce_tablas.documentos_x_liquidacion,,,
contabilidad,liquidacion,partner,relationship(MANYTOONE),operaciones.partner,,,
contabilidad,pago_cliente,comentarios,Text,,,,
contabilidad,pago_cliente,created_at,DateTime(tz),,,,
contabilidad,pago_cliente,fecha,Date,,,,
contabilidad,pago_cliente,id,Integer,,,,
contabilidad,pago_cliente,medio_pago,String(60),,,,
contabilidad,pago_cliente,monto,"Numeric(14,2)",,,,
contabilidad,pago_cliente,referencia,String(100),,,,
contabilidad,pago_cliente,rut_id,Integer,datos.rut,,,
contabilidad,pago_cliente,rut,relationship(MANYTOONE),datos.rut,,,
contabilidad,ppm,base,"Numeric(14,2)",,,,
contabilidad,ppm,comentarios,Text,,,,
contabilidad,ppm,created_at,DateTime(tz),,,,
contabilidad,ppm,fecha_pago,Date,,,,
contabilidad,ppm,id,Integer,,,,
contabilidad,ppm,monto,"Numeric(14,2)",,,,
contabilidad,ppm,periodo,String(20),,,,
contabilidad,ppm,tasa,"Numeric(5,4)",,,,
contabilidad,presupuesto,categoria,String(100),,,,
contabilidad,presupuesto,comentarios,Text,,,,
contabilidad,presupuesto,created_at,DateTime(tz),,,,
contabilidad,presupuesto,id,Integer,,,,
contabilidad,presupuesto,monto_presupuestado,"Numeric(14,2)",,,,
contabilidad,presupuesto,monto_real,"Numeric(14,2)",,,,
contabilidad,presupuesto,periodo,String(20),,,,
contabilidad,presupuesto,variacion,"Numeric(14,2)",,,,
agenda,categoria,categoria,String(150),,,,
agenda,categoria,created_at,DateTime(tz),,,,
agenda,categoria,id,Integer,,,,
agenda,categoria,obligaciones,relationship(ONETOMANY),agenda.obligacion,,,
agenda,categoria,tareas,relationship(ONETOMANY),agenda.tarea,,,
agenda,obligacion,activa,Boolean,,,,
agenda,obligacion,categoria_id,Integer,agenda.categoria,,,
agenda,obligacion,compania_id,Integer,operaciones.compania,,,
agenda,obligacion,created_at,DateTime(tz),,,,
agenda,obligacion,descripcion,Text,,,,
agenda,obligacion,dia_del_mes,Integer,,,,
agenda,obligacion,dia_semana,String(15),,,,
agenda,obligacion,dias_anticipacion,Integer,,,,
agenda,obligacion,fecha_fin,Date,,,,
agenda,obligacion,fecha_inicio,Date,,,,
agenda,obligacion,frecuencia,String(30),,,,
agenda,obligacion,gestor_id,Integer,operaciones.gestor,,,
agenda,obligacion,grupo_entidad_id,Integer,grupos.grupo_entidad,,,
agenda,obligacion,id,Integer,,,,
agenda,obligacion,intervalo,Integer,,,,
agenda,obligacion,mes_del_anio,Integer,,,,
agenda,obligacion,nombre,String(200),,,,
agenda,obligacion,partner_id,Integer,operaciones.partner,,,
agenda,obligacion,poliza_id,Integer,gestion.poliza,,,
agenda,obligacion,prioridad,String(20),,,,
agenda,obligacion,ultima_generacion,Date,,,,
agenda,obligacion,updated_at,DateTime(tz),,,,
agenda,obligacion,categoria,relationship(MANYTOONE),agenda.categoria,,,
agenda,obligacion,compania,relationship(MANYTOONE),operaciones.compania,,,
agenda,obligacion,gestor,relationship(MANYTOONE),operaciones.gestor,,,
agenda,obligacion,grupo_entidad,relationship(MANYTOONE),grupos.grupo_entidad,,,
agenda,obligacion,partner,relationship(MANYTOONE),operaciones.partner,,,
agenda,obligacion,poliza,relationship(MANYTOONE),gestion.poliza,,,
agenda,obligacion,tareas,relationship(ONETOMANY),agenda.tarea,,,
agenda,tarea,activo,Boolean,,,,
agenda,tarea,categoria_id,Integer,agenda.categoria,,,
agenda,tarea,compania_id,Integer,operaciones.compania,,,
agenda,tarea,completado,Boolean,,,,
agenda,tarea,created_at,DateTime(tz),,,,
agenda,tarea,descripcion,Text,,,,
agenda,tarea,dias_anticipacion,Integer,,,,
agenda,tarea,fecha_completado,Date,,,,
agenda,tarea,fecha_fin,Date,,,,
agenda,tarea,fecha_inicio,Date,,,,
agenda,tarea,fecha_vencimiento,Date,,,,
agenda,tarea,gestor_id,Integer,operaciones.gestor,,,
agenda,tarea,grupo_entidad_id,Integer,grupos.grupo_entidad,,,
agenda,tarea,id,Integer,,,,
agenda,tarea,obligacion_id,Integer,agenda.obligacion,,,
agenda,tarea,partner_id,Integer,operaciones.partner,,,
agenda,tarea,poliza_id,Integer,gestion.poliza,,,
agenda,tarea,prioridad,String(20),,,,
agenda,tarea,tipo,String(60),,,,
agenda,tarea,titulo,String(200),,,,
agenda,tarea,updated_at,DateTime(tz),,,,
agenda,tarea,categoria,relationship(MANYTOONE),agenda.categoria,,,
agenda,tarea,compania,relationship(MANYTOONE),operaciones.compania,,,
agenda,tarea,gestor,relationship(MANYTOONE),operaciones.gestor,,,
agenda,tarea,grupo_entidad,relationship(MANYTOONE),grupos.grupo_entidad,,,
agenda,tarea,obligacion,relationship(MANYTOONE),agenda.obligacion,,,
agenda,tarea,partner,relationship(MANYTOONE),operaciones.partner,,,
agenda,tarea,poliza,relationship(MANYTOONE),gestion.poliza,,,
comunicacion,com_cliente,asunto,String(300),,,,
comunicacion,com_cliente,cargar,Boolean,,,,
comunicacion,com_cliente,cc_correos,String(300),,,,
comunicacion,com_cliente,cc_envio,String(300),,,,
comunicacion,com_cliente,comentarios,Text,,,,
comunicacion,com_cliente,correo_cliente,String(150),,,,
comunicacion,com_cliente,created_at,DateTime(tz),,,,
comunicacion,com_cliente,cuerpo_final,Text,,,,
comunicacion,com_cliente,cuerpo_inicial,Text,,,,
comunicacion,com_cliente,enviado,Boolean,,,,
comunicacion,com_cliente,estado,String(50),,,,
comunicacion,com_cliente,fecha,Date,,,,
comunicacion,com_cliente,grupo_cliente_id,Integer,grupos.grupo_cliente,,,
comunicacion,com_cliente,html,Text,,,,
comunicacion,com_cliente,id,Integer,,,,
comunicacion,com_cliente,impresion,String(500),,,,
comunicacion,com_cliente,n_envios,Integer,,,,
comunicacion,com_cliente,pdf_url,String(500),,,,
comunicacion,com_cliente,respuesta,Text,,,,
comunicacion,com_cliente,tipo_envio,String(60),,,,
comunicacion,com_cliente,grupo_cliente,relationship(MANYTOONE),grupos.grupo_cliente,,,
comunicacion,com_cliente,items_link,relationship(ONETOMANY),cruce_tablas.items_x_envio_cliente,,,
comunicacion,com_cobranza,asunto,String(300),,,,
comunicacion,com_cobranza,cobranza_id,Integer,gestion.cobranza,,,
comunicacion,com_cobranza,comentarios,Text,,,,
comunicacion,com_cobranza,contratante_id,Integer,datos.rut,,,
comunicacion,com_cobranza,created_at,DateTime(tz),,,,
comunicacion,com_cobranza,cuerpo,Text,,,,
comunicacion,com_cobranza,enviado,Boolean,,,,
comunicacion,com_cobranza,fecha,Date,,,,
comunicacion,com_cobranza,grupo_cliente_id,Integer,grupos.grupo_cliente,,,
comunicacion,com_cobranza,id,Integer,,,,
comunicacion,com_cobranza,cobranza,relationship(MANYTOONE),gestion.cobranza,,,
comunicacion,com_comision,asunto,String(300),,,,
comunicacion,com_comision,comentarios,Text,,,,
comunicacion,com_comision,comision_id,Integer,gestion.comision,,,
comunicacion,com_comision,created_at,DateTime(tz),,,,
comunicacion,com_comision,cuerpo,Text,,,,
comunicacion,com_comision,enviado,Boolean,,,,
comunicacion,com_comision,fecha,Date,,,,
comunicacion,com_comision,id,Integer,,,,
comunicacion,com_comision,comision,relationship(MANYTOONE),gestion.comision,,,
comunicacion,com_documento,asunto,String(300),,,,
comunicacion,com_documento,cargar,Boolean,,,,
comunicacion,com_documento,cc_correos,String(300),,,,
comunicacion,com_documento,cc_envio,String(300),,,,
comunicacion,com_documento,comentarios,Text,,,,
comunicacion,com_documento,correo_destinatario,String(200),,,,
comunicacion,com_documento,created_at,DateTime(tz),,,,
comunicacion,com_documento,cuerpo_final,Text,,,,
comunicacion,com_documento,cuerpo_inicial,Text,,,,
comunicacion,com_documento,documento_id,Integer,gestion.documento,,,
comunicacion,com_documento,enviado,Boolean,,,,
comunicacion,com_documento,fecha,Date,,,,
comunicacion,com_documento,html,Text,,,,
comunicacion,com_documento,id,Integer,,,,
comunicacion,com_documento,impresion,String(500),,,,
comunicacion,com_documento,n_envios,Integer,,,,
comunicacion,com_documento,pdf_url,String(500),,,,
comunicacion,com_documento,respuesta,Text,,,,
comunicacion,com_documento,documento,relationship(MANYTOONE),gestion.documento,,,
comunicacion,com_liquidacion,asunto,String(300),,,,
comunicacion,com_liquidacion,comentarios,Text,,,,
comunicacion,com_liquidacion,created_at,DateTime(tz),,,,
comunicacion,com_liquidacion,cuerpo,Text,,,,
comunicacion,com_liquidacion,enviado,Boolean,,,,
comunicacion,com_liquidacion,fecha,Date,,,,
comunicacion,com_liquidacion,id,Integer,,,,
comunicacion,com_liquidacion,partner_id,Integer,operaciones.partner,,,
comunicacion,com_materia,asunto,String(300),,,,
comunicacion,com_materia,comentarios,Text,,,,
comunicacion,com_materia,created_at,DateTime(tz),,,,
comunicacion,com_materia,cuerpo,Text,,,,
comunicacion,com_materia,enviado,Boolean,,,,
comunicacion,com_materia,fecha,Date,,,,
comunicacion,com_materia,id,Integer,,,,
comunicacion,com_materia,materias_link,relationship(ONETOMANY),cruce_tablas.materias_x_envio,,,
comunicacion,com_otros,asunto,String(300),,,,
comunicacion,com_otros,comentarios,Text,,,,
comunicacion,com_otros,created_at,DateTime(tz),,,,
comunicacion,com_otros,cuerpo,Text,,,,
comunicacion,com_otros,destinatario_id,Integer,grupos.grupo_entidad,,,
comunicacion,com_otros,enviado,Boolean,,,,
comunicacion,com_otros,fecha,Date,,,,
comunicacion,com_otros,id,Integer,,,,
comunicacion,com_plan_pago,asunto,String(300),,,,
comunicacion,com_plan_pago,comentarios,Text,,,,
comunicacion,com_plan_pago,created_at,DateTime(tz),,,,
comunicacion,com_plan_pago,cuerpo,Text,,,,
comunicacion,com_plan_pago,enviado,Boolean,,,,
comunicacion,com_plan_pago,fecha,Date,,,,
comunicacion,com_plan_pago,id,Integer,,,,
comunicacion,com_plan_pago,plan_pago_id,Integer,gestion.plan_pago,,,
comunicacion,com_plan_pago,plan_pago,relationship(MANYTOONE),gestion.plan_pago,,,
comunicacion,com_poliza,asunto,String(300),,,,
comunicacion,com_poliza,comentarios,Text,,,,
comunicacion,com_poliza,created_at,DateTime(tz),,,,
comunicacion,com_poliza,cuerpo,Text,,,,
comunicacion,com_poliza,enviado,Boolean,,,,
comunicacion,com_poliza,fecha,Date,,,,
comunicacion,com_poliza,id,Integer,,,,
comunicacion,com_poliza,poliza_id,Integer,gestion.poliza,,,
comunicacion,com_poliza,poliza,relationship(MANYTOONE),gestion.poliza,,,
comunicacion,com_registro,asunto,String(300),,,,
comunicacion,com_registro,cargar,Boolean,,,,
comunicacion,com_registro,cc_correos,String(300),,,,
comunicacion,com_registro,cc_envio,String(300),,,,
comunicacion,com_registro,comentarios,Text,,,,
comunicacion,com_registro,correo_destinatario,String(200),,,,
comunicacion,com_registro,created_at,DateTime(tz),,,,
comunicacion,com_registro,cuerpo_final,Text,,,,
comunicacion,com_registro,cuerpo_inicial,Text,,,,
comunicacion,com_registro,enviado,Boolean,,,,
comunicacion,com_registro,fecha,Date,,,,
comunicacion,com_registro,id,Integer,,,,
comunicacion,com_registro,n_envios,Integer,,,,
comunicacion,com_registro,registro_id,Integer,gestion.registro,,,
comunicacion,com_registro,respuesta,Text,,,,
comunicacion,com_registro,registro,relationship(MANYTOONE),gestion.registro,,,
cruce_tablas,coberturas_x_productos,cobertura_id,Integer,operaciones.cobertura,,,
cruce_tablas,coberturas_x_productos,id,Integer,,,,
cruce_tablas,coberturas_x_productos,producto_id,Integer,operaciones.producto,,,
cruce_tablas,coberturas_x_productos,cobertura,relationship(MANYTOONE),operaciones.cobertura,,,
cruce_tablas,coberturas_x_productos,producto,relationship(MANYTOONE),operaciones.producto,,,
cruce_tablas,cuotas_x_cobranza,cobranza_id,Integer,gestion.cobranza,,,
cruce_tablas,cuotas_x_cobranza,cuota_id,Integer,gestion.cuota,,,
cruce_tablas,cuotas_x_cobranza,grupo_cliente_id,Integer,grupos.grupo_cliente,,,
cruce_tablas,cuotas_x_cobranza,id,Integer,,,,
cruce_tablas,cuotas_x_cobranza,cobranza,relationship(MANYTOONE),gestion.cobranza,,,
cruce_tablas,cuotas_x_cobranza,cuota,relationship(MANYTOONE),gestion.cuota,,,
cruce_tablas,documentos_x_comision,afecto_clp,"Numeric(14,2)",,,,
cruce_tablas,documentos_x_comision,afecto_uf,"Numeric(10,4)",,,,
cruce_tablas,documentos_x_comision,afecto_usd,"Numeric(10,2)",,,,
cruce_tablas,documentos_x_comision,cambio_uf,"Numeric(10,4)",,,,
cruce_tablas,documentos_x_comision,cambio_usd,"Numeric(10,2)",,,,
cruce_tablas,documentos_x_comision,comision_id,Integer,gestion.comision,,,
cruce_tablas,documentos_x_comision,documento_id,Integer,gestion.documento,,,
cruce_tablas,documentos_x_comision,exento_clp,"Numeric(14,2)",,,,
cruce_tablas,documentos_x_comision,exento_uf,"Numeric(10,4)",,,,
cruce_tablas,documentos_x_comision,exento_usd,"Numeric(10,2)",,,,
cruce_tablas,documentos_x_comision,id,Integer,,,,
cruce_tablas,documentos_x_comision,tipo,String(50),,,,
cruce_tablas,documentos_x_comision,comision,relationship(MANYTOONE),gestion.comision,,,
cruce_tablas,documentos_x_comision,documento,relationship(MANYTOONE),gestion.documento,,,
cruce_tablas,documentos_x_liquidacion,documento_id,Integer,gestion.documento,,,
cruce_tablas,documentos_x_liquidacion,id,Integer,,,,
cruce_tablas,documentos_x_liquidacion,liquidacion_id,Integer,contabilidad.liquidacion,,,
cruce_tablas,documentos_x_liquidacion,documento,relationship(MANYTOONE),gestion.documento,,,
cruce_tablas,documentos_x_liquidacion,liquidacion,relationship(MANYTOONE),contabilidad.liquidacion,,,
cruce_tablas,facturas_x_comision,comision_id,Integer,gestion.comision,,,
cruce_tablas,facturas_x_comision,contable_id,Integer,contabilidad.contable,,,
cruce_tablas,facturas_x_comision,id,Integer,,,,
cruce_tablas,facturas_x_comision,comision,relationship(MANYTOONE),gestion.comision,,,
cruce_tablas,facturas_x_comision,contable,relationship(MANYTOONE),contabilidad.contable,,,
cruce_tablas,items_x_envio_cliente,com_cliente_id,Integer,comunicacion.com_cliente,,,
cruce_tablas,items_x_envio_cliente,id,Integer,,,,
cruce_tablas,items_x_envio_cliente,materia_id,Integer,gestion.materia,,,
cruce_tablas,items_x_envio_cliente,poliza_id,Integer,gestion.poliza,,,
cruce_tablas,items_x_envio_cliente,registro_id,Integer,gestion.registro,,,
cruce_tablas,items_x_envio_cliente,com_cliente,relationship(MANYTOONE),comunicacion.com_cliente,,,
cruce_tablas,items_x_envio_cliente,materia,relationship(MANYTOONE),gestion.materia,,,
cruce_tablas,items_x_envio_cliente,poliza,relationship(MANYTOONE),gestion.poliza,,,
cruce_tablas,items_x_envio_cliente,registro,relationship(MANYTOONE),gestion.registro,,,
cruce_tablas,materias_x_envio,com_materias_id,Integer,comunicacion.com_materia,,,
cruce_tablas,materias_x_envio,id,Integer,,,,
cruce_tablas,materias_x_envio,materia_id,Integer,gestion.materia,,,
cruce_tablas,materias_x_envio,com_materia,relationship(MANYTOONE),comunicacion.com_materia,,,
cruce_tablas,materias_x_envio,materia,relationship(MANYTOONE),gestion.materia,,,
cruce_tablas,materias_x_registro,asegurado_id,Integer,datos.rut,,,
cruce_tablas,materias_x_registro,grupo_materia_id,Integer,grupos.grupo_materia,,,
cruce_tablas,materias_x_registro,id,Integer,,,,
cruce_tablas,materias_x_registro,registro_id,Integer,gestion.registro,,,
cruce_tablas,materias_x_registro,asegurado,relationship(MANYTOONE),datos.rut,,,
cruce_tablas,materias_x_registro,grupo_materia,relationship(MANYTOONE),grupos.grupo_materia,,,
cruce_tablas,materias_x_registro,registro,relationship(MANYTOONE),gestion.registro,,,
cruce_tablas,recotizaciones_x_poliza,comentarios,Text,,,,
cruce_tablas,recotizaciones_x_poliza,cotizacion_id,Integer,gestion.cotizacion,,,
cruce_tablas,recotizaciones_x_poliza,id,Integer,,,,
cruce_tablas,recotizaciones_x_poliza,poliza_id,Integer,gestion.poliza,,,
cruce_tablas,recotizaciones_x_poliza,cotizacion,relationship(MANYTOONE),gestion.cotizacion,,,
cruce_tablas,recotizaciones_x_poliza,poliza,relationship(MANYTOONE),gestion.poliza,,,
cruce_tablas,registros_x_polizas,cotizacion_id,Integer,gestion.cotizacion,,,
cruce_tablas,registros_x_polizas,id,Integer,,,,
cruce_tablas,registros_x_polizas,poliza_id,Integer,gestion.poliza,,,
cruce_tablas,registros_x_polizas,registro_id,Integer,gestion.registro,,,
cruce_tablas,registros_x_polizas,cotizacion,relationship(MANYTOONE),gestion.cotizacion,,,
cruce_tablas,registros_x_polizas,poliza,relationship(MANYTOONE),gestion.poliza,,,
cruce_tablas,registros_x_polizas,registro,relationship(MANYTOONE),gestion.registro,,,
cruce_tablas,seguros_x_cia,compania_id,Integer,operaciones.compania,,,
cruce_tablas,seguros_x_cia,id,Integer,,,,
cruce_tablas,seguros_x_cia,seguro_id,Integer,operaciones.seguro,,,
cruce_tablas,seguros_x_cia,compania,relationship(MANYTOONE),operaciones.compania,,,
cruce_tablas,seguros_x_cia,seguro,relationship(MANYTOONE),operaciones.seguro,,,
cruce_tablas,valores_x_cotizacion,cambio_moneda,"Numeric(10,4)",,,,
cruce_tablas,valores_x_cotizacion,clp_cuota,"Numeric(14,2)",,,,
cruce_tablas,valores_x_cotizacion,clp_prima_afecta,"Numeric(14,2)",,,,
cruce_tablas,valores_x_cotizacion,clp_prima_exenta,"Numeric(14,2)",,,,
cruce_tablas,valores_x_cotizacion,cotizacion_id,Integer,gestion.cotizacion,,,
cruce_tablas,valores_x_cotizacion,id,Integer,,,,
cruce_tablas,valores_x_cotizacion,plan_id,Integer,operaciones.plan,,,
cruce_tablas,valores_x_cotizacion,tasa_afecta,"Numeric(6,4)",,,,
cruce_tablas,valores_x_cotizacion,tasa_exenta,"Numeric(6,4)",,,,
cruce_tablas,valores_x_cotizacion,uf_cuota,"Numeric(10,4)",,,,
cruce_tablas,valores_x_cotizacion,uf_prima_afecta,"Numeric(10,4)",,,,
cruce_tablas,valores_x_cotizacion,uf_prima_exenta,"Numeric(10,4)",,,,
cruce_tablas,valores_x_cotizacion,usd_cuota,"Numeric(10,2)",,,,
cruce_tablas,valores_x_cotizacion,usd_prima_afecta,"Numeric(10,2)",,,,
cruce_tablas,valores_x_cotizacion,usd_prima_exenta,"Numeric(10,2)",,,,
cruce_tablas,valores_x_cotizacion,plan,relationship(MANYTOONE),operaciones.plan,,,
configuracion,parametro,clave,String(100),,,,
configuracion,parametro,descripcion,String(300),,,,
configuracion,parametro,id,Integer,,,,
configuracion,parametro,updated_at,DateTime(tz),,,,
configuracion,parametro,valor,Text,,,,
configuracion,usuario,activo,Boolean,,,,
configuracion,usuario,created_at,DateTime(tz),,,,
configuracion,usuario,email,String(150),,,,
configuracion,usuario,hashed_password,String(200),,,,
configuracion,usuario,id,Integer,,,,
configuracion,usuario,nombre,String(100),,,,
configuracion,usuario,rol,"Enum(admin, ejecutivo, supervisor, readonly)",,,,
configuracion,usuario,updated_at,DateTime(tz),,,,
configuracion,valor_uf,created_at,DateTime(tz),,,,
configuracion,valor_uf,fecha,Date,,,,
configuracion,valor_uf,id,Integer,,,,
configuracion,valor_uf,valor,"Numeric(12,2)",,,,
